city,area_sqft,bedrooms,bathrooms,age_years,parking,furnishing,floor,total_floors,gym,swimming_pool,security,near_school,near_hospital,near_market,price
Pune,895.4006443801969,1,1,5.839126612564262,1,Semi Furnished,Ground,2,0,0,1,1,1,1,8326433.0
Chennai,1528.3708416484096,3,1,18.40549169537289,1,Semi Furnished,Mid,4,0,0,0,0,0,1,11185277.0
Ahmedabad,1556.7280200282762,3,1,46.392299855753485,1,Semi Furnished,Ground,1,0,0,0,1,1,1,8128740.0
Kolkata,1592.9188144513764,3,2,10.658943859903408,0,Semi Furnished,Ground,4,1,0,0,1,1,1,12561542.0
Pune,1959.935757977215,3,2,10.624986184058299,1,Unfurnished,Ground,2,0,0,2,0,1,0,16147542.0
Lucknow,2009.461620044949,2,2,1.870688867509294,0,Fully Furnished,Top,3,0,0,2,0,0,0,16849928.0
Bangalore,1202.8945638091668,3,2,7.421222335763116,2,Semi Furnished,Top,5,0,0,0,0,1,0,15167955.0
Pune,1191.9282709755282,4,2,28.705341434264415,1,Unfurnished,Top,3,1,0,0,0,0,1,10024792.0
Ahmedabad,979.9006445222634,2,2,2.1772336383823268,2,Unfurnished,Top,3,0,0,2,0,0,0,7396259.0
Kolkata,1849.4078351402381,3,2,37.42510581445236,1,Semi Furnished,Top,1,0,0,0,1,1,0,12183436.0
Chennai,2224.4100541688576,2,3,16.50813589923296,1,Unfurnished,Top,2,0,1,0,1,1,1,21671450.0
Ahmedabad,1342.4590360455384,2,1,8.195751514714459,0,Unfurnished,Top,1,1,0,0,1,0,0,9670191.0
Ahmedabad,1379.2847176375035,3,3,11.861347832531466,1,Unfurnished,Mid,4,1,0,2,0,1,1,9537609.0
Bangalore,2233.391278449488,3,1,2.446550169467334,0,Fully Furnished,Top,3,0,0,0,1,1,0,31655517.125
Hyderabad,1752.7789266075038,2,3,3.6786000925956306,1,Semi Furnished,Ground,2,0,0,0,1,1,0,14953503.0
Kolkata,1718.1178524005275,3,3,5.061667605244049,0,Fully Furnished,Mid,2,0,0,2,1,0,0,18393118.0
Delhi,904.5417470131366,5,3,7.288242421851953,1,Unfurnished,Top,4,0,0,1,1,0,0,11967829.0
Ahmedabad,1839.3640346397094,4,3,37.06896111415201,2,Unfurnished,Top,2,1,1,1,0,0,0,12873741.0
Hyderabad,1035.431829745121,4,1,6.872762920729646,1,Unfurnished,Ground,2,0,0,2,1,1,1,8278627.0
Delhi,932.9899070325209,3,2,11.129870264981305,0,Fully Furnished,Ground,3,0,0,1,1,1,1,12742632.0
Kolkata,1326.6142116166438,3,2,2.651525967946199,1,Semi Furnished,Ground,2,0,0,1,0,1,1,11253767.0
Mumbai,1207.103638275655,3,2,19.975570047319977,2,Unfurnished,Mid,2,1,0,1,1,0,0,15608987.0
Lucknow,1389.2001528074804,2,2,12.32428573798737,1,Fully Furnished,Mid,5,1,0,1,0,0,1,10124166.0
Hyderabad,779.5091827375406,3,2,8.694798829570392,0,Fully Furnished,Mid,3,0,0,0,0,0,0,7070475.0
Jaipur,1979.4081532338362,3,1,44.11481680489166,1,Fully Furnished,Mid,3,1,0,1,1,0,1,12133943.0
Mumbai,2063.8431472582142,2,2,33.19813877282798,1,Fully Furnished,Ground,3,1,1,1,0,1,1,29715599.0
Lucknow,526.3287629295928,4,2,16.160598888161164,0,Semi Furnished,Ground,2,0,0,0,0,1,0,2968105.0
Bangalore,1989.228902833275,2,2,38.22966435779194,1,Unfurnished,Ground,4,0,0,1,1,1,0,15650817.0
Pune,1094.735685089187,3,4,12.478616292294294,1,Unfurnished,Ground,2,1,0,1,0,0,0,9743196.0
Chennai,1928.4877684913931,2,2,26.311506983602246,0,Semi Furnished,Ground,4,0,0,2,0,0,0,12954585.0
Jaipur,1465.7767536667923,3,2,7.90077276690605,1,Unfurnished,Top,2,0,0,2,0,0,1,10315801.0
Bangalore,1514.3877820404994,1,2,1.3610887936294331,2,Fully Furnished,Ground,5,1,0,0,0,0,1,18847943.0
Kolkata,1407.4511752893907,2,3,77.11608810997001,1,Unfurnished,Ground,4,0,0,1,0,1,1,7680419.0
Bangalore,2106.064602116743,3,1,2.7162022897038023,0,Fully Furnished,Top,2,0,0,1,0,0,1,28053294.0
Pune,880.2059937374859,3,4,4.345462315740932,1,Semi Furnished,Mid,2,1,0,0,0,0,1,9995843.0
Kolkata,1803.9201693675043,3,2,2.6708210989113055,0,Unfurnished,Ground,1,0,1,0,0,0,0,14217803.0
Jaipur,2050.665082444775,2,2,6.175557080117392,2,Unfurnished,Top,2,0,0,2,0,1,1,14573016.0
Pune,1858.1700402702054,3,4,5.122153896483629,2,Semi Furnished,Top,3,0,0,0,0,0,0,21100442.0
Delhi,2662.349457161709,3,3,13.785752354417331,2,Fully Furnished,Top,3,0,0,2,1,0,1,31655517.125
Chennai,1235.5266186376507,3,2,80.0,1,Unfurnished,Top,3,0,0,1,0,1,1,8732404.0
Jaipur,1978.6524112967656,4,1,0.8090684896789784,1,Fully Furnished,Mid,1,1,0,1,0,0,1,17285271.0
Delhi,1446.9546823292899,3,3,22.606138464149357,2,Unfurnished,Mid,1,1,0,1,1,0,0,15761502.0
Lucknow,2116.7030381763348,3,2,2.0543489117145697,0,Semi Furnished,Mid,3,0,0,1,1,1,1,13377260.0
Jaipur,1496.1555021393153,4,2,0.3005156891018213,0,Unfurnished,Ground,4,0,0,2,0,0,0,11024417.0
Lucknow,1306.0621090687653,4,2,15.265586456149506,1,Fully Furnished,Top,2,1,1,2,1,1,1,12848107.0
Kolkata,2153.0361019358143,5,2,30.990800927469785,2,Unfurnished,Ground,2,0,0,0,0,0,1,12203288.0
Delhi,1254.219030490535,3,3,2.9092062008490496,1,Semi Furnished,Top,2,1,0,1,1,1,1,22262817.0
Chennai,793.6371205497219,3,2,6.269453496223791,1,Fully Furnished,Top,3,1,0,1,1,0,1,10145911.0
Pune,1241.5765584130856,2,3,2.7723739904100104,1,Semi Furnished,Mid,3,0,0,0,1,0,0,12634446.0
Ahmedabad,1809.5164732942662,3,2,35.54812201613925,1,Fully Furnished,Mid,3,0,0,0,0,0,0,11473226.0
Bangalore,2196.019375793546,5,1,4.728069147141827,0,Fully Furnished,Ground,4,0,1,0,0,0,0,31655517.125
Mumbai,1555.564687648256,3,2,8.824049793210508,1,Unfurnished,Top,3,1,0,1,1,1,1,24287097.0
Chennai,2159.0985336170124,4,3,33.77000886274513,1,Semi Furnished,Top,2,0,0,1,0,0,1,19749783.0
Delhi,820.9125392612033,3,4,12.073561772072814,1,Semi Furnished,Ground,2,1,0,1,1,1,0,10857386.0
Ahmedabad,1278.3682675910486,3,3,40.51235083587498,1,Unfurnished,Mid,3,1,0,0,0,1,0,7260475.0
Chennai,1355.7124414229495,4,2,39.14693204357668,1,Fully Furnished,Top,4,0,1,1,1,1,0,14603672.0
Delhi,1442.7202862637403,4,4,9.28733092437366,2,Unfurnished,Top,4,0,0,1,1,1,1,22208706.0
Hyderabad,1542.0471941250983,5,3,13.097844106583858,1,Semi Furnished,Top,2,0,0,0,1,0,1,17024334.0
Hyderabad,1845.4554786960964,4,2,3.9265949269272142,1,Fully Furnished,Mid,1,1,0,1,1,1,1,24071483.0
Lucknow,1277.596580914755,3,2,69.9036150956081,1,Semi Furnished,Mid,4,1,0,1,0,0,0,6860243.0
Chennai,1569.5143434765628,3,2,4.8925323618758165,2,Fully Furnished,Ground,2,0,0,2,1,0,1,18065733.0
Hyderabad,1477.4385548379742,4,2,22.939104273276538,1,Fully Furnished,Mid,4,0,0,0,1,1,1,13534764.0
Delhi,1037.055048054425,3,4,5.630639274145965,0,Unfurnished,Mid,3,0,0,2,0,0,0,13946027.0
Lucknow,1443.1666554592823,2,1,5.632237582832494,1,Semi Furnished,Ground,3,0,0,1,1,0,0,8044740.0
Delhi,1428.1702350514408,3,2,1.6449284117296348,0,Unfurnished,Ground,2,0,0,1,1,1,0,17750264.0
Lucknow,1417.459717498477,3,2,12.31115679685325,0,Unfurnished,Top,3,1,0,2,0,1,0,9613947.0
Chennai,1515.8797282907253,2,2,4.21223228523538,1,Unfurnished,Mid,4,0,0,0,1,0,0,11886520.0
Ahmedabad,1537.836770306693,3,3,2.4094828533763204,2,Semi Furnished,Ground,3,1,0,1,1,1,1,12707065.0
Pune,1283.852410446335,2,2,3.855677085043638,1,Semi Furnished,Ground,3,0,0,0,0,1,1,11496129.0
Jaipur,2136.3573669856323,3,2,4.337110176788055,0,Fully Furnished,Top,4,1,0,1,0,0,1,18437692.0
Ahmedabad,915.2596853984917,4,4,10.520214370794625,0,Fully Furnished,Mid,3,1,0,0,0,1,1,8563123.0
Kolkata,1139.5149457650518,3,3,7.314525165914622,1,Fully Furnished,Top,4,0,0,2,0,1,1,12914904.0
Delhi,2858.437593116735,4,2,1.1773757328659422,1,Fully Furnished,Mid,1,0,0,0,1,0,1,31655517.125
Kolkata,981.0043225053851,3,2,11.518984945829574,2,Unfurnished,Ground,4,0,0,2,1,0,0,7342098.0
Ahmedabad,823.1226626451207,5,2,23.24967670820745,2,Fully Furnished,Top,2,1,0,1,0,1,1,7244565.0
Lucknow,1867.2383725006089,2,3,12.808021590154647,2,Semi Furnished,Mid,2,1,0,2,1,0,1,14796717.0
Jaipur,461.4400731130629,1,3,55.0598489050479,1,Fully Furnished,Ground,1,0,0,0,0,0,0,2414218.0
Jaipur,1382.3630450137805,4,2,1.5662512196080853,1,Semi Furnished,Top,4,0,1,0,1,1,1,13526530.0
Mumbai,2572.912462538244,4,3,25.818313182386312,0,Unfurnished,Top,1,1,0,0,0,0,1,31095446.0
Jaipur,727.5320389232998,2,1,10.568967442804361,0,Unfurnished,Ground,5,0,0,1,0,1,0,3467773.0
Pune,509.0177571306433,5,1,11.059469940217102,0,Semi Furnished,Mid,3,0,0,0,1,0,1,4828955.0
Jaipur,750.4093990211509,3,2,10.98143692209829,0,Unfurnished,Mid,3,0,0,2,0,1,1,4441271.0
Ahmedabad,1949.1797841734929,5,2,5.902725560056735,0,Semi Furnished,Top,3,0,0,0,1,1,1,16321491.0
Mumbai,2062.3883599929063,3,1,5.885753507235637,2,Semi Furnished,Ground,2,0,0,0,1,1,0,28892265.0
Ahmedabad,1243.7056015107455,3,3,14.98874840638364,1,Semi Furnished,Mid,4,0,1,0,1,1,1,10168223.0
Ahmedabad,1841.6062020005345,3,2,0.6869697728768888,2,Unfurnished,Mid,4,1,0,0,1,0,0,14161934.0
Bangalore,2195.127663755995,3,3,13.329624433412414,2,Fully Furnished,Mid,2,1,0,2,0,0,0,31655517.125
Mumbai,2393.6732072149125,3,3,19.342454854764924,2,Unfurnished,Top,4,0,0,0,1,0,1,31655517.125
Ahmedabad,1376.832359410076,3,3,6.60845022246177,2,Unfurnished,Top,4,0,0,1,0,1,1,11797875.0
Bangalore,400.0,1,2,3.6761782245984387,1,Unfurnished,Top,3,0,0,1,1,1,0,4561207.0
Bangalore,1089.5605387951566,2,2,3.6002817201549546,1,Unfurnished,Mid,2,1,0,1,1,0,0,11783020.0
Mumbai,1286.597902532371,2,2,1.2807485108295247,1,Unfurnished,Ground,3,1,0,1,0,0,1,16038278.0
Kolkata,1370.5306017108046,4,2,1.4100342989504133,2,Fully Furnished,Ground,2,0,0,1,1,1,1,14681789.0
Lucknow,1406.0702994956403,3,3,2.735204984266722,2,Fully Furnished,Ground,3,0,0,1,0,0,0,11473977.0
Pune,2059.4472989653345,4,2,0.2903863324208872,2,Semi Furnished,Top,5,1,0,0,1,1,1,27539373.0
Lucknow,2137.2142133437906,5,2,4.643505307599913,1,Fully Furnished,Mid,2,1,0,0,0,0,0,17631198.0
Jaipur,1414.1631730376084,3,2,5.487937362649969,1,Unfurnished,Mid,3,0,0,1,1,0,1,9230214.0
Pune,2049.2424380259095,5,3,80.0,2,Semi Furnished,Ground,2,0,0,2,1,0,0,17941840.0
Jaipur,1678.8306833155448,3,1,71.85035195429168,2,Unfurnished,Mid,3,1,0,1,1,0,1,8832309.0
Ahmedabad,1532.2529864312858,2,1,3.1062638017465676,1,Semi Furnished,Ground,1,0,0,0,1,0,1,10511279.0
Delhi,1953.2720785549818,3,3,3.593518395331713,1,Unfurnished,Top,4,0,0,2,0,0,1,25156481.0
Mumbai,1536.126024118958,3,1,10.156343076993501,2,Semi Furnished,Ground,3,0,0,1,0,0,1,18959144.0
Pune,2528.905588548881,4,1,2.4163463347608154,1,Semi Furnished,Top,2,0,0,0,1,1,0,30554194.0
Pune,780.7944166027204,3,2,10.518882110182794,2,Fully Furnished,Mid,3,1,0,2,1,0,1,9333226.0
Ahmedabad,1242.414550453991,2,2,7.647134730946926,0,Semi Furnished,Mid,4,0,0,1,1,1,1,9155941.0
Kolkata,1436.7405515230248,3,2,5.887260962805313,1,Fully Furnished,Top,1,1,0,1,0,0,1,15132114.0
Bangalore,1719.7263452289953,3,2,25.940660359131048,1,Fully Furnished,Mid,4,1,1,0,1,0,1,20615782.0
Ahmedabad,2133.9802435515444,2,3,26.414180080433688,1,Fully Furnished,Top,3,0,0,1,1,0,1,16543100.0
Hyderabad,1487.8007163819216,3,3,66.20519561744592,0,Semi Furnished,Ground,4,1,0,1,1,1,1,11045566.0
Bangalore,788.8851752468964,4,4,3.7864250697223207,0,Fully Furnished,Top,4,0,0,0,0,0,0,12590424.0
Mumbai,1921.256948227502,4,2,32.8760570282688,2,Fully Furnished,Ground,1,0,0,0,1,0,1,26472929.0
Bangalore,1877.4793830709823,3,1,11.577854369101262,1,Semi Furnished,Mid,4,0,0,0,1,1,1,21746563.0
Kolkata,529.0706703102969,3,4,13.42746087463813,1,Semi Furnished,Ground,3,0,0,1,0,1,0,4167241.0
Bangalore,1498.0979331646004,2,1,33.992815954926236,1,Unfurnished,Ground,1,1,1,2,0,1,0,13350944.0
Mumbai,704.929084659851,3,3,42.87371462859862,1,Unfurnished,Mid,4,1,1,0,1,0,1,9199432.0
Kolkata,1167.6744512489688,4,1,19.463885384175867,2,Semi Furnished,Mid,3,0,0,1,0,1,0,8242872.0
Lucknow,1048.5955365186,3,3,6.412036161622915,1,Fully Furnished,Ground,2,0,0,2,0,0,0,8360718.0
Pune,1904.6323491209928,2,3,10.090406466341685,1,Semi Furnished,Top,2,1,0,0,1,1,0,21712876.0
Pune,1558.415087086092,4,2,14.319777916743758,1,Semi Furnished,Ground,3,1,0,0,0,1,0,15819183.0
Jaipur,857.2044996219862,4,2,26.45983349688941,2,Unfurnished,Mid,1,0,1,1,0,1,0,5697563.0
Lucknow,1940.0329814786712,3,2,16.09187468034068,1,Unfurnished,Top,2,0,0,2,1,0,1,12116393.0
Lucknow,783.0970880357928,2,2,6.822531552352668,1,Semi Furnished,Ground,4,0,1,0,0,0,0,4858553.0
Bangalore,1665.0568952354718,2,2,8.116191634658898,2,Fully Furnished,Mid,3,1,0,0,0,1,0,22712265.0
Pune,1092.9946653542222,2,3,0.7763120932362286,1,Semi Furnished,Top,3,1,0,0,0,1,1,12916568.0
Mumbai,1317.16145873474,3,2,38.708289656126695,1,Semi Furnished,Mid,2,0,0,1,0,1,1,14370898.0
Chennai,1752.135374019192,2,2,1.383686917426532,0,Unfurnished,Top,2,0,0,2,0,0,1,16792548.0
Chennai,1760.7246995297646,4,2,13.010036957971383,1,Fully Furnished,Ground,3,0,0,0,1,0,1,18783616.0
Kolkata,2168.48453677798,5,2,30.795135433090355,1,Unfurnished,Top,4,1,1,0,1,0,1,17803372.0
Pune,1458.8731501642735,3,1,8.193301482090325,0,Fully Furnished,Top,1,1,0,1,0,0,0,15857696.0
Pune,1653.2254314816703,3,3,24.150983203684145,1,Semi Furnished,Ground,1,1,0,1,0,1,0,13025389.0
Chennai,1281.1313387978378,3,3,24.430540358132923,2,Semi Furnished,Top,4,1,1,1,1,0,1,13732372.0
Pune,1590.9949413113989,4,2,0.9256744258794477,0,Fully Furnished,Ground,4,0,0,0,1,0,0,17409692.0
Bangalore,1719.7430240042559,4,2,7.9690918871489185,0,Fully Furnished,Mid,3,0,0,0,0,0,0,21502886.0
Hyderabad,1450.845076272812,2,3,17.617447300109927,0,Semi Furnished,Mid,3,1,0,0,0,0,1,11013288.0
Delhi,598.1247579537519,2,2,8.231898072051933,1,Fully Furnished,Mid,2,1,1,1,0,1,1,9859440.0
Lucknow,1665.7354481654477,4,1,11.817382590312894,1,Semi Furnished,Ground,2,0,0,0,1,1,1,9855600.0
Jaipur,1682.2807386777286,3,2,13.537958996004468,1,Fully Furnished,Ground,4,1,0,2,1,1,1,14349249.0
Kolkata,1159.9132618260246,2,2,2.4594945300354274,2,Unfurnished,Ground,2,0,0,1,0,1,1,9471217.0
Hyderabad,857.8064819637428,3,2,7.964945538927935,0,Fully Furnished,Ground,3,0,1,0,0,0,1,8934716.0
Chennai,2237.9395752519827,4,4,0.43314230449811386,1,Unfurnished,Mid,3,0,0,0,0,1,0,22697695.0
Lucknow,1745.722755447201,2,2,2.43118686154835,0,Unfurnished,Ground,3,1,0,0,0,1,1,10280120.0
Pune,1385.4594845391453,4,3,10.76940945558993,0,Unfurnished,Mid,2,0,1,1,1,0,0,14680281.0
Jaipur,931.4835584262563,2,2,12.785168532226203,0,Unfurnished,Top,3,1,0,2,0,0,1,6003752.0
Pune,1089.0925857893271,4,3,2.3714790548520392,1,Unfurnished,Top,2,1,0,0,0,1,0,12195649.0
Mumbai,2151.2951983931157,3,2,21.135418527244255,1,Unfurnished,Mid,2,0,0,2,0,1,1,27329207.0
Mumbai,1568.8309704340231,3,1,7.001841314185129,0,Unfurnished,Top,3,0,1,1,1,1,1,24610402.0
Jaipur,1224.7064664996467,3,3,38.00828902602553,0,Fully Furnished,Mid,3,1,0,0,0,0,0,7137991.0
Jaipur,1754.8446156123282,4,3,7.3570806384400855,0,Fully Furnished,Ground,3,0,0,1,0,0,1,14662618.0
Chennai,1092.800906276838,4,2,2.4344486032974944,0,Unfurnished,Mid,3,0,0,1,1,0,1,10027348.0
Jaipur,2250.421515140189,3,3,21.280432330626912,0,Unfurnished,Ground,2,0,0,0,0,0,0,10653235.0
Bangalore,2176.4002674483627,3,2,12.58303030383706,0,Unfurnished,Top,2,0,0,2,0,0,0,22594064.0
Pune,1266.7129643986118,3,3,7.333226618723141,2,Fully Furnished,Mid,2,0,0,1,1,0,0,16412056.0
Hyderabad,1185.6648764845697,3,3,6.59985058020555,1,Fully Furnished,Ground,4,0,0,0,1,1,0,11893752.0
Ahmedabad,400.0,4,1,2.4513602060434723,1,Semi Furnished,Mid,1,1,0,1,1,0,1,3632182.0
Jaipur,759.2096142243159,1,2,6.251712469445244,2,Semi Furnished,Mid,2,0,0,1,0,0,1,4621766.0
Kolkata,830.2651125211219,2,2,0.44674938967972094,1,Semi Furnished,Mid,4,0,1,1,0,1,0,7429546.0
Mumbai,1567.5951704936929,3,3,10.469438762697918,1,Fully Furnished,Top,2,0,1,1,0,0,1,31042011.0
Bangalore,1336.88314777932,2,2,34.0552164434998,1,Fully Furnished,Ground,2,1,0,0,1,0,1,12987986.0
Lucknow,827.3322562923793,4,2,23.795403648568325,1,Fully Furnished,Top,4,0,0,1,0,0,1,5508982.0
Ahmedabad,1359.4179787677213,3,1,0.43403744174604797,2,Fully Furnished,Ground,1,1,0,0,0,0,1,12411230.0
Hyderabad,1752.6685738236743,3,3,31.962326968450952,0,Unfurnished,Mid,3,0,0,0,1,1,1,11828243.0
Ahmedabad,1763.9196749577936,4,2,9.031093818258132,0,Semi Furnished,Top,4,0,0,1,0,0,0,13523820.0
Jaipur,550.1648595705594,3,3,3.177333179694344,0,Semi Furnished,Ground,5,1,0,0,1,1,1,4453561.0
Chennai,1435.8682597580846,3,3,20.93983535593702,2,Semi Furnished,Ground,2,1,0,0,0,1,1,12148132.0
Mumbai,808.3296115141948,1,1,5.848458657917272,1,Unfurnished,Top,2,0,1,1,1,1,1,12957006.0
Mumbai,1950.8643485701368,3,2,4.381746809810936,2,Unfurnished,Ground,3,1,0,1,1,1,0,30185652.0
Lucknow,1892.0732081767492,2,4,2.638862280496019,1,Semi Furnished,Ground,2,0,0,1,0,1,1,12446334.0
Chennai,1050.9863868377709,3,2,10.001140225403443,1,Unfurnished,Mid,2,0,1,2,0,0,1,10087273.0
Pune,1116.9773987998,3,3,1.470709827999495,1,Fully Furnished,Ground,3,1,0,0,1,0,0,12835679.0
Delhi,1269.3664747508465,3,3,23.099596322980606,1,Unfurnished,Ground,1,1,0,0,0,0,1,11736943.0
Bangalore,400.0,3,3,9.542278039189085,1,Semi Furnished,Top,4,0,0,0,0,0,1,4846861.0
Mumbai,1667.9840867202884,2,2,8.885319487080636,1,Semi Furnished,Ground,2,0,0,1,0,0,1,21839364.0
Kolkata,1363.5777268299346,4,2,0.027835157788624,1,Unfurnished,Mid,2,1,0,0,0,0,0,10813443.0
Mumbai,1985.0875412839296,2,3,25.545012768756703,0,Fully Furnished,Top,4,1,1,1,0,1,1,29090364.0
Ahmedabad,950.7953910187236,4,2,10.183844166835831,1,Fully Furnished,Top,2,0,0,0,0,0,0,8393094.0
Mumbai,1190.4385258750342,3,3,8.694452332385929,1,Semi Furnished,Ground,4,1,0,2,0,1,1,18469571.0
Mumbai,746.7373709804424,3,2,21.493551357237735,2,Semi Furnished,Top,2,1,0,2,0,1,0,10440450.0
Delhi,997.8547182528735,3,2,0.9744559585065062,2,Unfurnished,Top,3,0,0,2,0,0,1,14073266.0
Delhi,909.0090019658905,5,2,6.85170263271969,1,Fully Furnished,Top,4,1,0,0,0,1,1,17135130.0
Hyderabad,1997.9868394232228,2,3,12.860918428805846,0,Unfurnished,Mid,3,0,0,0,1,0,1,13729137.0
Pune,1150.8690756243038,3,2,9.258844086601249,2,Semi Furnished,Mid,1,0,0,2,1,1,0,12588666.0
Kolkata,1562.0878423723068,5,2,3.0067737731256345,0,Unfurnished,Ground,3,0,0,2,0,1,1,12690853.0
Mumbai,1309.6182980690978,4,3,5.334628758568442,1,Semi Furnished,Mid,3,1,0,0,0,0,0,20683299.0
Mumbai,865.2673669935936,3,3,5.354422438740284,0,Semi Furnished,Ground,2,0,0,1,0,0,1,10761746.0
Bangalore,1415.8497884141786,5,4,72.37006090175831,1,Unfurnished,Top,5,1,0,0,1,0,1,16239037.0
Delhi,1799.5516659317973,3,1,5.9222650797358485,1,Unfurnished,Mid,4,0,0,2,1,0,1,22386356.0
Kolkata,896.1203037283238,2,3,3.444633000624757,1,Semi Furnished,Mid,1,1,0,0,1,1,0,7731813.0
Lucknow,1904.5563953656892,3,2,25.943364934390196,2,Fully Furnished,Mid,3,1,0,1,1,0,1,13513171.0
Hyderabad,1075.1395392611519,3,3,8.201229335522289,1,Fully Furnished,Mid,2,1,0,0,1,1,0,12165803.0
Pune,1258.5080369635796,3,3,8.801127914648532,1,Semi Furnished,Top,1,0,0,0,0,0,1,12847560.0
Chennai,1765.341561505024,4,2,11.940629861732537,1,Unfurnished,Top,1,0,1,1,1,1,1,20136645.0
Pune,1168.281921390256,3,2,13.583570746266577,0,Semi Furnished,Mid,3,1,1,1,0,1,0,11817917.0
Ahmedabad,1518.7874296679329,1,3,13.394312418679196,1,Fully Furnished,Top,2,0,0,1,1,1,1,12659487.0
Mumbai,1342.6545856059538,4,1,0.5266333440844173,1,Semi Furnished,Top,3,0,0,1,1,0,0,23307751.0
Hyderabad,1564.6840033519093,2,3,25.62582134907039,1,Semi Furnished,Top,3,1,0,0,0,0,1,11976277.0
Ahmedabad,400.0,5,1,3.2509527724224783,1,Semi Furnished,Ground,4,0,0,1,0,1,0,3220982.0
Kolkata,585.1590923959585,5,3,5.186918001231628,1,Fully Furnished,Mid,4,0,0,1,1,0,1,6473618.0
Chennai,1807.983503023419,4,2,2.857051351870372,1,Fully Furnished,Ground,3,1,0,0,0,0,0,20671618.0
Delhi,2018.5907028245251,4,2,21.855688227742068,1,Unfurnished,Ground,3,0,0,2,0,0,1,19018655.0
Hyderabad,1044.7566482342395,2,1,13.143723350628226,1,Unfurnished,Top,5,1,0,0,1,0,1,8001122.0
Hyderabad,1377.9858239144328,3,2,21.11559879528678,2,Fully Furnished,Ground,2,0,0,2,0,1,0,12057551.0
Mumbai,1647.3596264511507,2,2,15.893689516549648,1,Fully Furnished,Top,3,0,0,1,0,0,0,24348651.0
Jaipur,1846.608800829352,2,2,1.6498789353753003,0,Semi Furnished,Top,3,0,0,1,0,1,1,14444528.0
Hyderabad,486.1613641645756,3,1,5.382296690770178,1,Unfurnished,Ground,3,1,0,1,1,0,0,4024367.0
Bangalore,1056.9798765108114,1,3,10.616761480489858,1,Unfurnished,Mid,2,0,0,2,1,0,1,11102493.0
Chennai,1333.7103100750626,5,1,5.456465176188693,0,Semi Furnished,Mid,2,1,0,0,0,1,1,12851809.0
Chennai,1851.5700986180245,4,3,3.484730469053335,1,Unfurnished,Top,2,1,0,1,0,1,1,19455218.0
Bangalore,2749.2152418607475,3,2,30.581632226223498,1,Fully Furnished,Ground,4,1,0,0,1,0,0,27100335.0
Lucknow,1385.997136595141,3,2,20.662021920411767,1,Fully Furnished,Mid,3,0,0,2,1,1,1,9509736.0
Bangalore,796.5112689480056,3,2,6.351841051639118,2,Fully Furnished,Ground,2,1,0,1,0,1,1,12354270.0
Bangalore,1701.134038600649,4,2,21.723335597298814,2,Fully Furnished,Ground,3,0,0,0,1,1,0,19769142.0
Chennai,2160.497894770355,3,2,14.814328803232117,0,Semi Furnished,Ground,4,0,0,1,0,0,1,17107750.0
Pune,1554.0070604897505,2,2,0.05689376488354851,1,Unfurnished,Top,4,1,0,1,1,1,0,17053749.0
Chennai,1046.6757274228535,3,2,7.176877693087669,1,Semi Furnished,Top,1,1,0,0,0,0,0,10067782.0
Jaipur,1978.9969707400096,3,1,5.147657450412543,1,Semi Furnished,Top,4,0,0,0,0,0,0,13951091.0
Mumbai,1831.7728092492175,5,1,3.6867553983749786,0,Fully Furnished,Mid,5,1,0,0,1,1,1,31655517.125
Ahmedabad,986.9595779021878,2,1,4.347052698169068,0,Semi Furnished,Ground,3,1,0,0,0,1,1,6520399.0
Pune,1690.712808767171,2,2,42.8043389239626,0,Semi Furnished,Top,5,0,0,1,0,0,0,12623445.0
Delhi,1998.6327838294364,4,3,9.992236014937326,2,Semi Furnished,Ground,5,0,0,0,1,1,0,28964501.0
Ahmedabad,2090.945021279447,4,2,28.22940396714056,0,Fully Furnished,Ground,3,1,0,2,1,0,1,14720724.0
Mumbai,1466.775512345272,4,2,3.6161219959154183,0,Semi Furnished,Top,4,1,0,0,1,1,1,26376421.0
Jaipur,1320.9602769103406,3,1,2.874742298246489,0,Fully Furnished,Mid,2,1,0,2,0,0,1,10889948.0
Jaipur,2113.6369110406313,3,2,32.94496906917149,1,Fully Furnished,Top,4,0,0,0,1,0,0,15217823.0
Delhi,894.9197485095575,3,2,10.2688986239897,0,Unfurnished,Ground,3,1,0,2,0,0,1,10109358.0
Pune,1719.2896454605027,2,3,33.82867187801145,0,Semi Furnished,Ground,3,0,0,2,0,0,0,11699162.0
Lucknow,814.9866863177854,3,3,0.9765418505503012,1,Fully Furnished,Mid,4,0,0,1,0,1,1,6845490.0
Bangalore,2032.6881361298015,1,2,37.23205133407434,1,Unfurnished,Top,4,1,0,2,0,0,0,17718528.0
Pune,1370.9772421944192,3,2,8.053574192181017,1,Unfurnished,Ground,3,1,0,2,0,0,1,12533389.0
Lucknow,2134.2916178237347,4,2,2.532857916358133,1,Unfurnished,Ground,1,0,0,2,0,0,1,13445327.0
Jaipur,1745.7063781777636,3,2,17.250921848664053,0,Fully Furnished,Ground,3,0,0,0,1,0,1,10866533.0
Chennai,888.389884969035,4,3,23.911050332597423,0,Fully Furnished,Ground,4,0,0,1,0,1,0,6913639.0
Mumbai,2212.3138660386217,2,3,0.7280049154446849,0,Semi Furnished,Top,3,0,0,0,0,0,1,31655517.125
Delhi,2275.622633213865,3,2,65.36993488441077,2,Fully Furnished,Top,4,1,0,0,0,0,0,29575530.0
Mumbai,1941.1432462996079,3,4,17.9116682164084,0,Semi Furnished,Top,4,1,0,1,1,1,0,30565431.0
Kolkata,1119.20606748189,4,2,5.8158954238118294,2,Fully Furnished,Top,3,0,0,1,0,1,1,12435050.0
Kolkata,1346.9930228212957,3,2,2.4606330250616804,2,Unfurnished,Top,3,1,0,2,1,1,1,14068728.0
Pune,1572.7136087028798,4,1,7.476822247634745,1,Fully Furnished,Mid,1,0,0,0,1,0,0,18256305.0
Jaipur,1148.1448003342834,1,2,3.737802423477803,1,Semi Furnished,Top,3,0,0,1,0,1,1,8873372.0
Jaipur,2346.173286231602,4,3,10.22282203480334,1,Semi Furnished,Ground,2,0,0,2,1,0,1,17706798.0
Bangalore,1572.1632358630184,2,3,22.8415226156561,1,Unfurnished,Top,3,0,0,0,0,0,1,14923464.0
Bangalore,400.0,4,2,16.187898477586035,1,Unfurnished,Mid,4,0,0,0,0,0,1,3768759.0
Bangalore,1669.6779063781103,3,2,8.588784256356627,1,Unfurnished,Ground,3,0,0,0,1,0,1,17725285.0
Chennai,1325.9213015913433,4,3,1.8995100799895916,0,Semi Furnished,Mid,1,1,1,0,1,1,0,16825447.0
Ahmedabad,1462.536721940776,3,3,47.25316793750608,1,Fully Furnished,Ground,4,0,1,0,0,1,1,10616667.0
Hyderabad,1315.6903171071501,2,2,4.7282766421014175,1,Fully Furnished,Ground,3,1,0,0,1,0,1,13287998.0
Ahmedabad,1903.5232083033436,4,2,4.882515082570782,1,Semi Furnished,Top,2,0,0,2,0,0,0,18467521.0
Mumbai,2059.843889276691,2,3,15.555798008357863,2,Semi Furnished,Mid,3,1,0,0,0,0,1,31212164.0
Ahmedabad,1641.5265811293268,2,3,22.07841265391065,0,Semi Furnished,Mid,3,0,0,0,0,0,1,10113149.0
Chennai,1330.3444064309206,4,3,62.171403927776,2,Semi Furnished,Ground,2,0,0,2,1,1,0,11976820.0
Mumbai,1479.331397595415,2,1,52.18621338725351,1,Fully Furnished,Top,3,0,0,0,1,0,1,18095258.0
Ahmedabad,1509.7998082888141,2,1,36.759408758967275,1,Unfurnished,Ground,2,0,0,0,1,0,0,6389381.0
Chennai,1098.7849800675815,3,3,8.572270326253827,2,Fully Furnished,Mid,4,0,0,1,1,1,1,13543255.0
Hyderabad,1789.4643242856173,4,3,2.734877227622138,2,Semi Furnished,Ground,4,0,0,1,0,0,0,17147619.0
Ahmedabad,1730.0211619302331,2,2,13.17305041378242,1,Unfurnished,Top,2,0,0,0,1,0,1,11437226.0
Chennai,2270.220619888337,3,2,0.26110701658969904,1,Fully Furnished,Mid,4,1,0,0,1,0,1,26532055.0
Bangalore,2127.6748901442375,3,3,3.276983384199228,0,Semi Furnished,Ground,4,0,0,0,1,0,1,25949734.0
Jaipur,1157.1625412049348,4,3,0.03798901684985026,1,Semi Furnished,Top,2,0,1,1,0,0,0,10874092.0
Bangalore,1910.1491872544823,4,3,2.9865705644774843,2,Semi Furnished,Mid,1,0,0,1,0,0,1,27424430.0
Jaipur,1024.5233084527642,4,2,9.658417518971353,0,Fully Furnished,Top,3,0,0,1,1,0,0,9262858.0
Delhi,1847.9660504704248,3,3,7.496413737989258,0,Fully Furnished,Ground,2,0,0,0,0,1,1,26020431.0
Delhi,1241.6929006199462,3,1,6.913792783223575,1,Fully Furnished,Mid,2,1,0,1,1,1,1,19943917.0
Delhi,988.3733883122078,2,3,26.66366536970599,1,Semi Furnished,Top,2,0,0,2,0,0,0,11006429.0
Hyderabad,1640.0226713487023,3,1,16.858780895940754,1,Fully Furnished,Mid,2,0,0,1,0,0,1,14463770.0
Bangalore,400.0,5,3,41.334620243973475,1,Unfurnished,Ground,2,0,0,0,0,1,0,3567730.0
Jaipur,624.512212797386,3,2,8.841028979454864,1,Unfurnished,Ground,4,0,0,2,0,1,1,3850575.0
Chennai,1411.2540581128585,1,3,4.766546532802413,1,Semi Furnished,Top,4,0,1,1,0,0,0,15154117.0
Mumbai,1541.2208833174213,3,2,1.9633296826698259,1,Unfurnished,Mid,3,1,0,0,1,1,1,22812629.0
Chennai,1315.3406149209056,3,1,16.72237796274889,2,Semi Furnished,Ground,3,0,0,0,1,1,1,10257784.0
Mumbai,710.2818506412007,3,3,27.652843598520843,2,Fully Furnished,Top,4,0,0,1,1,0,1,10267770.0
Kolkata,1091.0540789307472,3,2,3.0453235271321226,1,Semi Furnished,Top,4,1,0,2,1,1,0,10382600.0
Chennai,1695.604663618697,3,2,31.64885076863491,0,Semi Furnished,Top,4,0,0,1,0,0,1,12001785.0
Ahmedabad,1790.8908853141813,2,4,11.206962466854128,1,Fully Furnished,Mid,2,0,0,0,0,1,1,13361632.0
Ahmedabad,1491.8884412020293,4,2,2.3336865555525392,2,Semi Furnished,Ground,2,1,1,0,1,1,1,15309261.0
Pune,2078.4168905184943,3,3,15.444550905838305,1,Semi Furnished,Ground,4,0,0,0,1,0,1,18021887.0
Bangalore,1698.6985117296172,2,2,11.011185889796707,2,Unfurnished,Mid,4,0,0,0,1,0,1,17629275.0
Mumbai,1126.272173020894,3,3,0.42882490555639075,1,Semi Furnished,Ground,4,1,0,1,0,0,0,18546960.0
Mumbai,1359.7489732941913,4,3,7.643476396695758,2,Unfurnished,Top,4,1,0,1,0,1,1,24292806.0
Bangalore,798.5669213960726,4,3,23.041974860640526,0,Semi Furnished,Top,3,0,0,1,0,0,1,8402636.0
Hyderabad,1445.9305048042916,3,4,12.159505580696296,1,Fully Furnished,Mid,2,1,1,2,1,0,1,18180334.0
Pune,2056.0503096106695,1,2,4.970144857373792,1,Fully Furnished,Top,2,0,0,1,1,1,0,26405642.0
Hyderabad,1842.6450423554838,1,3,39.600637531410555,2,Unfurnished,Ground,2,0,0,0,1,1,1,10706775.0
Hyderabad,2201.004662959561,2,3,4.072781835151564,1,Semi Furnished,Ground,3,1,1,0,0,1,0,20797714.0
Hyderabad,1348.5573781005035,3,2,4.370051278618932,0,Semi Furnished,Mid,4,1,0,0,1,1,0,12256625.0
Bangalore,2173.0498972571286,3,2,6.569189481004929,2,Semi Furnished,Top,2,1,1,1,1,1,0,31655517.125
Hyderabad,1403.347886776015,3,4,33.741048974138096,1,Unfurnished,Ground,1,0,0,1,0,0,1,9049421.0
Ahmedabad,2235.792541284947,3,1,10.627731911845064,0,Unfurnished,Ground,4,1,1,0,0,0,0,14081803.0
Delhi,1489.071626278938,1,2,17.194007011757474,1,Unfurnished,Ground,3,0,0,0,0,1,1,13326267.0
Kolkata,1853.6156869021383,2,2,56.111544958425114,1,Unfurnished,Top,5,1,0,0,1,1,1,12764660.0
Mumbai,2237.5561821549277,3,1,22.938364229232658,1,Unfurnished,Ground,3,0,1,0,0,0,1,24012797.0
Mumbai,1403.2861857093972,2,3,2.8420075253575914,2,Unfurnished,Top,2,0,0,1,0,1,1,20977555.0
Kolkata,1609.194493772087,2,2,23.29259814064239,1,Fully Furnished,Ground,2,0,0,0,0,0,1,11005811.0
Bangalore,2144.431712603151,3,2,20.69497471505499,1,Fully Furnished,Top,3,0,0,1,0,1,1,26061533.0
Chennai,1433.4984180349682,4,3,3.9715387041187173,0,Semi Furnished,Ground,3,1,1,1,0,1,0,16601658.0
Bangalore,839.5538587469194,4,2,5.903414856577973,1,Semi Furnished,Top,2,0,0,2,0,1,1,12715539.0
Mumbai,2571.503527292455,4,3,18.57474990342172,0,Unfurnished,Mid,2,1,1,1,1,0,0,31655517.125
Mumbai,1265.1177678314316,3,3,4.084870918246375,0,Fully Furnished,Mid,2,1,1,1,1,0,1,25430644.0
Kolkata,1579.3780254687715,3,3,3.501447910764861,0,Unfurnished,Mid,4,1,0,0,1,0,0,12328964.0
Hyderabad,2078.0033347255635,2,3,18.234243507512815,0,Fully Furnished,Ground,2,1,0,2,1,0,0,17898485.0
Bangalore,1195.753048134399,5,1,31.87857495236851,0,Fully Furnished,Top,3,1,0,0,0,0,1,14181541.0
Jaipur,996.0660433889349,2,1,1.1696936534925904,1,Fully Furnished,Ground,4,1,0,0,1,1,1,8123021.0
Kolkata,1626.8686483874167,2,2,8.856360948692744,0,Fully Furnished,Top,2,0,0,1,0,1,1,14570870.0
Ahmedabad,603.4618010438052,2,1,14.015874296841957,0,Unfurnished,Top,1,1,0,1,0,1,0,3562732.0
Mumbai,1356.04696156604,5,2,16.917996083280634,2,Unfurnished,Ground,2,0,1,0,1,0,0,18831305.0
Kolkata,1622.519332157703,5,2,80.0,1,Unfurnished,Top,2,0,0,1,0,0,0,11517665.0
Bangalore,1365.024051587418,4,2,17.218233643740994,1,Fully Furnished,Mid,2,0,0,0,0,1,0,15696353.0
Mumbai,728.2745284071265,3,2,14.519845035636623,0,Semi Furnished,Ground,2,1,0,0,1,1,1,9830280.0
Chennai,2297.088978102006,3,2,68.68398976814798,1,Unfurnished,Mid,3,0,0,1,1,1,1,16179050.0
Kolkata,1551.7690769745877,5,2,0.9387966612562533,1,Unfurnished,Mid,1,0,0,2,1,0,1,14497531.0
Pune,2215.5760588808707,3,2,1.1602944866085396,1,Semi Furnished,Mid,1,0,0,2,1,0,1,23905304.0
Mumbai,1369.9818749097776,4,2,12.337994292584778,1,Unfurnished,Ground,4,0,0,0,1,0,0,16556119.0
Bangalore,1059.9940091546182,3,3,6.663041045266719,1,Unfurnished,Mid,3,1,0,0,1,0,1,13755098.0
Delhi,1634.59046012758,3,3,1.5254670362854488,2,Fully Furnished,Ground,4,1,0,0,0,0,0,22570913.0
Jaipur,1392.1064368358902,4,3,5.488955281464657,2,Semi Furnished,Ground,1,1,0,1,0,1,1,10322082.0
Lucknow,911.119271004321,2,3,16.82918810899662,0,Semi Furnished,Mid,1,0,0,0,0,0,1,5043203.0
Hyderabad,2234.892129393748,4,3,31.88102114828959,1,Semi Furnished,Top,3,0,0,1,1,1,1,19193120.0
Lucknow,1188.864888553002,3,1,1.486112686385233,0,Unfurnished,Top,3,0,0,2,0,0,1,7725072.0
Bangalore,579.8668076022158,4,1,11.65266288689392,1,Semi Furnished,Ground,4,1,0,1,0,1,0,6319319.0
Ahmedabad,2164.0830269786666,3,3,5.2671163625894675,1,Fully Furnished,Mid,4,0,0,0,0,1,0,20059952.0
Ahmedabad,1247.8509920936883,3,2,16.508891075190288,1,Semi Furnished,Ground,3,1,0,2,1,0,0,8401340.0
Delhi,1196.0880536921877,3,2,11.959343059038126,1,Semi Furnished,Top,3,1,0,0,1,1,0,17480281.0
Hyderabad,617.306206485013,3,1,39.200172476010344,1,Fully Furnished,Ground,4,0,0,0,0,1,1,4246908.0
Pune,2370.470743298495,3,2,0.5761842367401594,1,Unfurnished,Ground,4,1,0,0,1,0,1,23514518.0
Delhi,855.2597063951563,5,3,9.524229074774755,0,Fully Furnished,Top,2,0,0,2,1,0,1,16935742.0
Lucknow,1529.224740352825,3,2,3.212005594952119,1,Fully Furnished,Mid,3,0,0,0,1,0,0,11030353.0
Delhi,1956.3101612702203,2,2,11.543352966542956,2,Semi Furnished,Top,3,0,0,0,0,0,0,25353401.0
Lucknow,1710.8584665015485,4,2,28.819073924518975,0,Semi Furnished,Mid,4,1,0,0,0,0,1,8758776.0
Mumbai,1470.1728440039042,2,3,36.340226108712194,1,Semi Furnished,Mid,4,1,0,2,0,0,1,18793339.0
Ahmedabad,649.1670708562918,3,3,7.618240955347177,1,Semi Furnished,Top,2,0,0,0,0,0,0,5280436.0
Mumbai,1095.137582116358,2,2,25.0521985144641,1,Fully Furnished,Ground,4,0,1,0,1,1,1,14738118.0
Jaipur,1593.900169021261,4,3,4.938149631116392,1,Unfurnished,Ground,4,1,0,2,0,0,0,11454813.0
Hyderabad,1106.412965006502,2,2,0.09487359653645427,1,Unfurnished,Top,2,0,0,2,1,1,0,9428593.0
Pune,1601.6797299993839,2,3,28.99007354535001,2,Semi Furnished,Mid,3,0,0,1,1,0,0,12678938.0
Lucknow,1840.8717044075709,4,3,1.907485321559216,2,Semi Furnished,Top,3,1,0,2,0,1,1,18326674.0
Pune,1981.2514429000507,4,4,0.26652066442197575,0,Semi Furnished,Ground,3,1,0,1,0,0,1,23137869.0
Lucknow,886.9103210936584,2,2,6.549639144604342,1,Unfurnished,Ground,3,1,1,0,0,0,1,5066699.0
Bangalore,2598.3230274894768,4,1,7.15554425839041,1,Fully Furnished,Mid,2,1,0,1,0,0,1,31655517.125
Delhi,1883.7396722770652,4,2,1.2054691672329463,0,Fully Furnished,Top,4,0,0,1,1,1,0,31655517.125
Jaipur,1499.1429231654681,2,1,25.244865870964414,1,Unfurnished,Ground,1,1,0,1,1,0,1,7135949.0
Ahmedabad,2044.7682915383202,4,2,7.802858327743154,1,Fully Furnished,Top,3,0,0,1,1,1,1,21459607.0
Lucknow,2682.7038859999866,3,2,10.097921813352675,2,Unfurnished,Top,2,1,0,1,1,1,0,19567931.0
Pune,780.6399494715653,3,2,4.610626052600298,2,Fully Furnished,Top,3,1,0,2,1,0,0,11787130.0
Jaipur,1387.3686787543231,3,3,10.746444453122017,0,Fully Furnished,Mid,3,1,1,1,0,1,1,13124093.0
Chennai,400.0,3,2,21.833469891691657,1,Semi Furnished,Ground,5,0,0,1,0,0,1,2714721.0
Chennai,1596.3257663240124,1,4,35.496092553423495,1,Unfurnished,Mid,4,0,0,0,0,0,1,10356892.0
Mumbai,1682.6971209625704,4,3,52.8655340121717,0,Unfurnished,Ground,2,0,0,2,1,0,0,18993323.0
Ahmedabad,1480.4189422786203,1,3,8.345818069810333,1,Semi Furnished,Ground,3,0,0,1,1,0,0,9635955.0
Bangalore,1172.733214500845,3,3,69.12842711830064,2,Semi Furnished,Top,2,0,1,1,1,0,1,14196101.0
Pune,475.2427419058374,2,3,5.242419868371928,1,Unfurnished,Top,3,0,0,1,1,0,0,4504018.0
Delhi,1686.7668417058844,4,3,0.10500571312775764,2,Unfurnished,Ground,3,0,0,1,1,0,1,22744325.0
Delhi,2227.7172419576627,3,2,21.890528929858313,1,Semi Furnished,Top,2,0,0,2,1,1,0,27758647.0
Pune,1204.490772133284,3,2,2.948175157170942,1,Unfurnished,Top,3,0,0,1,1,1,1,13134936.0
Hyderabad,1720.0299645115724,3,3,0.8082101836835794,0,Semi Furnished,Top,1,0,0,2,0,0,0,17665238.0
Bangalore,715.9278432899747,4,2,38.657090222839955,0,Unfurnished,Mid,2,0,0,0,0,0,0,5016515.0
Jaipur,1728.606531846257,3,1,23.53962215748705,1,Semi Furnished,Mid,4,1,0,1,1,1,1,10831983.0
Lucknow,1303.3088511276715,4,3,1.6248869754644988,1,Unfurnished,Ground,1,0,0,0,1,1,1,8763579.0
Hyderabad,1118.7910246985427,2,2,22.5027102683993,1,Unfurnished,Top,3,0,0,1,1,0,1,8181432.0
Lucknow,1119.8181793919348,2,3,27.868459982459168,1,Fully Furnished,Top,4,1,0,1,0,1,1,7616381.0
Lucknow,1303.194208983495,3,1,35.35588294064956,2,Unfurnished,Top,4,0,0,1,1,0,0,6992570.0
Hyderabad,1691.2166578462677,4,2,11.768876846169745,1,Semi Furnished,Mid,3,1,0,1,0,0,0,14994443.0
Mumbai,843.9183994022411,2,2,18.231173196375305,1,Fully Furnished,Ground,2,0,0,2,0,1,1,12233608.0
Chennai,1301.4423342160735,1,3,21.54735727235458,1,Semi Furnished,Top,4,0,0,0,0,1,1,9709641.0
Lucknow,1479.264111000426,2,1,17.50203090020719,0,Semi Furnished,Mid,3,1,0,2,0,1,0,8272656.0
Hyderabad,950.4803877340704,3,3,15.612240037667291,2,Semi Furnished,Mid,2,0,1,0,1,0,0,8889653.0
Hyderabad,2398.3326008375084,3,1,11.896477046726067,1,Semi Furnished,Top,2,1,0,1,0,0,0,19845977.0
Kolkata,1073.2522599693293,4,1,9.785706894341097,0,Unfurnished,Top,1,1,0,1,1,1,1,9560275.0
Mumbai,1165.2815431832548,2,2,80.0,2,Semi Furnished,Mid,2,0,0,1,1,1,1,13053251.0
Ahmedabad,1010.846025088751,2,2,6.17739704045917,2,Fully Furnished,Mid,4,1,0,1,0,0,1,8867604.0
Kolkata,2399.240043569059,3,2,1.38615055164755,1,Fully Furnished,Ground,2,1,0,1,1,0,1,24876219.0
Kolkata,1776.4526142997408,3,1,21.72490612647548,1,Semi Furnished,Mid,2,1,0,1,1,1,1,13946189.0
Pune,1031.703996878179,3,2,3.6086261052955884,2,Unfurnished,Mid,2,1,0,0,1,0,0,9691048.0
Chennai,2053.1157794299843,2,2,11.411544289100572,0,Fully Furnished,Ground,2,0,1,0,0,0,1,20038981.0
Hyderabad,1600.3493471444392,4,3,1.5105957211118524,1,Unfurnished,Mid,2,1,0,2,0,0,1,15419732.0
Chennai,1628.6267105557508,3,1,14.485518345760235,0,Fully Furnished,Mid,4,0,0,2,0,1,0,15513864.0
Bangalore,1327.7613956237738,3,2,43.23803714318068,1,Semi Furnished,Ground,2,1,0,1,1,0,1,11889779.0
Pune,1125.2920065215135,3,2,19.24008481680903,2,Fully Furnished,Ground,4,1,0,0,0,0,0,10548914.0
Ahmedabad,1668.8830495273007,2,3,3.6221864630883363,1,Semi Furnished,Top,5,1,1,0,1,0,0,16575727.0
Chennai,1227.4563850022048,4,3,53.178464956819994,1,Unfurnished,Mid,4,0,1,0,0,0,0,9481772.0
Delhi,2408.3778147875523,4,3,5.502760938818299,1,Fully Furnished,Top,1,0,0,2,1,1,1,31655517.125
Lucknow,865.354447378448,3,1,8.606880359772067,2,Fully Furnished,Ground,2,1,0,1,1,0,0,6019771.0
Bangalore,2268.0783864274727,3,3,10.340824421650886,1,Semi Furnished,Mid,2,1,0,1,1,0,1,28438124.0
Mumbai,1444.3405756010998,2,3,70.19637493515232,0,Unfurnished,Ground,3,1,0,1,1,0,0,12893847.0
Ahmedabad,1649.542867010553,3,3,1.0706904077345039,1,Semi Furnished,Mid,2,0,0,1,0,1,1,15313779.0
Bangalore,1916.5788833147174,3,2,17.896892358746584,1,Semi Furnished,Top,1,0,0,0,1,0,0,21253388.0
Lucknow,1184.875352497782,4,3,6.739629842956273,0,Unfurnished,Mid,2,0,0,1,0,1,1,7663066.0
Pune,1932.1241923493183,2,2,1.2234443754533622,2,Semi Furnished,Ground,2,0,0,1,0,0,0,19498384.0
Lucknow,400.0,1,2,41.00782752352102,1,Semi Furnished,Mid,1,0,0,2,1,0,0,1807180.0
Kolkata,1140.0052333890303,2,2,13.368789238668809,2,Unfurnished,Top,2,1,0,0,1,0,1,9189829.0
Lucknow,1037.9685963294673,2,2,21.006995118995725,1,Fully Furnished,Top,2,0,1,0,0,0,1,8026277.0
Kolkata,873.2469938141192,3,2,4.124161896215104,0,Unfurnished,Top,4,0,0,0,1,1,0,7011321.0
Pune,1392.5225809605245,2,2,21.503363500915945,0,Unfurnished,Ground,2,0,0,0,0,0,1,8415372.0
Jaipur,1692.8749840908474,4,3,26.44543223651333,2,Unfurnished,Mid,4,1,0,1,1,1,1,11397444.0
Kolkata,1851.329999249653,2,2,8.453625909705524,0,Semi Furnished,Mid,3,1,0,2,0,1,0,15358842.0
Mumbai,1620.4383786002038,3,3,12.727955840765327,1,Unfurnished,Ground,4,0,0,0,0,1,0,19776439.0
Lucknow,1167.1532675532267,3,2,53.56513163023729,0,Semi Furnished,Top,3,1,1,1,0,1,0,7213165.0
Lucknow,1684.5082189125835,5,4,28.13327803979957,1,Unfurnished,Ground,4,1,0,1,1,0,0,9523790.0
Mumbai,1562.1428474254253,5,3,8.827755622272994,0,Unfurnished,Mid,2,0,1,2,0,0,0,25329239.0
Delhi,1968.028083968008,4,2,16.385302381933162,0,Semi Furnished,Mid,4,1,0,2,0,0,0,24199713.0
Hyderabad,1888.4683514657584,4,3,23.003236466863324,1,Semi Furnished,Mid,2,0,0,1,0,1,1,15790588.0
Jaipur,1515.2382069603145,3,2,0.3694448349735752,1,Fully Furnished,Mid,4,0,0,0,1,1,0,13522771.0
Ahmedabad,1051.3734969193715,4,1,13.314309622074672,1,Fully Furnished,Mid,1,0,0,0,1,0,1,9133325.0
Kolkata,1173.5249220839596,5,2,62.53144481535472,1,Semi Furnished,Top,3,1,0,0,0,0,0,8416873.0
Mumbai,1225.1053201809832,1,2,44.113165122684194,1,Fully Furnished,Ground,3,1,0,1,1,0,0,14333769.0
Pune,1342.366833041872,3,2,26.796242082793043,1,Semi Furnished,Top,3,1,0,1,1,1,1,12970434.0
Kolkata,1634.0252137948767,2,2,1.6843351539422973,1,Fully Furnished,Mid,3,0,0,0,1,0,0,15569220.0
Hyderabad,1857.5871950640292,3,3,76.84392807556327,2,Fully Furnished,Top,3,1,0,0,0,1,0,17478363.0
Pune,1474.4406534923112,3,2,14.1063752666082,1,Semi Furnished,Ground,4,1,0,1,1,0,0,13031494.0
Bangalore,1508.0623939502361,3,2,3.782952787251323,1,Unfurnished,Mid,2,0,0,1,1,0,0,17532074.0
Lucknow,1571.6531525000019,3,4,16.825236580904267,2,Semi Furnished,Top,2,0,0,0,0,0,1,11731174.0
Bangalore,1242.04734343383,5,2,29.12376679411903,2,Fully Furnished,Ground,4,1,0,1,1,0,0,14666402.0
Kolkata,1037.303871178522,3,3,1.7872905626670275,1,Fully Furnished,Top,2,0,0,1,1,1,1,11492923.0
Hyderabad,622.2810513446451,4,2,37.23252183678555,2,Semi Furnished,Top,4,1,1,2,1,1,0,6282665.0
Jaipur,1152.4253209615638,3,2,37.92428141749191,0,Fully Furnished,Ground,3,1,0,2,1,0,1,7866069.0
Kolkata,1736.5727266338936,3,2,0.20333809965104158,2,Semi Furnished,Mid,1,0,0,2,1,0,1,18072597.0
Mumbai,1148.5442809802162,3,4,34.586721186281345,0,Fully Furnished,Top,1,1,1,0,1,0,1,17890812.0
Chennai,1381.0964812870302,2,2,44.01050622589396,1,Fully Furnished,Mid,4,0,1,2,1,0,0,11423015.0
Kolkata,1733.2156437061585,3,2,0.5763075340048424,2,Unfurnished,Ground,4,0,0,0,0,1,1,14101594.0
Lucknow,1760.3447482113343,3,3,5.225634824235311,0,Semi Furnished,Mid,2,1,0,1,0,1,1,12189226.0
Lucknow,960.2335739169805,3,4,7.004703229158322,0,Unfurnished,Top,2,1,0,1,0,0,1,5874008.0
Kolkata,1998.5296782268206,3,1,6.43616107877304,1,Unfurnished,Top,5,0,0,1,1,1,1,15991183.0
Pune,2063.675044677743,3,3,21.344576673571314,1,Fully Furnished,Ground,3,0,0,0,1,0,0,19158475.0
Chennai,935.0750713907202,3,2,6.649945464032652,0,Semi Furnished,Top,2,0,0,0,0,0,0,8321521.0
Mumbai,1088.081565179423,3,2,47.05211558637642,1,Fully Furnished,Top,3,1,0,1,0,0,1,16802728.0
Kolkata,2095.545341573096,2,2,79.45265271224802,1,Semi Furnished,Ground,4,0,0,2,1,0,1,13048753.0
Pune,1426.5732393723495,2,2,5.714928869195968,0,Unfurnished,Mid,3,1,0,1,0,1,1,12678163.0
Lucknow,400.0,1,2,10.663581533268736,1,Fully Furnished,Mid,3,0,1,1,0,0,0,2691284.0
Lucknow,800.1592476336568,2,2,12.236701478718222,0,Fully Furnished,Mid,2,1,0,0,0,1,1,5124527.0
Hyderabad,1375.3151874137593,2,2,12.991196162114703,1,Unfurnished,Mid,3,0,0,0,1,0,1,9363748.0
Kolkata,918.478674857699,1,2,7.031082302498295,1,Unfurnished,Top,2,0,0,0,1,1,0,6744519.0
Chennai,1293.2881146817792,2,2,2.7227112785620777,2,Semi Furnished,Mid,3,1,0,0,0,1,0,13503968.0
Delhi,1516.1981068417895,3,4,0.8415813656789792,1,Fully Furnished,Ground,3,1,0,1,1,1,1,27145991.0
Chennai,2231.1273020173644,2,3,1.686593793008852,0,Unfurnished,Ground,3,0,0,2,0,1,1,18441998.0
Lucknow,1354.7730418861056,3,2,34.73372337458025,1,Semi Furnished,Mid,2,0,0,0,1,0,0,6220456.0
Lucknow,2036.2708997863795,4,3,4.935375677791557,2,Semi Furnished,Top,3,0,0,1,1,1,1,19104033.0
Bangalore,2214.380081018385,4,2,1.1990141804620282,1,Unfurnished,Ground,3,0,0,0,0,1,1,26133705.0
Lucknow,2217.1548346760383,3,1,14.653741771583542,1,Fully Furnished,Ground,3,1,0,2,1,1,0,14873342.0
Mumbai,1642.377296692784,4,2,1.1744047804488753,2,Unfurnished,Top,1,0,0,0,0,0,0,26247678.0
Ahmedabad,518.3554260805129,3,2,1.089414282455761,1,Unfurnished,Ground,2,0,0,1,0,0,1,3696484.0
Kolkata,1730.4124327019326,2,3,14.575882507904407,2,Semi Furnished,Mid,2,0,1,0,1,0,0,15046158.0
Chennai,2024.1999439067704,5,4,13.425104361101383,1,Semi Furnished,Mid,4,0,0,0,0,0,1,18739049.0
Ahmedabad,1459.4664472822915,4,2,0.635430304865429,0,Semi Furnished,Mid,3,0,1,0,1,0,1,14709958.0
Pune,2372.291935037624,3,2,9.256071146203885,0,Unfurnished,Top,4,1,0,0,0,1,0,23262570.0
Delhi,1929.916780733729,3,2,8.58435465382354,1,Semi Furnished,Ground,4,0,0,1,1,1,0,22742103.0
Mumbai,1784.136688576392,3,2,11.867657114434362,1,Unfurnished,Ground,3,0,1,1,1,1,1,25744018.0
Chennai,2043.190355602919,2,3,20.0822736382,1,Unfurnished,Top,2,0,0,0,0,1,1,14835516.0
Ahmedabad,1666.684925630439,2,2,4.986009053514929,0,Semi Furnished,Mid,2,1,0,0,1,1,0,12573083.0
Delhi,400.0,3,1,8.505128151134034,2,Unfurnished,Mid,2,1,0,0,0,1,1,5250588.0
Bangalore,1250.4305242648172,4,3,23.606912804542816,2,Semi Furnished,Top,3,1,0,2,1,1,1,16174159.0
Mumbai,2098.5840136239267,1,2,38.373078394679304,1,Unfurnished,Ground,3,0,0,1,0,1,1,17454063.0
Mumbai,1096.204329950852,4,4,33.29062276194471,1,Unfurnished,Mid,4,0,0,0,1,1,0,12557577.0
Bangalore,1388.2637473815305,2,2,9.740714288586368,0,Semi Furnished,Mid,1,0,0,0,1,0,1,14890855.0
Kolkata,977.5818430484644,3,2,11.036618213087253,1,Unfurnished,Ground,3,0,0,1,0,0,0,6518868.0
Bangalore,2391.9612976008843,3,1,11.296816180744367,1,Unfurnished,Mid,3,1,0,2,1,0,1,29438727.0
Mumbai,2340.7462287090075,3,2,30.455836288104777,1,Semi Furnished,Ground,3,1,0,1,1,0,1,27680780.0
Mumbai,1058.0655524296353,2,3,27.48305180348501,1,Fully Furnished,Ground,2,0,0,0,0,1,0,12497408.0
Ahmedabad,1573.649000194542,3,2,5.599308111848111,1,Semi Furnished,Mid,3,0,0,2,1,0,0,12914116.0
Lucknow,1159.7529761179762,3,3,2.666274631278754,0,Fully Furnished,Mid,3,1,1,0,1,0,0,10823502.0
Delhi,1807.472319515689,2,2,7.145748511602245,0,Unfurnished,Ground,3,1,1,1,0,1,0,23315901.0
Bangalore,1754.8415386211645,2,3,5.103724402621422,2,Fully Furnished,Top,2,1,0,0,0,0,0,25329368.0
Delhi,1905.8527858066327,3,4,45.172049402277345,0,Semi Furnished,Top,4,1,0,2,0,1,0,22696910.0
Bangalore,1665.9592238539437,3,2,4.63697068224952,0,Unfurnished,Mid,2,0,0,0,0,1,0,18040796.0
Pune,2858.437593116735,2,2,2.9988537842672183,1,Fully Furnished,Ground,4,1,0,0,0,1,0,31655517.125
Mumbai,986.0381174946306,3,3,34.460838606557026,1,Semi Furnished,Ground,4,1,0,0,1,1,1,11386644.0
Lucknow,644.6983227817428,4,2,1.3567272273729138,1,Fully Furnished,Ground,3,1,1,1,1,1,1,6371641.0
Ahmedabad,1303.4548996492692,1,3,4.52197029576941,1,Semi Furnished,Top,3,0,0,2,0,1,1,10387039.0
Lucknow,716.0058672198662,3,2,8.673488998195001,0,Unfurnished,Mid,4,1,0,1,1,1,0,4703556.0
Lucknow,753.7688649970036,2,3,13.56200067431367,0,Semi Furnished,Mid,3,1,0,0,0,0,1,4617790.0
Lucknow,999.3426729010165,1,1,5.9551544330942505,0,Fully Furnished,Top,3,0,0,2,0,1,1,7056766.0
Delhi,1038.9055472841862,2,3,10.28465097490626,1,Unfurnished,Ground,4,0,0,1,0,1,0,11042637.0
Bangalore,1022.69094902497,3,2,3.3252540089900844,2,Unfurnished,Top,4,0,0,0,1,0,0,13157617.0
Jaipur,1759.109475222706,4,3,12.809394218087757,0,Semi Furnished,Top,2,1,0,2,1,0,0,14425363.0
Pune,1246.905469457332,2,2,7.859088697394383,1,Unfurnished,Mid,5,0,0,0,1,0,1,11268476.0
Chennai,1410.2427125637598,3,2,28.382950588903032,1,Fully Furnished,Top,5,0,1,1,1,0,0,15054557.0
Lucknow,1947.1163872504674,3,4,8.060987230535995,0,Unfurnished,Ground,2,0,0,1,0,0,0,10709575.0
Kolkata,1116.838737609287,2,3,8.799825863983989,1,Semi Furnished,Top,3,1,0,1,0,1,0,9850017.0
Delhi,1367.7270506476389,3,4,13.453756380405363,1,Semi Furnished,Ground,1,0,1,2,0,0,1,17371273.0
Ahmedabad,1682.8799930464577,4,2,1.9716322904233066,1,Unfurnished,Top,2,0,0,0,0,1,1,13537806.0
Chennai,529.2160996898893,4,2,2.558180714796013,2,Fully Furnished,Ground,3,1,0,1,0,1,0,6742201.0
Jaipur,400.0,4,2,23.426707788916072,1,Unfurnished,Mid,3,0,0,1,1,1,1,2351987.0
Kolkata,1673.0586643988613,3,3,4.791075071291072,0,Unfurnished,Mid,3,0,1,0,0,0,0,13680870.0
Jaipur,1746.0071402834492,4,1,17.31331458482136,1,Semi Furnished,Top,3,0,1,1,0,1,1,15098983.0
Chennai,2532.110067426205,2,2,1.5375850853410795,0,Unfurnished,Mid,4,0,0,1,0,1,1,23231815.0
Lucknow,1579.047437933405,3,3,25.876659609678462,1,Fully Furnished,Top,2,0,0,1,0,0,1,10478395.0
Kolkata,1909.8698586290475,4,2,66.63061306387274,2,Fully Furnished,Ground,3,1,1,0,1,0,0,14907675.0
Jaipur,1402.263678207013,1,4,7.01866997939301,1,Fully Furnished,Ground,3,0,0,0,1,1,1,11615105.0
Ahmedabad,1648.613610792543,3,2,10.564035048147604,1,Fully Furnished,Mid,2,1,0,2,1,1,1,15359161.0
Bangalore,2333.628420874767,3,4,8.770096212768403,0,Fully Furnished,Top,2,0,0,0,1,1,1,31655517.125
Mumbai,438.00359093718225,3,3,33.691334533488124,0,Unfurnished,Ground,3,0,0,1,0,1,0,4041795.0
Bangalore,1706.8081287858404,2,3,0.14975564226115198,0,Fully Furnished,Top,4,1,0,0,0,0,1,26666350.0
Chennai,2567.793365038683,5,2,15.896326020065432,2,Fully Furnished,Mid,2,0,1,0,0,0,0,28531416.0
Delhi,1641.0171096046713,3,3,15.84917422106409,2,Unfurnished,Top,2,1,0,0,0,0,1,20584136.0
Mumbai,2325.2864816164238,2,2,7.228350096558309,1,Unfurnished,Mid,3,1,0,0,1,0,0,29991432.0
Pune,1185.3939252352789,1,3,3.714111285466645,0,Fully Furnished,Top,5,1,0,2,0,1,1,15704049.0
Ahmedabad,1483.9762529181432,4,1,4.110291125804106,1,Fully Furnished,Mid,3,0,0,0,1,0,1,13674714.0
Pune,1516.7623511942938,2,2,24.176418229241047,2,Semi Furnished,Top,2,0,1,2,1,0,1,15536397.0
Kolkata,400.0,2,3,1.0258384260533835,2,Fully Furnished,Top,2,0,0,1,1,0,1,4612429.0
Mumbai,915.9110860748999,3,2,12.445646740760523,1,Fully Furnished,Top,1,0,0,0,1,1,1,16084193.0
Pune,951.562460308007,3,3,5.497429441622038,1,Semi Furnished,Mid,2,0,0,1,1,0,1,10160599.0
Pune,1911.0330390162637,3,1,4.623329946619437,1,Unfurnished,Top,1,1,1,2,0,1,1,22192359.0
Jaipur,1936.0765528420275,3,3,10.57033291967503,0,Unfurnished,Mid,3,1,1,1,0,0,0,13820710.0
Bangalore,1662.0182213532667,4,4,34.221384076182176,1,Unfurnished,Ground,5,1,0,1,1,1,0,15433659.0
Jaipur,1912.0514484278528,5,2,14.438629876241372,1,Fully Furnished,Top,4,1,1,1,0,0,0,17474008.0
Mumbai,1417.925293639113,2,1,23.31080220020595,1,Semi Furnished,Top,3,0,0,1,1,0,1,16936410.0
Mumbai,2100.9658347697714,3,3,13.770024642076804,1,Semi Furnished,Mid,3,0,0,2,1,0,1,31655517.125
Chennai,1504.394221316036,4,1,17.94581366909567,1,Fully Furnished,Top,3,0,0,1,1,1,1,16254143.0
Jaipur,1528.9320237133782,3,2,8.495277141935084,1,Fully Furnished,Top,2,0,0,1,0,0,0,14029825.0
Hyderabad,1367.2036833687944,3,2,39.051630655580674,0,Fully Furnished,Ground,2,0,0,2,1,0,1,9980270.0
Bangalore,1842.225238818214,2,2,10.455491408045901,2,Fully Furnished,Top,3,0,0,1,0,0,0,25543048.0
Mumbai,1289.4005916935434,3,1,12.036888038076432,1,Unfurnished,Top,3,0,0,1,0,0,1,16476871.0
Chennai,1988.2156885990341,3,1,11.165517792868668,1,Semi Furnished,Ground,4,0,0,1,1,0,0,18282469.0
Jaipur,933.9254296419966,3,1,5.701106172304881,1,Semi Furnished,Mid,3,1,0,0,0,0,0,6319606.0
Bangalore,950.541872635903,5,2,3.944616252773183,2,Semi Furnished,Ground,4,1,0,0,1,1,0,12772962.0
Jaipur,1843.7133775632522,1,2,1.1505425357822368,1,Unfurnished,Ground,1,0,0,1,0,0,1,10748734.0
Pune,1455.7278927084938,2,2,18.997033562867472,1,Unfurnished,Top,4,1,0,0,0,1,1,13594696.0
Chennai,1273.0542919234358,2,2,5.122051101989407,2,Semi Furnished,Top,5,0,0,1,0,0,1,12749468.0
Bangalore,1945.0288662377297,3,3,7.3947355648940505,2,Unfurnished,Mid,3,0,0,2,1,0,1,24414020.0
Lucknow,1196.3692929569577,2,2,37.87246621974179,1,Unfurnished,Mid,3,0,0,0,0,0,1,5138088.0
Kolkata,1399.899372849815,3,3,12.53613053239003,0,Semi Furnished,Mid,5,1,0,1,0,0,1,10714886.0
Kolkata,2199.6139750355796,3,3,1.5317876821222198,2,Fully Furnished,Ground,2,1,0,0,0,1,1,24089779.0
Bangalore,2269.571172905325,3,1,24.112490351507336,2,Semi Furnished,Ground,4,0,0,0,1,1,1,21745568.0
Jaipur,2286.1991051351633,2,2,4.438346939922134,0,Fully Furnished,Ground,2,1,0,0,1,0,1,16883772.0
Chennai,1358.9371115330443,4,2,12.068082459885138,1,Unfurnished,Mid,3,1,0,1,0,0,1,13054216.0
Kolkata,2115.3514524922352,3,3,10.699681232881343,1,Fully Furnished,Mid,3,0,0,0,1,1,1,20985472.0
Chennai,1025.523586115661,4,2,4.0786829445303665,0,Fully Furnished,Top,2,1,0,1,0,0,1,12756516.0
Kolkata,1046.5485626389695,3,4,1.84558859202795,0,Fully Furnished,Ground,5,0,0,1,0,0,1,10191159.0
Pune,400.0,2,3,3.5598087042610413,1,Fully Furnished,Top,2,0,0,2,1,1,0,5659434.0
Jaipur,2336.434100949265,2,2,1.5361032217289943,2,Unfurnished,Mid,2,0,0,1,1,0,0,17171027.0
Pune,1068.010075461961,5,1,4.836753488422256,0,Semi Furnished,Top,2,0,0,2,1,1,0,13309650.0
Kolkata,1436.73371012647,3,2,80.0,2,Semi Furnished,Ground,4,1,0,2,0,0,0,9038646.0
Lucknow,1044.837829035858,1,2,7.714782399550414,2,Fully Furnished,Mid,2,1,0,2,1,0,0,7780941.0
Lucknow,1847.5826241650702,3,2,29.9142011677249,2,Semi Furnished,Ground,3,0,0,1,1,0,1,9161742.0
Pune,1312.1831696413299,3,3,11.950230194516921,1,Semi Furnished,Mid,4,1,1,0,1,0,1,14217915.0
Lucknow,847.5915547835253,3,3,16.47542337157265,1,Semi Furnished,Ground,2,0,0,1,0,0,0,5045706.0
Kolkata,1720.8312820930303,2,2,2.5502273375086135,1,Semi Furnished,Top,2,1,0,0,1,0,1,15863037.0
Bangalore,783.1349875948857,4,2,4.819738363470972,2,Unfurnished,Mid,1,0,0,2,1,1,0,9866185.0
Pune,1081.2971373422542,2,1,10.713828638165078,1,Semi Furnished,Ground,3,0,0,0,1,1,1,9287224.0
Delhi,446.5554426869596,2,2,31.94756763752892,0,Fully Furnished,Mid,2,0,0,1,0,0,0,4032192.0
Jaipur,788.0209439011966,3,3,0.6575234921547378,0,Semi Furnished,Mid,3,0,0,1,1,1,1,6986340.0
Lucknow,1589.264584860239,2,2,10.606256464430029,1,Unfurnished,Ground,4,0,0,1,1,0,1,8338007.0
Lucknow,517.7319809485376,3,3,0.7853902390975349,2,Semi Furnished,Top,4,0,0,0,0,0,1,4312640.0
Mumbai,759.4271376891421,1,4,9.154791744745403,1,Fully Furnished,Mid,3,1,0,2,0,1,0,13221024.0
Hyderabad,1498.815541933596,3,2,14.86796870732859,1,Unfurnished,Ground,4,0,0,1,1,1,0,11033178.0
Pune,1228.1965519534738,4,1,20.48110198152135,0,Semi Furnished,Mid,2,0,0,0,1,0,0,10554062.0
Ahmedabad,2496.0183179796545,3,2,2.2367606148898727,2,Fully Furnished,Top,3,0,0,2,0,1,1,25604252.0
Lucknow,2416.9482730121877,3,1,2.7331785443966066,1,Fully Furnished,Top,2,0,0,1,1,1,1,21166837.0
Jaipur,1066.0387686244233,3,2,9.525011605455571,2,Fully Furnished,Ground,3,0,0,0,0,1,0,7740896.0
Delhi,1778.5688092017408,3,3,80.0,1,Semi Furnished,Top,3,0,1,1,1,0,0,21830876.0
Lucknow,1874.6412784397257,4,2,6.601939225463377,1,Unfurnished,Mid,2,1,0,0,0,1,1,12620626.0
Delhi,1201.2605709877982,2,3,8.366856791382828,1,Semi Furnished,Top,4,0,0,1,0,0,0,15999698.0
Kolkata,752.2292317508981,4,3,8.496310331536023,0,Unfurnished,Top,2,0,0,0,0,0,0,5494025.0
Kolkata,1493.8507753459712,4,3,1.2621549235812712,0,Unfurnished,Top,3,0,0,2,0,1,0,13201740.0
Hyderabad,1413.5771625929444,3,2,22.319734121660318,0,Fully Furnished,Mid,3,0,0,1,1,0,0,10500699.0
Bangalore,1282.1177515146903,2,3,4.3773901893824,1,Fully Furnished,Top,3,0,0,0,1,0,0,19259292.0
Ahmedabad,1721.1584340822426,1,3,18.24407473428693,1,Fully Furnished,Mid,1,0,0,1,1,0,1,14008992.0
Mumbai,1124.6351964972007,3,2,9.66792343242906,0,Semi Furnished,Ground,3,0,0,2,0,0,0,15069501.0
Hyderabad,924.0012262104285,4,4,14.192736385993198,1,Unfurnished,Mid,1,1,0,2,1,0,1,8458821.0
Chennai,1554.541485174916,3,4,0.8322409172444691,1,Fully Furnished,Mid,4,1,1,0,1,1,1,23209893.0
Mumbai,1692.9850462844379,2,2,33.10444502984519,1,Semi Furnished,Ground,2,0,1,0,1,0,1,18838508.0
Pune,911.6775280499735,2,3,4.1928669346208265,0,Unfurnished,Top,2,0,0,2,1,0,0,9398902.0
Jaipur,1964.0453054955406,3,2,16.634275790074955,1,Unfurnished,Top,3,1,0,0,0,0,1,11761904.0
Chennai,614.7594311119609,3,2,23.993733003690846,1,Semi Furnished,Ground,3,0,0,0,0,0,1,4360277.0
Chennai,1210.9432706421783,2,2,11.64919441572408,0,Unfurnished,Top,2,1,0,1,1,1,0,10508144.0
Hyderabad,1370.9957319011955,1,2,6.172263296824923,1,Semi Furnished,Top,2,1,0,0,1,0,1,12642343.0
Bangalore,1181.888143674035,3,2,57.18495560352592,0,Fully Furnished,Ground,1,0,0,0,1,1,0,11103784.0
Hyderabad,1217.4697632244038,3,2,4.895090201528561,2,Unfurnished,Top,3,0,0,1,0,0,1,11993313.0
Pune,2435.537241154057,3,3,44.53995940558067,2,Semi Furnished,Ground,4,0,0,1,1,0,0,18947520.0
Lucknow,1074.5579554805506,4,1,2.5480257133746487,1,Fully Furnished,Top,2,0,0,2,1,0,0,10266585.0
Lucknow,2720.6108612359567,3,1,7.395329099380865,1,Fully Furnished,Top,2,0,1,1,0,1,1,23754972.0
Bangalore,1718.563389865526,2,2,2.2361264588272567,1,Fully Furnished,Top,1,0,0,1,0,0,1,26828426.0
Pune,1546.027568655996,3,2,0.033644800329788456,1,Unfurnished,Top,4,0,0,0,1,0,0,14318595.0
Bangalore,1738.120176693833,5,2,4.521817991176637,1,Fully Furnished,Ground,3,1,0,0,1,1,1,27822037.0
Delhi,2764.963874625976,4,2,1.3687481253058933,0,Fully Furnished,Mid,4,0,0,0,1,1,0,31655517.125
Lucknow,1003.203498034276,4,2,64.40531748592934,0,Fully Furnished,Mid,3,1,0,0,1,0,1,5686062.0
Chennai,939.7910405318054,3,2,21.510435268962397,0,Semi Furnished,Ground,4,1,1,2,0,1,1,8559935.0
Ahmedabad,1122.5669017140394,4,2,0.055675141158303104,1,Unfurnished,Ground,5,0,0,0,1,1,0,8613728.0
Jaipur,1516.0715734822804,4,3,3.7972114582230114,2,Fully Furnished,Top,2,1,1,1,0,0,0,18467791.0
Pune,637.1144375937133,3,2,16.635587762247386,1,Unfurnished,Top,3,0,0,2,0,1,1,5528998.0
Mumbai,1511.169619659304,2,3,7.626230789979698,0,Fully Furnished,Mid,3,1,1,0,0,1,1,26797572.0
Bangalore,2346.773566706836,5,1,26.742819205040796,0,Semi Furnished,Mid,1,1,0,2,0,1,1,24882098.0
Jaipur,1575.7036953123888,3,2,10.543744502277656,1,Fully Furnished,Ground,3,0,0,2,1,1,1,12757868.0
Mumbai,1353.6572705123615,2,2,15.904643304724887,0,Unfurnished,Ground,4,0,1,1,0,1,1,16310313.0
Jaipur,1190.9197756581864,2,3,13.633672790139714,1,Fully Furnished,Top,4,0,0,1,1,1,1,10161990.0
Ahmedabad,1949.2558522757822,3,2,15.248666285180137,0,Unfurnished,Top,4,1,0,0,1,1,1,13711931.0
Mumbai,1087.0836133809762,3,3,3.922397309546551,1,Unfurnished,Top,5,1,1,2,0,0,1,19381774.0
Hyderabad,2423.197960299624,2,2,7.00905705688948,1,Semi Furnished,Mid,3,0,1,1,0,0,0,21077218.0
Kolkata,2466.679873857179,3,1,0.7793382793310089,2,Fully Furnished,Mid,2,0,0,1,0,0,1,24326817.0
Hyderabad,1628.3753993308937,4,3,13.28775109020557,1,Unfurnished,Ground,3,0,1,1,1,0,1,13876114.0
Lucknow,1494.2424559616775,3,2,9.222207945715443,0,Semi Furnished,Mid,3,0,0,1,1,0,1,9757218.0
Kolkata,2015.3299041207797,2,1,21.451571561309677,1,Unfurnished,Top,2,0,0,0,0,0,1,11877394.0
Hyderabad,2047.3992511136626,3,2,3.467304408970687,0,Semi Furnished,Ground,4,0,0,1,1,0,1,16935581.0
Kolkata,1097.0041344702922,1,2,8.612129809112817,1,Fully Furnished,Mid,3,0,1,0,1,1,0,10148130.0
Kolkata,1236.722433431649,3,1,2.990406253168101,0,Fully Furnished,Top,4,1,1,1,0,1,0,14403648.0
Chennai,838.8262826583523,3,2,14.277961355485374,0,Fully Furnished,Ground,2,0,0,1,0,0,1,7564287.0
Bangalore,1704.5324691670285,4,2,28.26110750919795,1,Fully Furnished,Mid,4,0,0,0,0,0,1,18364210.0
Bangalore,1833.3139417284453,3,2,21.750865642457747,0,Fully Furnished,Ground,2,0,0,0,1,1,0,18710385.0
Chennai,825.0371810693636,1,1,43.28917616212639,1,Fully Furnished,Ground,3,0,1,1,1,1,0,6534147.0
Jaipur,1272.4005475919205,3,4,53.48707364218011,1,Unfurnished,Mid,1,0,0,1,0,1,0,6938733.0
Delhi,826.3730412093254,3,2,22.178373046311457,1,Unfurnished,Top,3,0,0,0,1,1,1,9449834.0
Jaipur,1050.600094878081,4,3,5.070028882969777,1,Semi Furnished,Mid,1,0,0,1,1,1,1,8183349.0
Mumbai,1775.5085301131498,4,3,3.712722826303725,1,Fully Furnished,Top,2,1,0,0,1,0,0,31655517.125
Mumbai,1133.2589666608603,2,2,8.900858997654023,1,Fully Furnished,Ground,4,0,0,0,1,1,0,16335215.0
Kolkata,1349.5870219838507,2,1,76.45195580735287,0,Unfurnished,Top,4,0,0,0,1,0,1,7281648.0
Hyderabad,686.3441360263423,2,2,7.982476001217754,2,Semi Furnished,Top,4,1,0,1,0,1,1,7193223.0
Hyderabad,1593.495104862332,4,2,3.32969613027572,2,Semi Furnished,Ground,2,0,0,0,1,0,0,14727213.0
Bangalore,1477.8633400776755,1,2,43.32817840676888,2,Semi Furnished,Mid,3,1,0,0,1,0,1,13207757.0
Pune,1135.5203749834188,2,3,7.314401591696679,1,Fully Furnished,Ground,2,1,0,1,0,1,1,13225186.0
Jaipur,1405.492851158763,3,2,17.611302447157954,1,Fully Furnished,Top,3,1,0,1,0,1,1,11734178.0
Lucknow,1590.1474402517222,2,2,23.278362930380137,1,Semi Furnished,Mid,2,0,0,0,0,1,0,7195861.0
Ahmedabad,1092.565925545328,2,1,27.78754460610431,0,Fully Furnished,Mid,2,0,0,2,1,0,1,6888468.0
Hyderabad,761.8687279991103,3,3,25.829056646235532,0,Fully Furnished,Ground,3,1,0,0,0,0,1,6141401.0
Ahmedabad,2402.7872163434076,2,2,27.140928710973654,1,Fully Furnished,Ground,2,0,0,0,1,1,1,15228949.0
Kolkata,1183.3636476448637,3,2,16.52365442557776,1,Fully Furnished,Top,3,0,0,2,1,1,0,11559728.0
Ahmedabad,1451.6199484065553,5,1,7.7584681689079025,0,Semi Furnished,Mid,2,0,0,1,1,0,0,11682229.0
Lucknow,2005.4198675101568,2,1,16.5071187578303,1,Semi Furnished,Mid,3,0,0,1,1,1,0,11881067.0
Chennai,2858.437593116735,3,3,27.18564828825282,0,Unfurnished,Ground,2,1,0,2,1,0,1,24080493.0
Lucknow,877.7567750555671,4,3,6.476577180050599,1,Fully Furnished,Ground,3,1,1,1,0,0,1,8157303.0
Ahmedabad,1724.913606863255,4,3,5.275481406083139,1,Fully Furnished,Top,2,1,0,2,1,1,1,20315164.0
Lucknow,1146.2238573529469,3,2,6.317224113279985,0,Fully Furnished,Top,2,1,0,0,1,0,1,9358993.0
Delhi,1230.6048477116447,3,4,12.020456431051773,0,Unfurnished,Mid,2,1,0,1,0,1,1,15436093.0
Kolkata,1139.8939894966052,2,2,0.8080366313252968,0,Unfurnished,Ground,4,1,1,1,0,0,1,9586332.0
Jaipur,937.1725160997075,3,2,22.641908182998,0,Unfurnished,Top,1,0,1,0,1,1,0,5598157.0
Chennai,1479.3543191076692,5,2,2.2423327189429103,1,Unfurnished,Mid,2,1,0,2,0,0,1,15498130.0
Hyderabad,762.7486564758822,3,1,2.1379533876037295,2,Fully Furnished,Top,3,0,0,2,0,0,0,9186453.0
Mumbai,1973.4037832559352,3,2,3.303326222047362,1,Fully Furnished,Mid,2,0,0,2,1,0,1,31655517.125
Jaipur,1527.5014680166873,2,2,12.903173491803788,2,Fully Furnished,Top,2,0,0,0,0,0,1,11549503.0
Mumbai,1711.21748645072,3,2,5.044019754117275,2,Unfurnished,Ground,3,0,0,0,0,0,1,24419407.0
Kolkata,1266.9056940268886,3,2,6.885132309926272,1,Semi Furnished,Mid,2,0,0,0,1,0,0,9802220.0
Chennai,1316.398032894126,3,3,40.24651063489508,0,Semi Furnished,Ground,3,1,0,2,0,1,0,9648097.0
Bangalore,1643.781952583664,1,4,28.179595038248642,2,Fully Furnished,Ground,1,0,0,1,0,1,1,17820294.0
Hyderabad,917.9746837970872,3,2,28.67746830681315,1,Semi Furnished,Mid,2,1,0,0,0,0,0,6703082.0
Delhi,1321.0047827933322,3,3,12.928523830870207,2,Unfurnished,Top,3,1,1,2,1,0,1,21720727.0
Bangalore,1070.193243060773,2,3,30.201003824083926,1,Unfurnished,Top,3,1,0,1,0,1,1,10007600.0
Kolkata,1054.7155947044928,2,4,22.61444870296039,1,Fully Furnished,Mid,2,1,0,1,1,1,0,9726840.0
Jaipur,445.0808796871793,2,2,45.939881586172376,2,Semi Furnished,Mid,3,1,0,1,0,0,0,2357791.0
Delhi,2169.66329474,3,3,0.9980021263847231,1,Fully Furnished,Ground,3,0,0,1,1,1,1,31655517.125
Lucknow,1156.7306234231155,3,2,0.43721751545944537,1,Unfurnished,Mid,3,1,0,0,0,0,1,7549595.0
Ahmedabad,2081.688027581775,4,2,2.8861227763883033,1,Semi Furnished,Mid,2,0,0,2,0,0,1,17750976.0
Delhi,2034.3961606971461,2,3,39.694061567278695,2,Unfurnished,Mid,5,0,1,2,1,0,1,21673658.0
Kolkata,857.0001467417532,4,3,13.954517796305804,1,Semi Furnished,Ground,3,1,1,0,1,0,1,7493243.0
Pune,955.7943821635771,3,2,8.329828886056994,1,Fully Furnished,Ground,2,0,0,0,0,1,0,9948755.0
Ahmedabad,2780.251479677842,3,3,10.783470433656435,1,Unfurnished,Ground,2,0,1,2,0,0,0,20599238.0
Mumbai,2375.462970963572,2,2,26.544503867522394,1,Fully Furnished,Ground,4,1,0,2,0,1,1,31655517.125
Hyderabad,1484.2407433359479,2,2,39.6993875988577,0,Unfurnished,Mid,2,0,0,1,1,0,1,8195481.0
Mumbai,1628.6865532086747,5,2,19.62327769700676,0,Semi Furnished,Ground,1,0,0,0,1,0,1,21432379.0
Delhi,1184.5767985264056,3,3,21.3972379068593,0,Semi Furnished,Mid,1,1,0,1,1,0,0,13537134.0
Mumbai,1716.17635710017,3,4,5.793278740616209,2,Unfurnished,Ground,3,0,0,1,1,1,1,23123394.0
Kolkata,1141.4090496387644,2,3,9.43949834109818,1,Unfurnished,Mid,3,1,0,1,1,0,0,8495307.0
Lucknow,483.82311785080765,4,1,32.46978888512803,1,Unfurnished,Top,3,0,0,1,0,1,0,2552559.0
Jaipur,839.2221067444746,2,1,23.122071217405217,2,Semi Furnished,Ground,3,0,1,0,1,0,0,4622090.0
Hyderabad,1510.5463739252937,3,1,17.293061550325454,0,Fully Furnished,Mid,4,1,0,0,1,0,1,13257768.0
Mumbai,934.4663822487062,3,1,1.0120917022303657,0,Fully Furnished,Mid,2,1,1,1,1,1,1,20965617.0
Mumbai,1466.3612675432328,3,2,0.6046321972731662,2,Unfurnished,Ground,3,0,0,0,0,0,1,21040035.0
Delhi,962.6694802835684,3,2,2.0960179099807306,1,Fully Furnished,Ground,4,0,0,2,1,1,1,15778968.0
Jaipur,1108.8230387490032,3,1,13.062273088989617,0,Fully Furnished,Mid,1,1,0,0,1,0,0,7997167.0
Bangalore,1926.5826532065958,4,3,11.530571958209329,2,Fully Furnished,Top,3,0,0,0,0,0,1,31009562.0
Mumbai,1623.7402738200524,4,2,42.88941859365678,1,Fully Furnished,Ground,3,1,0,0,1,0,1,21424519.0
Kolkata,1495.1677893433264,4,3,17.799836209556325,2,Semi Furnished,Top,4,0,0,0,0,1,1,13764966.0
Pune,1939.4819865353256,2,2,5.221518849169947,0,Semi Furnished,Mid,2,0,0,0,0,1,1,17279055.0
Hyderabad,1740.3042966736737,4,2,2.642044165673764,1,Semi Furnished,Mid,3,1,0,1,1,0,0,17552470.0
Mumbai,2223.2816456256837,2,2,28.410196177665245,1,Unfurnished,Top,2,0,1,2,1,0,0,28051170.0
Kolkata,1270.0703688424298,2,2,9.232354159686597,1,Unfurnished,Ground,2,0,0,2,0,0,0,7988441.0
Kolkata,1285.1825107362456,4,2,15.896766504908232,0,Semi Furnished,Mid,5,1,0,1,1,0,0,9761547.0
Hyderabad,849.4453668043274,4,2,12.491091487382823,0,Fully Furnished,Ground,3,1,0,1,0,0,1,8120393.0
Bangalore,1285.50964131379,3,3,1.7051978194914752,1,Semi Furnished,Ground,4,1,0,1,1,0,1,16166927.0
Kolkata,1982.3849471512228,4,3,0.8812636645713519,1,Fully Furnished,Top,4,0,0,0,1,0,0,22887894.0
Pune,2149.993686131067,5,2,7.09856936396266,0,Fully Furnished,Mid,3,1,0,1,1,0,1,25963515.0
Kolkata,1980.152584043334,3,2,6.730685717331591,1,Semi Furnished,Ground,5,0,0,0,1,0,1,15227896.0
Kolkata,602.9040667252818,3,3,16.803582058830457,1,Unfurnished,Ground,4,0,0,0,0,0,0,4002030.0
Kolkata,2041.5726063303673,4,3,15.003256186574717,1,Fully Furnished,Ground,3,0,0,0,0,0,0,17131347.0
Lucknow,580.7406883639646,2,2,52.077965314547775,1,Fully Furnished,Mid,2,0,0,2,1,0,0,2994539.0
Lucknow,1949.0586620611737,2,3,29.289437861189544,1,Semi Furnished,Top,1,1,0,0,0,0,1,10429129.0
Bangalore,1316.1077367144724,4,1,10.2950322671747,1,Fully Furnished,Top,3,0,0,1,1,1,1,20532038.0
Mumbai,1851.2666569669277,3,1,10.397968304563271,0,Fully Furnished,Mid,2,1,0,0,1,1,1,30550115.0
Kolkata,833.7758260527171,2,2,16.818815767906894,0,Semi Furnished,Top,3,0,0,1,1,1,0,6677705.0
Jaipur,2085.5838163530734,3,1,1.8171085724518992,1,Fully Furnished,Top,1,0,0,1,1,0,1,18947524.0
Mumbai,767.5126269475555,3,2,80.0,2,Unfurnished,Top,4,0,0,0,1,1,0,8638138.0
Bangalore,1165.772544573411,5,2,10.972336957881897,0,Unfurnished,Top,3,1,0,1,0,0,0,14133372.0
Chennai,1000.9526861154824,3,3,36.10333815405269,1,Unfurnished,Top,3,0,0,1,0,0,0,7312376.0
Mumbai,622.8575735887505,3,2,51.3315668849455,0,Semi Furnished,Ground,2,1,0,1,1,0,0,6667874.0
Mumbai,1547.263783794234,5,2,13.071292834008121,1,Semi Furnished,Mid,4,0,1,1,0,0,0,25885633.0
Ahmedabad,2403.0445589184806,4,1,1.6363226133618476,0,Unfurnished,Ground,2,1,0,0,0,1,1,16910602.0
Delhi,2833.4526111600044,3,2,12.776721744725162,2,Semi Furnished,Ground,4,1,0,1,0,0,1,31655517.125
Ahmedabad,1548.577893543124,4,1,13.656211888679449,1,Semi Furnished,Mid,2,0,0,1,1,1,1,11710523.0
Pune,2058.3406375337613,3,3,23.352193572654812,0,Semi Furnished,Ground,1,1,0,1,1,0,1,17756955.0
Lucknow,1616.0473189642687,2,3,0.7414664980424058,1,Unfurnished,Top,3,0,0,1,1,1,0,11349163.0
Lucknow,1749.4415973841064,2,2,9.4192528462788,0,Semi Furnished,Ground,5,1,1,2,0,1,1,11204838.0
Delhi,1328.9256744363806,3,1,38.41455962157679,0,Semi Furnished,Mid,3,1,0,2,0,0,1,12621874.0
Hyderabad,1597.538462711301,3,3,71.16489539884722,0,Unfurnished,Ground,3,0,0,0,1,1,0,8841655.0
Hyderabad,1768.7393523032142,3,2,3.1864425109893415,2,Unfurnished,Top,3,0,0,1,0,0,0,16335233.0
Bangalore,1210.7701355618342,3,2,30.672586692403407,0,Semi Furnished,Mid,2,0,0,1,1,1,0,11208242.0
Delhi,1461.252850053506,1,2,2.371762889055808,2,Semi Furnished,Ground,3,0,1,1,1,0,1,20568975.0
Mumbai,1470.784940501256,2,3,27.599231276111787,0,Fully Furnished,Top,2,0,0,2,0,0,0,18256268.0
Hyderabad,1913.2016586652624,3,2,4.870953939971699,0,Unfurnished,Mid,2,0,0,1,1,1,1,16239292.0
Kolkata,966.9839141861597,2,3,48.14326630370207,2,Fully Furnished,Mid,3,1,1,1,1,1,0,8064784.0
Jaipur,1474.2288956961743,3,1,17.836102824180877,1,Fully Furnished,Top,2,1,1,1,1,0,1,11987291.0
Mumbai,2456.002734526349,3,1,7.640165854755594,1,Fully Furnished,Mid,4,0,0,2,1,0,0,31655517.125
Pune,2082.0300762929687,3,3,4.947852429544903,1,Fully Furnished,Mid,1,0,0,1,1,0,1,26714360.0
Kolkata,2174.5895244443527,3,2,4.022849801989713,0,Unfurnished,Ground,2,1,0,0,1,1,1,15839634.0
Kolkata,1512.2159200890171,3,2,17.128700632103186,1,Unfurnished,Top,3,1,0,2,1,1,1,12671166.0
Delhi,1660.4987818430116,4,1,33.920352086398765,1,Unfurnished,Ground,4,1,0,2,0,1,1,15820939.0
Bangalore,2001.1180833514627,5,2,21.09390356650564,0,Fully Furnished,Ground,3,0,0,1,0,0,0,21689797.0
Pune,2280.127764765465,4,2,27.008207948204088,2,Unfurnished,Ground,2,1,0,1,1,1,0,18802796.0
Hyderabad,524.1985435585567,3,3,22.80656174968305,1,Unfurnished,Top,2,0,0,0,0,1,0,3904786.0
Delhi,842.2793464750772,2,3,58.05434127659275,0,Unfurnished,Mid,2,0,0,0,0,1,1,6552945.0
Hyderabad,2154.722050701324,3,4,21.27017685067444,1,Semi Furnished,Top,2,0,0,0,0,0,0,15907720.0
Delhi,1361.5553221155983,4,3,3.5401745887854013,2,Fully Furnished,Mid,2,1,0,1,1,0,0,23812757.0
Delhi,1164.1396053709614,2,3,23.524329086459748,1,Unfurnished,Top,3,0,0,1,0,1,0,11713118.0
Delhi,872.919506502198,2,3,5.830654479186704,1,Unfurnished,Mid,2,1,0,1,0,1,1,11426637.0
Bangalore,1222.4916492279453,2,3,80.0,2,Fully Furnished,Ground,1,0,1,1,1,0,0,14253881.0
Delhi,798.8153582880876,3,2,7.090251132150407,1,Fully Furnished,Ground,2,0,0,0,1,0,1,11471205.0
Chennai,2545.547136366238,3,2,5.196494074442112,1,Unfurnished,Mid,3,0,0,2,1,1,1,23480139.0
Jaipur,1488.7819740097132,2,3,4.10108669128117,0,Semi Furnished,Ground,2,1,0,0,0,1,1,10081465.0
Hyderabad,1471.0247291186413,4,2,16.11675758841428,1,Unfurnished,Top,2,0,0,0,1,0,0,11123070.0
Mumbai,1794.038337583916,3,3,1.7348852612551995,1,Semi Furnished,Top,3,0,1,1,0,0,0,31655517.125
Ahmedabad,1981.1725846332847,3,2,46.04387363239086,2,Fully Furnished,Top,3,0,0,2,0,0,0,14585096.0
Pune,1972.9440782773197,3,2,5.228745407836276,0,Fully Furnished,Mid,2,1,0,2,1,1,0,27242816.0
Lucknow,2036.8109719537858,2,3,5.251888204329735,0,Semi Furnished,Mid,3,0,0,1,1,0,0,12630029.0
Bangalore,1184.5772246045717,3,2,0.707413389687157,0,Fully Furnished,Top,4,0,0,1,0,1,0,18316833.0
Mumbai,1351.0665975215693,3,4,4.235792167472315,1,Semi Furnished,Mid,3,0,0,2,0,0,1,22978881.0
Kolkata,1884.5158277211376,3,4,8.14453485543876,0,Unfurnished,Top,1,0,0,0,0,0,1,14230448.0
Chennai,1236.30546918019,4,3,6.921163159002678,2,Unfurnished,Ground,2,1,0,0,1,1,1,12270705.0
Lucknow,1497.4466839863876,3,1,4.782843061120695,2,Fully Furnished,Ground,3,0,1,1,1,0,1,11588480.0
Ahmedabad,1699.3818822124072,2,2,0.6239568890925999,1,Fully Furnished,Ground,2,1,0,2,0,0,0,16261432.0
Mumbai,1892.592541155188,3,2,5.362587341179399,0,Fully Furnished,Top,2,0,0,0,1,0,0,31655517.125
Lucknow,611.1595188148993,4,3,22.598545833371016,1,Semi Furnished,Mid,3,1,0,1,1,0,0,3617278.0
Mumbai,1857.3728249444725,2,2,8.6649627610891,2,Fully Furnished,Top,2,1,0,0,0,0,1,31655517.125
Chennai,1383.1379710741373,2,1,5.153744167906665,0,Unfurnished,Top,2,0,1,2,0,1,1,14068426.0
Ahmedabad,1853.7288554321906,3,1,5.453165858673254,1,Unfurnished,Top,3,0,0,2,0,1,1,15323726.0
Kolkata,1888.4658461774143,3,2,12.126268826755506,1,Unfurnished,Ground,4,0,0,2,1,0,1,13863446.0
Delhi,2303.957530559579,2,3,5.39933359854253,2,Semi Furnished,Ground,3,0,0,2,0,1,1,31350344.0
Hyderabad,2176.7268238106017,3,1,14.946142756186857,0,Unfurnished,Ground,4,0,0,2,0,0,0,14267228.0
Kolkata,2173.2858313051483,3,2,68.2808602778006,0,Unfurnished,Top,2,0,1,0,0,1,1,14013194.0
Delhi,2221.835159583119,4,3,0.6307224042182061,1,Fully Furnished,Mid,4,0,0,1,1,0,1,31655517.125
Bangalore,1645.689492407973,2,3,2.7721313121503295,1,Unfurnished,Mid,3,0,0,0,1,1,1,17948561.0
Jaipur,1516.09254351842,4,3,2.960447567308878,1,Fully Furnished,Mid,4,0,1,0,1,1,1,16605816.0
Pune,1936.4085415891673,2,3,8.887866641185726,0,Unfurnished,Mid,2,0,1,0,0,0,1,17234806.0
Pune,1866.040475716511,3,1,0.6345136895450273,1,Unfurnished,Mid,3,1,0,2,1,1,0,20662620.0
Hyderabad,1345.46688163087,3,2,9.737573896661772,1,Fully Furnished,Mid,4,0,0,1,0,0,0,12570519.0
Ahmedabad,1702.411704404134,3,4,39.66024326513053,1,Fully Furnished,Top,4,0,0,1,0,0,1,13375586.0
Chennai,1482.451766607703,4,4,0.1744720914045179,2,Unfurnished,Ground,2,0,0,1,1,0,1,16850520.0
Ahmedabad,1073.033545769972,1,2,6.810510188609851,2,Semi Furnished,Mid,4,0,0,0,0,0,1,7648651.0
Chennai,2145.230370688175,3,3,21.462710364635683,1,Semi Furnished,Ground,3,1,0,0,0,0,1,17691547.0
Ahmedabad,1527.5996212650446,2,4,2.5173090904928914,1,Fully Furnished,Top,3,1,0,1,0,1,0,16874638.0
Jaipur,2524.3541288494253,3,2,1.2109779673696277,1,Fully Furnished,Mid,5,0,0,0,1,0,1,21093438.0
Bangalore,687.2538649000836,1,1,14.945379674274866,0,Unfurnished,Ground,1,1,0,1,1,0,1,5460721.0
Bangalore,1221.6106135783168,4,3,0.1500112539631198,1,Semi Furnished,Top,2,1,0,1,1,0,1,21528424.0
Delhi,1516.3194183454357,4,4,24.274946760899876,0,Semi Furnished,Top,2,0,0,0,0,1,1,18846051.0
Lucknow,2068.690548814457,4,3,1.0378840527955642,0,Unfurnished,Mid,4,1,0,2,1,1,0,16259799.0
Bangalore,1699.7346863010926,2,3,11.146229164745835,1,Semi Furnished,Ground,1,1,0,1,1,0,0,20344118.0
Bangalore,1655.2363770903758,3,2,20.213474427375978,1,Unfurnished,Mid,3,0,0,2,0,0,0,14571111.0
Kolkata,936.3681037229264,1,1,4.15629585707795,1,Unfurnished,Mid,3,1,0,1,1,1,0,6470752.0
Kolkata,921.5293013852644,4,2,1.6395267827357176,1,Fully Furnished,Mid,2,1,0,1,1,0,1,10571538.0
Delhi,1661.2523301449523,3,4,2.896905691352811,2,Unfurnished,Mid,2,1,0,2,1,0,0,24851611.0
Lucknow,817.9470030908208,3,2,28.93262477581068,1,Semi Furnished,Top,1,0,0,1,1,0,1,4311661.0
Hyderabad,1234.0611248553357,3,1,18.35142725148722,1,Semi Furnished,Top,2,0,0,1,1,0,0,8842765.0
Kolkata,1750.4586645429288,2,4,3.3115340170298397,0,Unfurnished,Top,4,1,0,1,0,0,1,15690069.0
Hyderabad,1008.837863861612,3,2,18.888097099725698,2,Fully Furnished,Ground,4,0,0,0,0,0,1,8289546.0
Mumbai,2302.6779811809033,2,3,18.496811130505478,0,Semi Furnished,Mid,4,1,1,1,1,1,1,31655517.125
Kolkata,2111.968172118945,5,2,80.0,2,Fully Furnished,Top,2,1,0,0,0,1,1,19748158.0
Jaipur,714.2900008308499,4,1,7.452756585542598,2,Unfurnished,Top,3,0,0,1,0,0,0,5104446.0
Lucknow,1033.8143784090064,3,2,30.020937906097217,1,Unfurnished,Top,4,0,0,1,0,1,0,4969470.0
Delhi,400.0,4,4,8.87084975724416,2,Semi Furnished,Top,4,0,0,1,0,0,1,6071560.0
Mumbai,1108.7043187259333,3,1,34.20651713298315,1,Semi Furnished,Top,1,0,1,1,1,0,0,15191101.0
Lucknow,1883.1942382861998,4,3,1.4410652726593933,2,Fully Furnished,Ground,2,1,0,0,1,0,1,17561206.0
Jaipur,1293.0525288625715,3,2,2.891263651077643,1,Unfurnished,Ground,4,1,1,0,0,0,0,9118451.0
Lucknow,1730.3986218079838,3,2,28.452236774059656,1,Fully Furnished,Ground,3,0,1,1,0,0,1,9111590.0
Jaipur,738.8328408591279,3,2,25.663783124939084,0,Semi Furnished,Mid,4,1,0,2,0,1,1,4631759.0
Jaipur,1898.9876272909528,1,3,5.467016838482765,1,Semi Furnished,Ground,3,1,0,0,1,0,0,10425132.0
Hyderabad,1222.445386035825,3,2,13.62477586406523,2,Fully Furnished,Ground,2,1,0,0,0,0,0,10471009.0
Ahmedabad,1506.0848411414527,1,2,7.23599549099087,2,Unfurnished,Mid,3,0,0,2,1,1,0,10830886.0
Mumbai,1453.5627493034735,5,3,0.15556413141348024,2,Semi Furnished,Ground,3,1,0,0,0,1,1,26391853.0
Lucknow,864.225739553858,2,1,0.39676330771324453,0,Unfurnished,Ground,2,1,0,0,1,1,1,5197044.0
Chennai,923.4578341301088,3,1,0.8367561916384391,1,Semi Furnished,Ground,2,1,0,0,1,1,1,8997156.0
Mumbai,1983.897234501713,4,1,13.52369782782327,1,Unfurnished,Top,2,0,0,0,0,1,1,25973778.0
Ahmedabad,1699.4960787508478,2,3,4.911480778981651,1,Semi Furnished,Top,3,0,0,1,0,1,1,13808819.0
Mumbai,2025.0245207767134,3,2,2.3313675824925535,1,Unfurnished,Mid,3,0,0,0,1,1,1,27458602.0
Bangalore,1662.3291177512592,3,3,42.486637271860005,1,Unfurnished,Mid,3,0,0,1,1,1,1,15746421.0
Chennai,1571.4953174046082,2,2,1.9399947102214843,1,Semi Furnished,Mid,2,0,0,1,1,1,1,16527980.0
Ahmedabad,636.9946906666167,4,2,16.812027219027694,1,Unfurnished,Mid,4,0,0,0,1,0,0,4078207.0
Hyderabad,1364.816651619415,2,3,33.687427297894665,1,Unfurnished,Mid,3,0,0,1,0,1,1,7907216.0
Lucknow,1486.307839798128,2,2,2.683844089930104,1,Semi Furnished,Top,2,1,0,0,1,1,1,10936653.0
Pune,2476.553599136287,3,3,3.625908999407056,0,Fully Furnished,Top,1,0,0,2,0,1,0,30203760.0
Ahmedabad,1843.4783160493387,3,2,12.793174708071481,2,Semi Furnished,Ground,3,1,0,0,0,0,1,13300690.0
Delhi,2268.0305908547643,4,2,10.652834141500612,0,Fully Furnished,Ground,2,0,0,1,1,0,0,31655517.125
Lucknow,1798.7688529473642,4,2,11.041678814516281,1,Semi Furnished,Top,2,1,0,1,0,0,0,12417139.0
Ahmedabad,1144.3483865252604,3,1,12.134368111547158,0,Fully Furnished,Top,4,0,0,0,0,1,1,8673131.0
Bangalore,1558.5621080749256,3,1,44.90688713100633,1,Fully Furnished,Ground,2,0,0,1,1,0,1,14605155.0
Pune,1618.1118231321166,3,2,0.8301228238357731,2,Semi Furnished,Ground,3,1,0,2,1,1,0,18375523.0
Bangalore,1030.4222151146591,2,2,21.43480410482557,0,Unfurnished,Mid,3,1,1,0,1,1,1,9903571.0
Pune,1307.8063117035394,3,1,3.9693775126867834,2,Semi Furnished,Ground,2,1,0,1,1,0,0,14203036.0
Delhi,1397.116503161414,4,2,7.018352047823537,0,Fully Furnished,Top,2,1,0,0,1,1,0,22870985.0
Lucknow,2302.8099162825592,3,2,1.402979954557352,0,Fully Furnished,Mid,4,0,0,0,1,1,0,17544538.0
Hyderabad,459.62973730451085,2,2,8.848756757717796,2,Fully Furnished,Mid,2,0,0,1,0,0,0,4385826.0
Bangalore,2102.9092103580215,3,1,24.461398199196424,1,Semi Furnished,Mid,4,0,1,1,1,0,0,21754213.0
Bangalore,1031.6023825203085,2,2,1.5594280554906994,0,Fully Furnished,Mid,4,0,0,1,0,0,1,12894363.0
Jaipur,813.960406365193,3,3,4.836247802376909,2,Unfurnished,Top,1,1,0,1,0,0,0,6464027.0
Pune,2089.971065019232,3,3,7.00360743202953,1,Unfurnished,Top,3,1,1,1,1,1,1,25781408.0
Kolkata,1865.9490346171906,3,2,1.6455356367074816,0,Unfurnished,Ground,3,1,0,1,1,0,1,14123235.0
Lucknow,2127.259351190595,3,1,21.552249396208055,2,Semi Furnished,Ground,3,0,0,0,0,0,1,10892859.0
Pune,1900.3509737727884,4,2,23.193216755654827,1,Unfurnished,Top,3,1,0,0,1,1,1,16891527.0
Jaipur,2529.922500868701,2,3,27.10873197894103,0,Semi Furnished,Top,2,0,1,0,1,1,0,16808820.0
Mumbai,1779.3619184722427,4,2,13.152308132484269,2,Fully Furnished,Ground,2,1,0,0,1,0,0,28871908.0
Pune,1421.7613119384207,3,2,10.615959689252886,1,Semi Furnished,Top,3,0,1,0,1,1,0,16378316.0
Hyderabad,1671.4631886606712,4,1,4.568404587002326,1,Unfurnished,Top,3,0,1,1,0,1,1,15397024.0
Lucknow,2121.7345641729817,3,3,15.970032645188729,2,Semi Furnished,Mid,2,0,0,0,0,1,1,12949875.0
Jaipur,1110.3123373699416,2,3,8.820014430631339,2,Semi Furnished,Top,5,1,0,0,1,0,1,8418069.0
Mumbai,1174.0557087343095,4,2,52.99168327387118,0,Semi Furnished,Mid,4,0,0,1,1,1,1,14554825.0
Chennai,1345.5199927010462,3,2,51.71466671589853,2,Semi Furnished,Top,2,1,0,0,0,1,0,10152143.0
Jaipur,447.7086006173338,1,3,35.34060006424594,1,Fully Furnished,Ground,4,0,0,1,1,1,1,2698144.0
Chennai,1569.0392042087735,2,2,6.696395857138725,1,Semi Furnished,Top,2,1,0,0,0,0,1,16100961.0
Lucknow,556.9356480244869,3,2,6.88233453726697,2,Semi Furnished,Top,3,0,0,0,1,1,0,3941257.0
Bangalore,1526.5296564663095,3,3,28.726526795837994,1,Semi Furnished,Ground,4,1,0,0,0,1,0,13260107.0
Jaipur,1932.6448780676249,3,2,19.592017278035826,1,Fully Furnished,Ground,2,1,1,0,1,1,0,14457934.0
Delhi,1261.561769678082,3,1,18.279240922092296,1,Fully Furnished,Ground,3,0,0,1,1,0,0,14518167.0
Chennai,2338.5579350934354,3,2,4.919459257170624,1,Fully Furnished,Top,3,0,0,1,1,1,1,29454604.0
Hyderabad,769.7495502907561,4,3,26.877767141351992,0,Semi Furnished,Ground,4,0,0,1,1,0,1,5367803.0
Delhi,2095.6303408159165,3,2,12.991828929214899,2,Semi Furnished,Top,3,0,1,0,0,1,0,30669391.0
Ahmedabad,1837.5685282034603,2,3,8.882313336607867,2,Fully Furnished,Ground,3,0,0,0,1,1,1,15640017.0
Ahmedabad,641.9833758446555,4,2,30.084183668757326,1,Semi Furnished,Top,4,1,0,1,0,0,1,4644415.0
Mumbai,2855.3971495202663,1,3,7.518322465346322,1,Semi Furnished,Ground,3,0,0,1,1,1,0,31655517.125
Bangalore,1468.127357248017,3,3,15.916531655118119,0,Fully Furnished,Ground,3,0,0,2,0,1,0,16835482.0
Lucknow,1061.2579889221843,3,2,9.407728409912536,2,Fully Furnished,Mid,3,1,0,0,0,0,0,8070504.0
Jaipur,796.4564026079915,3,2,13.474471351085581,1,Unfurnished,Top,2,0,0,0,1,0,1,4947908.0
Kolkata,1389.990986170163,1,2,0.6208709685014074,0,Fully Furnished,Ground,1,0,0,1,0,0,0,10655787.0
Hyderabad,1436.2965638050202,2,3,9.273800875672208,2,Fully Furnished,Top,5,0,0,0,0,0,0,15134048.0
Chennai,1551.3227642698323,3,2,12.195568164641728,2,Fully Furnished,Ground,2,1,0,1,1,0,1,17784769.0
Lucknow,1351.10192188802,5,3,10.180362722767715,1,Fully Furnished,Top,2,0,0,1,0,0,0,11923230.0
Delhi,1816.6126550575468,3,2,28.200047014626193,0,Semi Furnished,Top,3,0,0,1,0,1,1,19856526.0
Ahmedabad,1306.1850836683768,3,2,5.59040937816619,0,Fully Furnished,Top,4,0,0,0,1,1,1,13256242.0
Hyderabad,532.5179413797645,3,3,32.32237583468612,1,Semi Furnished,Mid,4,0,0,1,1,1,0,3920606.0
Kolkata,1425.3192521751794,2,2,7.749184261222025,1,Semi Furnished,Top,4,0,1,0,1,0,1,13162514.0
Jaipur,400.0,1,2,17.788395112609933,1,Fully Furnished,Ground,5,0,0,1,1,0,1,2543255.0
Mumbai,1676.8853154456947,2,4,1.3607362677286707,1,Fully Furnished,Mid,1,0,0,1,0,0,1,29125815.0
Kolkata,1010.3498848586823,3,2,3.3500426148878897,1,Unfurnished,Top,2,0,0,1,1,0,0,8571049.0
Hyderabad,1581.6801774579003,2,3,21.47979863531539,1,Semi Furnished,Ground,4,1,0,2,1,1,0,13146765.0
Kolkata,2157.0374907623022,2,3,0.1860797138167536,2,Fully Furnished,Top,3,1,0,0,0,0,0,23573836.0
Hyderabad,1025.625652366,3,3,51.87973093436759,1,Semi Furnished,Mid,4,0,0,1,0,0,0,7190370.0
Hyderabad,2030.6281292560589,4,2,3.1724663092844017,2,Unfurnished,Ground,1,0,0,0,0,0,0,18388049.0
Pune,1283.3052166569234,4,1,34.73566081270322,2,Fully Furnished,Ground,3,0,1,0,0,0,0,10658038.0
Chennai,2376.5974010327927,3,2,10.883352010052084,0,Unfurnished,Ground,4,1,0,0,1,0,1,17739278.0
Ahmedabad,1317.4236934008934,2,2,12.471503339746107,2,Semi Furnished,Mid,2,0,0,1,1,1,0,10622436.0
Pune,1079.7535072466544,3,4,1.3182419698437093,0,Unfurnished,Ground,4,1,0,2,0,0,1,12325552.0
Jaipur,1843.6192251976443,2,2,6.81712251266101,2,Unfurnished,Top,1,0,0,2,1,1,1,13366404.0
Pune,1282.105135188182,3,2,2.5479319760215446,1,Semi Furnished,Top,1,1,0,0,1,0,0,14746759.0
Bangalore,1079.2752429354957,4,2,11.196051615980325,1,Semi Furnished,Ground,3,0,0,1,0,1,0,12746479.0
Bangalore,1261.0800746481045,3,2,12.002040173791324,1,Semi Furnished,Mid,2,0,0,0,0,0,1,14650837.0
Ahmedabad,1477.6967339084993,5,1,18.550898478843504,0,Semi Furnished,Ground,2,1,0,0,0,0,1,9838680.0
Kolkata,2171.090065622427,3,1,31.590252305166658,0,Semi Furnished,Ground,2,1,0,1,1,0,0,12698676.0
Chennai,532.9561272702115,3,3,9.471747709241939,2,Semi Furnished,Ground,3,0,0,0,0,0,0,4406410.0
Ahmedabad,1511.5403294752102,2,2,3.986076475160582,1,Unfurnished,Top,2,1,0,1,0,0,1,11385968.0
Hyderabad,1812.4517973270215,4,1,6.087339962792926,1,Semi Furnished,Top,4,0,0,2,1,1,1,18636045.0
Delhi,1596.7242874958981,2,2,28.16856813932832,2,Semi Furnished,Mid,4,1,0,1,0,0,0,16122796.0
Chennai,2154.932584716767,4,2,2.364963666465487,0,Semi Furnished,Mid,3,0,0,1,0,0,1,22542434.0
Chennai,1462.8273351207379,3,2,14.802954483207907,1,Semi Furnished,Mid,3,1,0,0,1,1,0,13849082.0
Hyderabad,1407.7242789070274,2,4,0.1975838755948759,1,Fully Furnished,Top,2,0,0,0,0,0,1,16111001.0
Hyderabad,1796.1647735066717,4,2,4.228866760278151,0,Unfurnished,Top,3,0,0,1,0,0,1,15246871.0
Mumbai,1549.6569074756749,1,1,13.42559090161581,2,Unfurnished,Top,2,1,1,0,1,0,0,21867990.0
Ahmedabad,1304.7956308597645,4,4,9.143456183910768,1,Fully Furnished,Top,3,1,0,1,1,0,1,14311429.0
Hyderabad,1758.0720197931898,2,3,10.204930054807924,0,Unfurnished,Mid,3,1,0,2,1,0,0,14940346.0
Bangalore,1173.7358533916774,4,2,16.206961782289046,1,Unfurnished,Top,3,1,0,1,0,0,0,13214296.0
Jaipur,1194.4114239903365,3,2,4.0100767045593075,2,Semi Furnished,Mid,4,1,0,0,1,0,0,9896384.0
Delhi,1236.0029891171932,3,3,4.944339975680211,0,Unfurnished,Top,2,1,0,0,0,0,0,16886868.0
Ahmedabad,2176.5345800832038,3,2,17.301962118037736,1,Fully Furnished,Ground,1,1,0,1,1,1,1,18829648.0
Lucknow,400.0,2,2,11.592320087516232,2,Unfurnished,Mid,1,0,0,0,0,0,0,2179025.0
Bangalore,1697.7994173814711,4,2,0.22041387006777113,2,Fully Furnished,Mid,4,1,1,2,1,0,1,31427108.0
Kolkata,1517.1359071001111,2,2,16.64484655855061,1,Fully Furnished,Top,3,1,0,0,0,0,0,12664491.0
Hyderabad,659.5647703809399,3,2,14.517394021588307,1,Unfurnished,Mid,2,0,0,2,0,1,0,4971278.0
Lucknow,1654.8633895680011,3,2,1.2280386959252614,1,Semi Furnished,Ground,1,1,0,0,0,1,0,10936807.0
Hyderabad,1737.875995915766,3,1,20.646318608075898,1,Fully Furnished,Mid,3,0,0,1,1,1,1,15064486.0
Chennai,1794.8196156787,2,3,11.075352393478143,0,Unfurnished,Mid,2,1,0,0,1,1,0,15448310.0
Bangalore,400.0,2,1,3.436429995395694,1,Unfurnished,Ground,3,0,0,2,1,1,1,4564570.0
Chennai,2183.1947059272193,2,2,12.29278231775634,1,Semi Furnished,Top,3,1,0,1,0,0,0,19707888.0
Mumbai,1131.1316476575796,4,2,13.575014804680324,2,Semi Furnished,Top,2,0,0,0,1,1,1,19480793.0
Chennai,1843.283873376588,1,3,37.908207923633334,0,Unfurnished,Ground,2,0,1,1,1,1,1,12438848.0
Mumbai,1870.5368903411431,5,2,20.330334596383207,1,Semi Furnished,Mid,1,1,1,2,1,0,0,30260216.0
Mumbai,1061.6514571903535,2,3,5.391417111561463,1,Fully Furnished,Top,3,0,0,0,0,0,1,18104549.0
Lucknow,1830.2299761757752,2,1,1.8857098682371127,1,Unfurnished,Top,2,0,0,2,1,0,1,12306460.0
Hyderabad,1307.253379543821,3,3,28.778635018130842,1,Semi Furnished,Top,4,1,0,1,0,0,1,10011744.0
Kolkata,464.3114103309215,2,3,28.06863457274401,0,Unfurnished,Ground,3,0,0,0,1,1,0,2605824.0
Chennai,2083.8709627638896,3,3,2.891216080375668,0,Semi Furnished,Ground,3,0,0,0,0,1,0,18941372.0
Bangalore,1112.4775184918801,4,2,0.9621779406666082,1,Fully Furnished,Mid,3,1,0,0,1,1,0,18654631.0
Mumbai,1072.7532686309728,1,2,18.664874149935795,2,Unfurnished,Ground,2,1,0,1,0,0,1,12879019.0
Hyderabad,1298.4670659816388,4,2,19.23343912770425,1,Semi Furnished,Ground,5,0,0,1,0,1,0,10140517.0
Delhi,1636.118362663694,3,2,2.924606458809244,1,Fully Furnished,Ground,5,0,0,0,1,0,0,23812275.0
Ahmedabad,1471.3647945889488,2,2,16.54887967432763,2,Fully Furnished,Top,2,1,0,0,1,1,0,12276795.0
Lucknow,1774.0334623535853,2,2,4.905155760599612,1,Semi Furnished,Ground,4,1,0,0,1,1,0,11677056.0
Kolkata,830.2553167356706,4,4,4.529088932789417,1,Unfurnished,Ground,2,1,0,2,1,1,0,7574786.0
Pune,1128.8068147846327,2,3,5.884930069362952,0,Semi Furnished,Top,4,0,0,2,0,0,1,11373146.0
Lucknow,1442.001463839233,4,1,11.021929196812964,2,Semi Furnished,Ground,2,1,0,1,1,0,1,9503617.0
Delhi,2448.9436463293528,3,2,24.47938861541646,1,Fully Furnished,Ground,2,1,0,0,1,0,0,30302835.0
Ahmedabad,1443.093730793121,1,3,10.356575317851997,1,Semi Furnished,Top,3,0,0,1,0,1,1,10565144.0
Delhi,2042.6111318308158,3,2,5.308240451748746,0,Semi Furnished,Mid,2,1,0,2,1,0,1,30987826.0
Chennai,1519.2775843921588,4,2,32.30915324382458,1,Unfurnished,Ground,2,0,0,0,1,1,0,10734963.0
Mumbai,1258.1706812812158,3,2,0.8499832362036692,0,Semi Furnished,Mid,3,0,0,0,0,1,1,20384503.0
Kolkata,1376.6377879427798,3,2,23.925000916715398,1,Unfurnished,Mid,2,0,0,1,1,0,1,8473515.0
Jaipur,1415.7901439855593,4,2,23.01368749161783,2,Semi Furnished,Mid,3,1,0,0,1,0,0,9716872.0
Mumbai,1801.8228694803693,2,4,4.386335552053705,0,Fully Furnished,Top,2,0,0,2,0,1,1,31655517.125
Jaipur,2187.305633788277,4,2,3.3152219530639635,1,Semi Furnished,Mid,4,0,0,0,1,1,1,16879194.0
Ahmedabad,1679.8404238431606,4,2,31.155733474500444,0,Unfurnished,Top,2,1,0,2,1,0,1,11185519.0
Hyderabad,2093.5388393708777,3,2,12.276278921677124,1,Unfurnished,Ground,4,1,0,2,1,1,1,17153827.0
Pune,1017.6051311851572,4,3,0.7065526931810757,1,Semi Furnished,Mid,2,0,0,0,1,1,1,12685961.0
Bangalore,1292.6847455929847,3,3,33.223080447888066,0,Semi Furnished,Mid,2,0,0,0,0,1,1,11933677.0
Mumbai,1137.8487328961667,3,2,6.438822440616875,2,Semi Furnished,Mid,3,1,0,1,1,0,0,17490120.0
Kolkata,1657.2222954374263,3,3,6.281824495329054,1,Unfurnished,Ground,3,1,0,0,0,0,0,12877137.0
Delhi,1320.5208074102932,3,2,15.462395539538536,2,Unfurnished,Ground,3,0,0,0,1,1,0,14122766.0
Kolkata,1864.8864685170977,3,1,16.240092418702602,0,Fully Furnished,Top,2,1,1,2,1,0,1,19519596.0
Ahmedabad,1034.4991441837792,2,3,6.538465480071887,1,Semi Furnished,Top,2,0,0,0,0,1,0,8441229.0
Jaipur,1521.5154866606408,3,2,2.319643252289527,2,Unfurnished,Top,2,0,0,2,0,1,1,12112379.0
Delhi,1843.4289555061282,2,2,12.053465674668509,2,Unfurnished,Top,4,0,0,1,0,0,0,19638969.0
Bangalore,467.3486124796948,2,3,14.719607094729971,2,Unfurnished,Top,3,1,0,0,0,1,0,5279956.0
Bangalore,2560.8156536651018,3,1,29.515536614145628,1,Unfurnished,Top,4,0,0,0,0,1,1,20431740.0
Mumbai,1358.4240575600622,4,2,9.937523489075318,1,Fully Furnished,Ground,2,0,0,1,1,1,1,25659553.0
Ahmedabad,487.4800431619135,3,2,15.564003028248809,2,Unfurnished,Mid,3,1,0,0,0,0,1,3130436.0
Hyderabad,1579.046949288393,3,2,0.8391745207585195,0,Unfurnished,Mid,4,0,0,0,1,1,1,14723568.0
Ahmedabad,1516.7217339865754,2,1,33.73892119789855,1,Semi Furnished,Mid,2,0,0,0,0,0,1,8072676.0
Jaipur,1459.0528102137534,3,1,5.944960112651334,2,Fully Furnished,Ground,2,0,0,1,1,0,1,11725978.0
Kolkata,1995.5955564633332,2,3,15.00410104169613,0,Fully Furnished,Ground,3,0,0,1,1,1,0,15736176.0
Bangalore,1873.722485713528,2,3,37.1632999141465,0,Fully Furnished,Top,3,1,0,2,0,1,0,21342603.0
Kolkata,1648.9380955119225,3,2,24.9525349344957,1,Semi Furnished,Top,3,0,0,0,0,1,0,11592747.0
Kolkata,1725.077816973324,3,2,15.229399924955256,2,Fully Furnished,Mid,2,1,0,0,1,0,1,16007603.0
Kolkata,1447.8207752809567,2,3,18.241076946027505,1,Unfurnished,Mid,2,0,0,2,1,0,0,9566595.0
Bangalore,2387.745424620024,3,4,38.056606252210074,1,Fully Furnished,Ground,3,0,0,0,0,1,1,24231072.0
Lucknow,760.4019908211167,4,2,25.077136171508005,2,Unfurnished,Ground,3,0,1,1,0,0,0,4229158.0
Chennai,1569.8258371079482,2,3,14.118708328553705,1,Fully Furnished,Mid,3,1,0,1,1,0,1,16318126.0
Jaipur,1532.51231559439,1,2,16.125020283356317,2,Fully Furnished,Ground,4,1,0,0,1,1,1,11768135.0
Lucknow,1906.6402030322965,3,4,2.3896569525725804,0,Unfurnished,Mid,4,0,0,2,1,1,1,14703288.0
Jaipur,1078.0730612875504,2,1,9.527920491290509,1,Semi Furnished,Mid,2,0,0,0,0,1,1,6761510.0
Delhi,628.1636988017319,5,4,5.37151757241856,0,Semi Furnished,Mid,2,0,0,1,0,0,1,9439376.0
Ahmedabad,1578.4115080490965,3,2,8.483732426599268,0,Semi Furnished,Mid,2,0,0,0,1,1,0,10722866.0
Ahmedabad,1640.615246109302,3,4,16.281600681434316,0,Unfurnished,Mid,2,0,0,1,0,0,1,10121623.0
Pune,2244.7997047238246,3,2,2.4228107170576965,1,Unfurnished,Mid,4,1,0,2,1,0,0,24143546.0
Ahmedabad,864.818976837457,3,2,0.2629304635444961,2,Fully Furnished,Mid,2,0,1,0,1,1,0,9081213.0
Bangalore,2077.34688335836,2,3,7.585690835093747,1,Fully Furnished,Top,4,1,0,1,0,0,0,26715860.0
Hyderabad,2683.7071820135607,4,3,5.833198174156452,0,Unfurnished,Ground,2,0,0,0,1,1,0,21670911.0
Mumbai,1311.1175562387614,3,2,8.182085753406998,2,Fully Furnished,Ground,2,1,0,2,1,0,1,24084542.0
Pune,854.528890253388,2,2,40.15283483120382,0,Fully Furnished,Mid,2,1,0,1,0,0,1,7910757.0
Mumbai,1296.5128168133144,3,3,18.418046190456124,2,Semi Furnished,Ground,2,1,0,0,0,0,0,16544880.0
Jaipur,1507.0024836856903,2,3,5.95037801510595,2,Unfurnished,Top,1,1,0,0,0,0,0,10671660.0
Mumbai,1781.8939375034574,1,1,2.963577602505571,1,Semi Furnished,Ground,2,1,0,0,1,0,0,23880165.0
Mumbai,1204.3026350809764,3,2,14.453813011324238,0,Fully Furnished,Top,3,1,0,2,1,0,1,22575691.0
Pune,2277.599267073671,3,3,16.0755941731591,1,Fully Furnished,Top,2,0,0,2,1,0,0,27185798.0
Delhi,942.7338424959692,3,3,9.913763218891832,2,Semi Furnished,Mid,4,0,1,0,1,1,0,14716643.0
Kolkata,630.3974239135999,2,3,3.5883465824915852,1,Unfurnished,Ground,3,1,0,1,1,0,0,4867124.0
Ahmedabad,2053.3552121436587,3,3,0.43456340632855345,0,Fully Furnished,Ground,4,1,0,2,0,0,1,20661706.0
Ahmedabad,400.0,2,3,4.6317613822233215,2,Unfurnished,Top,2,0,0,1,0,0,1,3295901.0
Bangalore,1397.9351155636418,3,3,9.164400050467549,1,Semi Furnished,Mid,2,0,0,0,0,0,1,17174210.0
Pune,2858.437593116735,3,4,23.262886240948387,0,Fully Furnished,Mid,4,1,0,0,0,0,1,31428843.0
Bangalore,1493.9782235200344,3,3,28.836959600262094,2,Semi Furnished,Top,3,1,0,1,0,0,1,16499364.0
Hyderabad,939.6161746518752,4,3,7.989284740319765,2,Unfurnished,Ground,4,0,0,0,0,0,0,8117088.0
Hyderabad,1471.3012681066032,4,1,23.85365371959435,1,Fully Furnished,Mid,2,1,0,0,0,1,0,11482189.0
Bangalore,1474.5996056902331,5,2,75.20344662957504,0,Unfurnished,Top,1,0,0,0,0,0,0,11661094.0
Pune,1580.3249701765583,5,2,18.91398841361119,1,Unfurnished,Mid,4,0,0,0,0,1,0,14473012.0
Bangalore,1831.1314910798098,4,3,19.562369451417716,1,Fully Furnished,Top,3,0,0,0,0,1,0,25363026.0
Ahmedabad,980.4444158161303,5,2,36.04213262518249,0,Semi Furnished,Mid,4,0,0,1,0,1,1,5780948.0
Lucknow,2343.7740276183968,4,1,6.190611950860429,2,Fully Furnished,Mid,2,0,1,1,1,0,1,21486856.0
Chennai,1622.557142186309,3,2,0.16902969656201053,2,Unfurnished,Mid,1,0,0,2,0,1,1,17656261.0
Mumbai,1863.397023200902,2,3,65.11588673154836,1,Unfurnished,Mid,3,0,0,1,0,1,1,21342770.0
Chennai,1185.9253001221787,1,3,10.113941610816363,1,Unfurnished,Top,5,0,0,0,0,0,0,9255491.0
Pune,2143.1910684977665,4,3,23.104107355447766,0,Fully Furnished,Mid,4,0,0,2,1,0,0,20656000.0
Chennai,1371.4737955934677,3,2,25.108937529073813,1,Unfurnished,Ground,1,1,0,0,1,1,0,10004240.0
Hyderabad,1638.7762567467657,4,2,7.600429407019468,0,Fully Furnished,Ground,2,0,0,1,1,1,1,16865005.0
Jaipur,1033.4469614064453,3,2,11.689501784431938,0,Fully Furnished,Ground,2,0,0,2,0,0,1,6921175.0
Mumbai,1001.5341867989366,3,2,11.645177510465906,1,Unfurnished,Mid,4,0,0,2,1,1,0,13178218.0
Kolkata,1844.1026532264414,3,3,3.7310749906323744,2,Unfurnished,Ground,4,0,0,1,1,0,0,15072773.0
Pune,1278.196584896307,4,2,1.8773090211490149,1,Unfurnished,Mid,2,0,0,1,1,1,1,13170743.0
Mumbai,1073.0884562478113,2,1,11.76487471934623,1,Semi Furnished,Mid,3,0,0,2,1,1,0,14178290.0
Chennai,1178.4083289864848,4,2,1.9199421381318502,0,Semi Furnished,Top,3,1,0,1,0,0,0,13482930.0
Hyderabad,1849.4765358587106,4,2,6.371754001826999,1,Semi Furnished,Ground,3,0,0,2,1,0,1,17781498.0
Delhi,1185.4810693981944,3,1,3.0884593686500748,1,Unfurnished,Top,3,0,1,0,1,1,0,16937639.0
Lucknow,1441.172534198918,3,2,18.409445866391653,0,Unfurnished,Mid,2,0,1,1,0,1,0,8267459.0
Kolkata,1507.5138751435486,1,2,30.83691278135082,0,Semi Furnished,Mid,3,0,0,0,1,1,1,9121001.0
Lucknow,541.3255569948506,1,2,12.938214586402994,0,Fully Furnished,Top,3,1,0,2,0,0,0,3734043.0
Mumbai,764.436797313241,3,2,7.91845285364224,1,Semi Furnished,Mid,1,0,0,1,1,1,1,9923655.0
Hyderabad,1668.1389446237813,2,2,80.0,0,Semi Furnished,Top,5,0,0,0,0,0,0,10314654.0
Hyderabad,1131.4853194236514,2,4,0.3215592084841844,2,Fully Furnished,Ground,2,0,0,0,0,0,0,12551640.0
Chennai,2028.3624556402092,4,2,5.443437034192038,2,Semi Furnished,Mid,2,1,1,2,0,0,1,26698071.0
Ahmedabad,1983.4035521252722,3,2,4.899943790686595,0,Semi Furnished,Mid,3,0,0,2,0,1,1,15788443.0
Chennai,1859.5843331777187,3,3,6.605591233727285,1,Semi Furnished,Top,1,0,0,1,0,1,0,19278246.0
Ahmedabad,2409.885893656299,2,2,3.932081301046142,1,Fully Furnished,Mid,3,1,0,1,0,0,1,20961598.0
Ahmedabad,1458.4553361284084,4,2,4.603235060870661,2,Fully Furnished,Ground,4,1,0,0,1,0,1,14502169.0
Kolkata,1824.4409629519196,4,2,4.469564529505847,0,Semi Furnished,Ground,4,0,0,1,0,0,0,13093068.0
Chennai,1207.7995117019846,3,2,10.570526701262075,1,Unfurnished,Ground,2,1,0,1,1,0,0,10679589.0
Delhi,2726.184956434362,4,2,7.440416734188159,1,Semi Furnished,Mid,3,0,0,2,0,0,0,31655517.125
Bangalore,2491.8168262180097,4,1,15.294802913929628,1,Fully Furnished,Top,4,0,0,2,1,0,1,31655517.125
Bangalore,1505.940217258896,3,3,10.83558641646883,0,Fully Furnished,Ground,2,1,0,2,0,0,1,19173664.0
Chennai,1693.2931149525962,3,1,3.0394899096446806,0,Fully Furnished,Ground,3,0,1,1,1,1,1,18286280.0
Chennai,2179.648799682403,2,3,24.91451949121746,0,Unfurnished,Mid,2,1,0,1,0,0,0,14488462.0
Lucknow,1426.4302475929464,2,3,9.585431361844472,0,Unfurnished,Top,2,1,0,1,0,0,0,8505677.0
Kolkata,1171.6879646001476,2,4,2.494919406388464,0,Unfurnished,Top,1,1,0,1,0,0,1,10219607.0
Chennai,1936.994875503441,1,3,2.738661015505438,1,Semi Furnished,Ground,3,0,0,0,1,0,1,17537110.0
Lucknow,1539.2196230418351,2,1,23.915905479640518,1,Fully Furnished,Top,2,0,0,2,1,0,1,9682443.0
Ahmedabad,1591.4972248226302,4,3,18.210002875484793,1,Semi Furnished,Ground,2,0,0,2,0,0,0,10550694.0
Hyderabad,1082.8643284660172,2,2,10.59433594696113,0,Semi Furnished,Mid,2,1,1,1,1,0,1,10058809.0
Hyderabad,641.1639258183019,5,3,5.481011618758272,0,Unfurnished,Ground,3,0,0,1,0,1,0,5317733.0
Ahmedabad,1618.0712049395506,3,2,9.257300127340407,2,Semi Furnished,Mid,4,0,1,0,1,0,0,13097404.0
Pune,1952.4810207470998,2,2,15.178960397700624,0,Unfurnished,Ground,3,1,0,1,1,0,0,14851648.0
Lucknow,1387.096625461979,3,3,31.714509921585453,2,Unfurnished,Mid,5,0,0,1,0,1,0,6933201.0
Lucknow,2218.2147597794333,2,1,12.174497482566553,2,Fully Furnished,Mid,3,0,0,0,0,0,1,14068791.0
Ahmedabad,1148.0418372922277,5,2,4.859700047764488,0,Fully Furnished,Top,4,0,0,0,1,0,0,12099420.0
Delhi,972.64777251704,4,2,0.6552022945828985,2,Semi Furnished,Ground,4,0,0,1,0,1,0,14200942.0
Jaipur,1466.3848464019343,1,3,2.893854416319965,1,Semi Furnished,Mid,3,1,0,2,1,1,1,12016850.0
Mumbai,1458.7037123243547,4,2,15.754946113816997,1,Fully Furnished,Ground,3,0,0,1,0,0,0,20768908.0
Ahmedabad,1884.9843656676112,3,3,2.6231058164279792,2,Semi Furnished,Mid,3,0,0,0,1,1,1,15681145.0
Chennai,1112.5185879680075,2,3,9.853373070136524,1,Fully Furnished,Ground,3,1,0,0,0,0,0,10296504.0
Chennai,2184.047118407449,3,1,18.007433627329046,1,Fully Furnished,Top,2,0,0,1,1,0,1,23005625.0
Kolkata,2483.458481254127,3,2,5.527415673250333,1,Unfurnished,Ground,3,1,0,1,1,1,1,20826093.0
Ahmedabad,1480.4279865158292,2,3,16.5893529535522,1,Fully Furnished,Ground,3,0,0,1,0,0,0,11586797.0
Kolkata,2124.8552100921593,4,2,13.050845380361258,1,Fully Furnished,Ground,4,0,0,2,1,0,0,20608043.0
Ahmedabad,971.75146468737,2,2,8.668887533253617,0,Unfurnished,Ground,4,1,0,0,0,0,1,5551913.0
Lucknow,2037.610770590958,3,1,34.13118638171101,0,Unfurnished,Mid,2,0,0,1,1,0,0,9210553.0
Mumbai,2023.6382042797313,1,1,17.667700754649484,2,Unfurnished,Top,3,0,0,0,1,0,1,23834000.0
Lucknow,1931.7186400949392,5,1,6.708306034770205,0,Unfurnished,Mid,5,0,1,1,0,1,0,11887807.0
Jaipur,1492.218455564853,4,2,24.464867883131326,1,Fully Furnished,Ground,4,0,0,1,0,0,1,9383215.0
Hyderabad,400.0,2,1,20.097014726404574,1,Fully Furnished,Ground,4,0,0,1,0,0,0,2737342.0
Bangalore,1179.1364281739352,3,2,23.530484337008758,0,Fully Furnished,Mid,1,0,1,2,1,0,1,15298811.0
Ahmedabad,1187.041991157699,2,2,15.364654321442622,0,Fully Furnished,Ground,2,0,0,1,1,0,1,8881000.0
Jaipur,1010.8725309697613,4,3,7.1553177015316445,0,Fully Furnished,Top,2,0,0,1,0,1,0,8801360.0
Hyderabad,1561.1215022735332,2,3,6.428976072079163,1,Fully Furnished,Ground,4,1,1,0,1,0,0,16933499.0
Pune,1290.5182772393828,4,2,15.926310877188769,2,Unfurnished,Top,3,0,0,1,0,0,1,13083067.0
Mumbai,1087.693995117489,4,2,2.1044564205834493,1,Fully Furnished,Ground,3,1,0,2,1,1,1,24401011.0
Kolkata,970.5999258760901,3,4,25.714840660498837,1,Unfurnished,Top,5,0,0,1,0,1,0,7289579.0
Kolkata,1142.2435072573858,2,2,6.938519353508747,1,Unfurnished,Mid,2,1,0,0,1,1,1,8900158.0
Lucknow,2060.7496059249643,3,4,14.928872336064378,2,Fully Furnished,Mid,3,0,0,2,0,0,0,17086509.0
Chennai,1169.4874726862529,3,1,10.3691514112953,1,Unfurnished,Ground,3,1,0,0,0,0,0,9018421.0
Hyderabad,1242.5306467833639,3,3,10.988505254223334,0,Fully Furnished,Ground,2,1,0,2,1,0,0,12119275.0
Pune,1271.6511924883769,3,2,20.091513514199537,1,Semi Furnished,Mid,3,0,0,2,1,1,0,10959750.0
Jaipur,1669.4967569047099,3,1,14.779390136046251,2,Unfurnished,Top,2,0,0,1,1,1,1,11782336.0
Mumbai,1728.1247442642664,3,4,4.321412127024695,1,Semi Furnished,Mid,3,1,0,2,0,1,1,29762092.0
Hyderabad,400.0,4,4,1.1568759078631439,2,Unfurnished,Ground,3,1,0,0,0,0,1,3765080.0
Pune,2010.817606913804,2,2,27.510681838426763,0,Fully Furnished,Mid,1,0,0,2,1,0,1,17150385.0
Bangalore,2218.184017121877,3,4,32.42853728170317,2,Fully Furnished,Mid,5,0,0,1,0,0,1,25879980.0
Ahmedabad,974.9067313191653,4,1,2.6958117186799053,0,Fully Furnished,Ground,3,0,0,0,1,1,1,8297180.0
Kolkata,1013.8508776325826,2,3,5.554591416040094,0,Fully Furnished,Ground,3,1,0,0,0,1,0,8182109.0
Jaipur,1274.8733061108642,3,2,4.976440180853492,1,Unfurnished,Ground,2,0,0,1,1,1,1,8489636.0
Kolkata,1121.9979902716977,4,2,41.57649048876321,0,Fully Furnished,Mid,2,0,0,2,1,1,1,8840674.0
Jaipur,1611.9634369733033,3,3,3.4369977119723707,1,Semi Furnished,Top,4,0,0,2,1,1,0,14368259.0
Lucknow,526.7373568205679,1,2,2.7325297050757604,2,Unfurnished,Mid,3,1,0,0,1,0,0,3108078.0
Chennai,941.0361959816302,2,1,3.0104338486305453,2,Semi Furnished,Top,3,1,0,2,0,1,0,9897924.0
Jaipur,2269.5986000874536,3,2,19.63273356518875,1,Fully Furnished,Top,3,0,0,1,0,1,1,17538727.0
Kolkata,1035.8900163259912,2,2,32.841504062362645,1,Fully Furnished,Top,2,0,0,2,1,0,0,7590098.0
Lucknow,2121.7141390514626,5,3,7.497479407958928,2,Fully Furnished,Ground,4,0,0,1,1,1,1,18604010.0
Jaipur,1677.6690977950684,3,2,2.1941249454045306,1,Unfurnished,Ground,2,0,1,0,1,0,1,10555571.0
Bangalore,595.366142705871,2,3,13.218270400050896,2,Semi Furnished,Ground,2,1,0,0,0,1,0,6833331.0
Chennai,1817.6645976081031,4,2,3.5346000852143304,2,Fully Furnished,Top,4,0,0,1,1,0,1,24372910.0
Jaipur,1441.1663489035734,3,2,0.9945242750498416,0,Fully Furnished,Top,2,0,0,0,1,0,0,11230688.0
Lucknow,1272.2664718751298,2,2,32.603827920327696,0,Fully Furnished,Top,4,0,0,2,0,1,1,8024373.0
Hyderabad,1622.478546586002,3,2,30.70069822415838,1,Unfurnished,Mid,4,0,0,0,1,1,1,10396109.0
Delhi,1737.316742783396,2,1,55.889476723503925,2,Unfurnished,Top,2,0,1,1,0,1,0,16381088.0
Pune,1853.7959109873098,5,2,9.636946590461788,2,Fully Furnished,Ground,2,1,0,1,0,0,1,22505468.0
Delhi,2089.126423774001,3,2,5.222126080083544,1,Semi Furnished,Mid,4,1,0,1,0,1,0,26761546.0
Delhi,1704.067956389178,4,3,22.031042627311823,0,Fully Furnished,Top,3,0,1,0,1,1,0,25771546.0
Mumbai,812.1829556068191,3,1,2.9858204499161287,0,Unfurnished,Ground,2,0,0,0,0,0,0,9408800.0
Bangalore,1263.1772711744045,4,3,4.181669019447482,2,Fully Furnished,Top,4,0,0,2,0,0,0,21423734.0
Hyderabad,2858.437593116735,2,2,4.429316361437774,1,Semi Furnished,Ground,3,1,0,1,0,0,1,24645761.0
Ahmedabad,1862.2455301908637,5,1,45.42984865406213,1,Unfurnished,Ground,4,1,0,1,1,0,1,10438319.0
Jaipur,2684.6436504057483,4,2,19.63016518173342,2,Semi Furnished,Ground,3,0,0,1,1,1,0,18097521.0
Pune,2197.7170410995927,3,1,2.15276998502845,2,Semi Furnished,Top,2,1,0,2,0,0,1,27031544.0
Chennai,1620.9010357778743,4,2,1.4616437761747154,1,Fully Furnished,Ground,4,0,0,0,0,0,1,19337644.0
Hyderabad,1650.7035348905588,4,4,27.75496337853657,1,Unfurnished,Top,3,0,0,2,0,0,0,11687592.0
Kolkata,1481.7099800615772,4,1,24.31312018292247,1,Unfurnished,Ground,3,1,1,0,0,1,1,9878394.0
Ahmedabad,631.0976920767503,3,2,16.675215722021953,1,Unfurnished,Top,3,0,0,2,1,0,1,4820480.0
Mumbai,1509.023626234112,3,2,3.2742181078209933,1,Semi Furnished,Mid,3,0,0,2,1,0,1,27793834.0
Mumbai,2105.3372762710987,4,2,9.817078248203696,0,Unfurnished,Ground,2,0,0,1,0,1,0,25064903.0
Hyderabad,1200.180002589398,4,2,13.846933841133334,2,Semi Furnished,Top,3,0,0,0,0,0,0,11123967.0
Lucknow,1705.9764995309047,3,3,40.35408112892166,2,Unfurnished,Top,3,0,0,0,1,0,0,8745278.0
Delhi,1925.7955229465988,4,1,2.7845329526964413,2,Fully Furnished,Top,4,1,0,1,1,0,1,31655517.125
Kolkata,1045.1597803437623,1,3,10.867920967583974,1,Semi Furnished,Ground,1,1,0,1,1,0,1,7826027.0
Mumbai,1274.3485678281677,4,2,2.575205137963849,1,Fully Furnished,Mid,2,1,0,2,0,0,1,26405409.0
Pune,991.0442547614205,2,2,8.800740768704587,0,Fully Furnished,Ground,4,0,0,1,1,1,0,9406532.0
Mumbai,1088.9171966552965,2,2,3.349684257560924,1,Fully Furnished,Ground,4,0,1,1,0,0,1,19921557.0
Chennai,856.1973581734694,3,2,27.135373691817215,1,Fully Furnished,Mid,2,1,0,2,1,1,1,8240431.0
Jaipur,1049.7757693109866,3,1,4.410257002407925,1,Semi Furnished,Mid,2,1,0,0,0,1,1,7550776.0
Mumbai,2209.7278403989194,3,1,8.096215874453675,0,Unfurnished,Mid,2,0,0,0,1,0,1,28234516.0
Chennai,1042.2614854548538,3,2,7.858350199488122,1,Semi Furnished,Ground,1,0,1,1,0,1,0,10968542.0
Hyderabad,1563.229609530345,3,3,30.18178649118578,1,Fully Furnished,Mid,3,0,1,1,1,0,1,16303008.0
Hyderabad,1248.565623164522,2,1,21.26971470383876,0,Fully Furnished,Mid,3,1,0,0,0,0,1,9261779.0
Ahmedabad,2089.4329685184694,4,3,0.8894918597012267,0,Unfurnished,Mid,4,0,0,2,1,0,1,17495080.0
Mumbai,2155.5811483018083,3,2,1.0416573017233846,1,Fully Furnished,Ground,3,0,1,0,1,0,1,31655517.125
Pune,1932.0349910694736,3,3,12.017576797378794,1,Semi Furnished,Mid,3,1,0,0,0,0,1,19815929.0
Mumbai,1653.0672765513777,3,2,8.37187795940967,1,Semi Furnished,Ground,5,1,0,1,1,0,1,27689186.0
Pune,1384.4702315795507,4,2,4.835846556093044,1,Semi Furnished,Mid,5,0,0,0,0,1,1,14137924.0
Bangalore,904.0626479043751,3,4,23.598104159400837,0,Semi Furnished,Mid,1,1,0,0,1,1,0,9318424.0
Ahmedabad,2471.7644405610986,1,2,2.0654179294847714,0,Fully Furnished,Top,1,0,0,2,0,0,1,21768788.0
Bangalore,1120.1634911237234,4,2,54.7777514515835,0,Unfurnished,Top,5,1,0,1,1,1,0,10321191.0
Mumbai,1831.8231735164206,5,2,0.3659658824221529,0,Semi Furnished,Ground,3,1,0,0,0,0,0,25800536.0
Ahmedabad,2029.7827863116986,3,2,1.8873727458891112,2,Fully Furnished,Top,3,0,0,1,1,0,0,21702290.0
Bangalore,1222.3597515473352,5,4,5.594605483743002,0,Semi Furnished,Top,4,0,0,1,0,0,1,17879710.0
Delhi,2019.006263657981,3,3,10.674222804380808,0,Unfurnished,Top,3,1,0,1,1,1,0,29633021.0
Mumbai,1882.1066016694276,3,3,3.652799178661882,0,Fully Furnished,Ground,3,0,0,0,0,1,0,28283945.0
Bangalore,2363.9819176908827,3,4,19.98932198812269,1,Semi Furnished,Mid,2,0,0,1,1,1,0,26694706.0
Delhi,1265.3267667866444,3,2,6.636805255195466,1,Unfurnished,Ground,4,0,1,1,1,1,1,16363702.0
Delhi,857.0679913601425,2,1,0.5895087461342056,0,Fully Furnished,Top,3,1,1,1,1,1,1,15756076.0
Hyderabad,1247.2551222777445,2,3,31.521868075868518,0,Fully Furnished,Ground,2,0,0,2,0,0,0,8258533.0
Mumbai,1604.4267712671658,1,2,43.20011648447431,2,Semi Furnished,Ground,3,1,1,0,0,1,1,19018764.0
Delhi,1529.1063635425282,2,2,14.457168169975699,2,Fully Furnished,Ground,2,0,0,1,0,0,0,19010285.0
Hyderabad,1303.2810518627248,3,2,24.639987582363084,1,Fully Furnished,Mid,2,1,0,2,0,1,0,10920758.0
Bangalore,545.4012705113786,3,3,1.936459230898499,0,Semi Furnished,Mid,2,0,0,0,1,1,0,7126050.0
Chennai,1735.2414980645533,2,2,4.696439953501824,1,Semi Furnished,Top,3,0,0,1,1,1,1,17982649.0
Mumbai,2486.1722395410998,5,3,5.90078832052501,1,Fully Furnished,Mid,3,0,0,2,0,1,0,31655517.125
Ahmedabad,1732.1256190615018,2,2,48.568267868924224,0,Semi Furnished,Top,4,1,0,0,0,0,1,10274102.0
Pune,1804.5677595267568,3,1,10.768443098274393,1,Semi Furnished,Mid,2,1,0,0,0,1,1,16722653.0
Pune,1786.2226530775508,2,3,0.1116176372893971,1,Fully Furnished,Top,4,1,0,0,0,0,1,24018490.0
Bangalore,1698.5233349412,2,4,7.175033402593718,1,Semi Furnished,Ground,3,0,0,1,1,0,1,18687003.0
Lucknow,1965.8329834340475,1,2,0.11671189316702504,1,Unfurnished,Top,2,1,0,2,0,0,1,11898493.0
Lucknow,1697.686840592833,3,2,4.073307330335796,1,Fully Furnished,Mid,3,0,0,0,1,0,0,13048127.0
Bangalore,1343.661415173362,4,2,9.0962895026576,1,Fully Furnished,Top,4,0,0,0,0,0,0,18913025.0
Delhi,1102.005544995623,2,3,5.859971381281584,1,Unfurnished,Mid,3,0,0,1,1,1,0,14228501.0
Mumbai,1375.5131723596623,3,1,0.49922944898366606,1,Semi Furnished,Ground,4,1,0,0,1,0,1,18527243.0
Pune,1657.064748225333,1,2,1.8551709743754679,1,Semi Furnished,Ground,2,1,0,2,1,0,1,17655015.0
Pune,1341.9585194385133,4,3,12.00719663308614,1,Semi Furnished,Mid,4,0,0,0,0,1,1,13591255.0
Delhi,1657.1693415657153,4,2,17.841431471528548,2,Fully Furnished,Top,3,0,1,2,1,1,0,29396103.0
Pune,1719.5750668502087,2,2,7.776542968670071,1,Semi Furnished,Ground,4,0,0,2,1,1,1,18524452.0
Ahmedabad,1916.589715635091,3,3,19.72254575736139,1,Semi Furnished,Top,4,1,0,0,0,1,0,14425016.0
Mumbai,2141.39748441949,5,3,2.674935058040277,1,Fully Furnished,Ground,3,0,0,0,1,1,1,31655517.125
Jaipur,1539.0037092394286,3,3,1.9526203095909815,1,Fully Furnished,Ground,3,1,0,2,0,1,1,13988091.0
Pune,846.1117174261697,3,2,27.437595056980683,2,Semi Furnished,Top,2,0,0,2,1,1,0,7549590.0
Bangalore,1327.447951590405,3,3,6.214863862231876,1,Unfurnished,Mid,3,1,0,1,1,0,0,15949951.0
Ahmedabad,1522.0312837032998,3,3,8.491056567654496,1,Fully Furnished,Mid,3,1,0,1,0,0,1,15458322.0
Pune,582.1156219114549,5,2,44.22746472692484,1,Unfurnished,Mid,2,0,0,0,1,0,1,3969317.0
Ahmedabad,2194.332260051241,5,2,8.277639766254136,0,Unfurnished,Mid,3,0,0,1,0,1,1,17045278.0
Hyderabad,1571.188956255233,4,1,0.052443157190035804,1,Fully Furnished,Top,4,1,1,0,0,0,0,20141647.0
Jaipur,1690.6764172901424,3,3,41.702526126272765,0,Unfurnished,Top,1,0,0,1,0,0,0,8173153.0
Kolkata,2182.763231263133,3,3,0.21328874332845701,1,Semi Furnished,Ground,3,0,0,0,1,1,1,20149779.0
Bangalore,1184.9285849288267,3,3,16.28335103523377,1,Unfurnished,Ground,2,0,1,1,0,0,1,12408911.0
Bangalore,1787.020965442015,5,2,5.848843214848655,1,Semi Furnished,Ground,5,0,0,0,0,1,0,21238159.0
Mumbai,1445.0679384490322,3,2,9.534237313299911,0,Fully Furnished,Top,5,1,0,1,0,1,1,26839541.0
Ahmedabad,1407.9565664920403,3,2,11.887392914795285,1,Semi Furnished,Ground,3,1,0,1,0,0,1,10202076.0
Delhi,1113.9038060978105,1,3,7.875391050381436,0,Fully Furnished,Top,3,1,0,0,1,0,0,16857059.0
Bangalore,2332.8016068432635,3,3,22.332801213590844,1,Unfurnished,Top,4,0,0,0,0,1,1,23563124.0
Ahmedabad,1312.2499799622146,5,1,40.041043029215,1,Fully Furnished,Top,1,0,0,0,0,1,0,8752223.0
Ahmedabad,1849.732123447851,3,2,1.3556344809951226,2,Semi Furnished,Ground,3,1,0,1,1,0,0,14549688.0
Chennai,562.4963062640318,2,3,24.160546779673567,0,Fully Furnished,Mid,1,1,0,0,1,1,1,4979346.0
Chennai,2089.994264844893,1,2,2.066037126109772,0,Unfurnished,Top,5,0,0,1,1,1,0,17990001.0
Kolkata,2026.1055779785293,3,3,1.2552441071357505,2,Unfurnished,Ground,2,1,0,2,1,1,0,18852437.0
Hyderabad,1548.7170551486515,4,2,46.796135148812056,0,Semi Furnished,Ground,3,1,0,2,1,1,0,10657325.0
Kolkata,1386.5287669310378,5,3,10.079529019249385,1,Semi Furnished,Mid,3,0,0,0,1,0,0,12121143.0
Pune,1700.0000028067832,4,2,2.4837948667840304,1,Fully Furnished,Top,4,1,0,0,0,1,0,24218795.0
Delhi,2644.395330440145,3,2,12.65805507845191,1,Semi Furnished,Top,5,1,0,2,0,0,1,31655517.125
Pune,618.3816505482574,3,4,4.5823380121136355,1,Fully Furnished,Ground,1,1,0,1,0,0,0,7703980.0
Lucknow,1891.0136937870639,3,2,9.362967120909754,0,Semi Furnished,Top,3,1,0,0,0,1,1,12088791.0
Pune,1044.1913489230487,3,1,14.698828726705631,2,Unfurnished,Mid,2,0,0,0,0,1,1,8501971.0
Mumbai,1490.0408018501344,3,4,30.51929763562947,1,Unfurnished,Top,2,1,0,0,0,1,1,18158065.0
Pune,1376.0599404606685,3,2,0.046292333282866846,0,Semi Furnished,Ground,3,1,0,1,1,1,1,14533867.0
Kolkata,1285.840871101122,3,3,3.614661907142091,1,Fully Furnished,Top,5,1,0,0,0,0,1,14839653.0
Bangalore,1494.7674354736353,2,2,1.5183785478201963,0,Unfurnished,Top,2,1,0,0,0,0,0,18234621.0
Bangalore,932.9144273611048,2,2,1.5321139207685306,1,Fully Furnished,Top,2,0,0,0,0,1,1,11478295.0
Chennai,2014.5902180639837,4,2,43.719865884135245,1,Unfurnished,Top,4,1,0,2,0,0,0,16301135.0
Delhi,602.9282444006998,4,2,41.25253331643226,0,Semi Furnished,Ground,4,1,0,1,1,1,1,6640891.0
Delhi,1769.882256414171,3,3,20.752957543532872,0,Semi Furnished,Ground,2,0,0,1,1,0,0,18872678.0
Mumbai,1336.7320737327145,1,3,15.452941532318118,0,Semi Furnished,Top,2,1,0,1,1,0,0,18617835.0
Kolkata,914.5375530962732,4,2,28.255205177671012,0,Unfurnished,Ground,3,1,0,2,1,0,1,5526382.0
Chennai,1601.1916852993477,3,1,0.9027600468650651,1,Semi Furnished,Ground,2,0,0,1,0,0,0,14367623.0
Lucknow,721.524456646761,3,3,1.9087382421079322,2,Semi Furnished,Ground,3,1,0,0,0,1,0,5462940.0
Delhi,1519.8569108598174,3,2,5.721386510037136,0,Semi Furnished,Top,2,0,0,0,0,0,1,19339520.0
Bangalore,788.5615460942228,3,2,26.80089653394982,0,Fully Furnished,Top,2,1,0,1,1,0,0,8858785.0
Pune,1730.6360421589156,3,2,9.586492712945377,1,Semi Furnished,Top,2,1,0,0,1,0,1,20370495.0
Pune,1037.8213331848124,4,2,10.504835816657812,1,Fully Furnished,Top,3,1,0,2,0,1,0,14372285.0
Chennai,1274.5029914853453,2,2,3.906168471429912,1,Fully Furnished,Mid,2,0,0,2,1,1,0,14480969.0
Kolkata,1646.974693971581,2,2,15.678382627446808,2,Unfurnished,Top,4,1,0,1,1,1,0,13908833.0
Kolkata,1113.728944078882,1,2,32.817720917144676,1,Semi Furnished,Top,5,1,0,0,0,0,1,6670502.0
Hyderabad,1471.0180001658487,3,3,5.996291764918494,0,Unfurnished,Top,1,1,0,0,1,0,1,14118135.0
Jaipur,743.0847493775732,2,2,14.481660808100338,0,Semi Furnished,Mid,2,0,0,2,1,0,1,5045707.0
Delhi,1815.4378017980778,2,2,6.050860610005424,0,Fully Furnished,Top,2,1,0,1,0,1,0,28700797.0
Kolkata,2382.456902775386,1,2,23.60520686816996,1,Unfurnished,Mid,2,1,0,1,1,0,0,13522416.0
Bangalore,2858.437593116735,2,3,9.664204918319195,1,Fully Furnished,Mid,2,0,0,0,1,0,1,31655517.125
Chennai,1545.5840733332195,3,1,6.220668834292237,0,Semi Furnished,Top,2,0,0,1,0,0,1,14175860.0
Lucknow,1894.1020703985932,1,2,8.17217115582172,2,Unfurnished,Top,2,0,0,1,0,1,0,11602330.0
Hyderabad,609.6871635462554,3,3,1.434907720504198,2,Semi Furnished,Mid,2,0,1,1,1,1,0,7285614.0
Ahmedabad,2251.367163152794,3,2,30.1618520994191,2,Unfurnished,Ground,3,0,0,0,1,0,1,11692064.0
Mumbai,1888.114252362053,2,2,47.57596782831301,0,Semi Furnished,Mid,2,1,0,1,1,1,0,21267438.0
Lucknow,1258.0332775243835,3,4,9.734490889806068,0,Fully Furnished,Mid,2,0,0,2,1,0,0,10192152.0
Ahmedabad,2118.5904001445047,5,2,3.752657997633863,0,Fully Furnished,Top,2,1,0,1,0,0,0,21686489.0
Pune,1372.7619616773293,4,2,16.3889850305582,1,Unfurnished,Top,2,1,0,1,0,1,0,11949105.0
Mumbai,1270.9874084927217,1,2,9.032645474925443,1,Semi Furnished,Ground,3,0,0,2,0,0,1,17885612.0
Delhi,1737.6674627137456,4,3,4.361303386385831,2,Semi Furnished,Mid,2,0,1,1,1,1,1,31655517.125
Bangalore,968.3227500848407,3,2,0.5878677422859137,0,Fully Furnished,Mid,3,1,0,1,1,1,1,15484507.0
Mumbai,2010.812382199974,2,3,33.068875714007014,1,Unfurnished,Ground,5,0,0,1,1,1,1,22005337.0
Jaipur,972.0050940365783,2,3,23.89862317214164,1,Semi Furnished,Ground,3,1,0,0,0,1,0,5634282.0
Ahmedabad,974.9726050884069,3,2,26.491907218479636,0,Semi Furnished,Mid,3,1,0,0,1,1,1,6019863.0
Delhi,1045.1551057958327,3,3,8.692985121502122,0,Fully Furnished,Mid,3,0,0,0,0,1,1,16353726.0
Jaipur,1879.750018758061,3,2,20.99102179193339,1,Semi Furnished,Ground,3,0,0,1,1,0,0,10047794.0
Pune,1191.6123192401462,3,2,13.056331893842243,1,Fully Furnished,Top,5,0,0,1,0,0,0,12688313.0
Jaipur,826.0021078164156,2,3,7.044662521818244,2,Unfurnished,Mid,2,0,0,2,0,0,0,5553892.0
Hyderabad,1197.160000032101,3,2,27.748021059883502,2,Semi Furnished,Mid,4,1,0,0,1,1,1,9654020.0
Hyderabad,1483.9788146597566,3,2,80.0,2,Semi Furnished,Mid,2,0,0,0,0,0,0,9625041.0
Chennai,909.5137581678072,3,3,34.431506959737284,1,Fully Furnished,Mid,2,0,0,1,0,0,0,7498650.0
Lucknow,924.1594454828282,5,3,22.45449916548566,0,Fully Furnished,Ground,3,0,0,2,0,0,0,5845321.0
Lucknow,2555.6481670497924,4,2,20.645634057064164,2,Semi Furnished,Ground,2,1,0,1,0,1,1,15366574.0
Delhi,1069.7172980930566,5,3,15.758000361195167,2,Fully Furnished,Ground,3,0,0,1,1,1,0,16773309.0
Pune,1338.4788156134966,3,2,28.822982977932337,1,Fully Furnished,Ground,3,0,0,2,0,0,0,9789769.0
Kolkata,1316.381499600357,3,3,10.191068105285304,1,Unfurnished,Ground,3,0,0,1,0,0,1,9187564.0
Hyderabad,1289.3215961147791,3,3,3.0084348736466455,1,Fully Furnished,Top,1,1,0,2,0,0,1,15356143.0
Delhi,1810.673369984551,3,2,21.918483885511424,2,Semi Furnished,Top,2,0,0,2,1,1,0,24437242.0
Kolkata,1974.0714752360248,3,2,37.79365920002757,0,Fully Furnished,Top,1,1,0,1,1,0,0,16333961.0
Lucknow,1347.022784234204,4,3,6.263497095779601,1,Semi Furnished,Top,4,0,0,1,1,0,1,9805498.0
Chennai,881.7608567038255,3,3,22.916714406961354,2,Semi Furnished,Ground,4,0,0,1,1,1,0,7094304.0
Jaipur,2137.2201139244517,2,2,4.797350781077979,1,Fully Furnished,Ground,5,1,0,2,0,0,0,17587978.0
Hyderabad,1452.3294544016587,4,2,42.86573607021499,1,Semi Furnished,Top,4,0,0,2,1,0,0,11256860.0
Delhi,2365.1609074285843,4,1,17.254631955158967,2,Unfurnished,Ground,3,0,0,0,0,0,1,25912572.0
Mumbai,400.0,3,2,12.634316032125682,0,Unfurnished,Ground,4,0,0,1,1,1,0,5502285.0
Kolkata,1597.7016106416602,3,3,22.703065730652092,0,Semi Furnished,Mid,3,0,0,2,1,1,1,12710958.0
Jaipur,2459.303166938104,2,1,25.16825449576193,1,Unfurnished,Mid,3,0,1,0,0,0,1,12032056.0
Hyderabad,1323.367932280921,3,3,33.435823711633994,0,Fully Furnished,Top,2,1,0,1,0,1,1,11160493.0
Lucknow,1387.253288332682,1,3,34.7076534126675,1,Fully Furnished,Ground,3,1,1,2,0,1,0,8090653.0
Pune,1647.7558457951693,1,4,0.8119464196524363,0,Fully Furnished,Mid,3,1,0,0,1,0,1,21242007.0
Kolkata,1220.6020905575213,3,2,1.967144131746862,1,Semi Furnished,Ground,3,1,0,1,1,0,1,10557425.0
Lucknow,1343.9640339736336,3,3,26.235748734407217,1,Fully Furnished,Mid,2,0,0,0,0,0,1,7792935.0
Hyderabad,1331.0924529042984,3,3,43.79592351413208,1,Fully Furnished,Top,3,0,0,1,1,1,1,12175973.0
Kolkata,1186.2896327868134,4,1,5.515428417781896,0,Semi Furnished,Ground,1,0,0,2,0,0,0,8578019.0
Jaipur,2114.4282751002797,2,2,0.12958541406360502,0,Unfurnished,Ground,3,0,0,0,0,0,0,12294648.0
Hyderabad,1730.5390161482176,3,3,5.844729512172373,0,Fully Furnished,Mid,3,0,0,2,1,0,0,18373136.0
Ahmedabad,1625.3141160516511,3,2,7.239991174507994,0,Semi Furnished,Top,3,1,0,0,0,1,0,12871869.0
Delhi,1904.2855034450583,2,3,21.47147007223425,0,Unfurnished,Mid,2,0,0,0,0,1,0,17097528.0
Jaipur,1367.8220833982666,3,2,0.7313109561118712,0,Unfurnished,Top,3,0,0,1,1,1,1,9942539.0
Kolkata,1112.8980908235499,3,1,3.5860500257703705,1,Unfurnished,Top,2,1,0,0,0,1,0,9931454.0
Pune,1198.6878476927213,3,2,33.66029808181028,0,Fully Furnished,Top,2,0,0,0,1,1,1,10888814.0
Lucknow,1500.8915205523044,4,2,2.523092115200605,1,Unfurnished,Ground,3,0,0,0,0,1,0,8949223.0
Mumbai,970.394145813549,3,2,21.359797130464628,0,Unfurnished,Mid,3,1,0,0,1,1,1,12016758.0
Lucknow,1249.8694917066623,5,2,6.7250508902161465,2,Unfurnished,Ground,2,0,1,2,0,1,0,9257366.0
Kolkata,1241.9416790642827,3,2,16.299968883879213,0,Fully Furnished,Ground,2,0,0,1,1,1,1,10192854.0
Lucknow,2562.2781149145067,2,2,1.1507294235215875,1,Semi Furnished,Ground,3,0,1,1,1,0,1,18538790.0
Delhi,400.0,3,1,5.064810867259743,1,Unfurnished,Top,3,0,1,1,0,0,1,5139165.0
Hyderabad,1410.1901392971834,2,3,8.295294466626775,1,Semi Furnished,Top,1,0,1,0,1,1,1,15360982.0
Mumbai,2362.8468964073854,3,2,29.19597976346151,1,Unfurnished,Top,1,0,0,1,0,0,0,24437881.0
Bangalore,1560.922232066227,3,3,12.434361207281974,1,Unfurnished,Top,2,0,0,0,1,1,0,18926739.0
Kolkata,1876.7087367105464,3,3,0.6941981297127193,1,Fully Furnished,Top,4,1,0,1,1,1,1,23853703.0
Chennai,1549.9131575498839,2,2,24.282219047207633,1,Unfurnished,Top,3,1,0,1,0,0,1,11744633.0
Bangalore,1166.33330939176,3,1,0.840961781218664,0,Unfurnished,Ground,4,0,0,0,0,0,0,11218864.0
Lucknow,400.0,2,3,40.85505026455767,1,Semi Furnished,Top,3,0,0,1,0,1,1,2060271.0
Kolkata,1602.7278435181515,3,3,3.5684802357112013,2,Fully Furnished,Mid,5,1,0,0,0,0,1,17161420.0
Ahmedabad,1112.1966976988044,4,1,10.039296234431777,1,Semi Furnished,Top,3,0,0,0,0,0,1,9196546.0
Chennai,1099.8322969173482,5,3,1.1253954015987697,1,Semi Furnished,Ground,3,1,0,2,0,0,0,12002170.0
Mumbai,1250.506372010444,2,1,12.373198977288986,0,Semi Furnished,Mid,3,0,0,0,1,1,1,16364170.0
Pune,2372.4307033117466,3,1,10.314298285412434,2,Semi Furnished,Ground,1,0,0,1,0,0,0,22625164.0
Ahmedabad,2702.4187711269865,3,2,7.92081114589209,0,Fully Furnished,Ground,1,0,0,1,1,1,1,24542967.0
Bangalore,1608.6039687642005,4,1,0.5433157553847098,0,Unfurnished,Mid,2,1,0,1,0,0,0,18584378.0
Hyderabad,1267.616388044136,3,4,31.671586129488727,1,Fully Furnished,Top,3,0,1,0,0,0,0,11547452.0
Delhi,911.3867912743948,2,3,24.340628602391106,1,Unfurnished,Ground,3,0,1,0,0,1,1,9781242.0
Pune,1734.2700807730346,3,2,15.037128503022961,2,Unfurnished,Ground,3,0,0,0,1,0,0,13606795.0
Ahmedabad,2391.4528000325718,3,1,12.737543556348834,0,Semi Furnished,Mid,4,0,0,2,1,0,1,16978826.0
Hyderabad,1376.3298064874216,3,2,17.809018244155624,1,Unfurnished,Top,4,0,1,0,0,0,1,11318029.0
Hyderabad,400.0,4,2,2.3320985888546195,0,Fully Furnished,Mid,5,1,0,0,0,1,1,4482133.0
Kolkata,1835.0248359077618,2,2,40.46650425262977,1,Unfurnished,Mid,3,0,0,0,0,0,0,8802179.0
Ahmedabad,1992.6998557250247,5,2,5.025238585388598,1,Fully Furnished,Ground,2,1,0,1,1,0,0,19841833.0
Mumbai,707.0771798070763,2,2,16.02809773166223,1,Fully Furnished,Top,2,0,0,2,0,0,0,10891966.0
Lucknow,1588.2420918314765,5,2,13.999862756849197,1,Fully Furnished,Ground,2,0,0,1,0,0,1,10967757.0
Chennai,1725.6130080680493,4,3,15.184343894744165,1,Unfurnished,Top,2,1,0,1,0,0,0,16173699.0
Chennai,1463.4463489955308,3,3,31.673537019563447,1,Semi Furnished,Mid,2,0,0,1,0,0,0,10463749.0
Bangalore,1104.614540457323,3,2,5.262762057910383,1,Fully Furnished,Top,1,1,1,1,0,1,1,19245868.0
Bangalore,2007.9686117817782,2,2,20.731439097722173,1,Semi Furnished,Ground,3,1,0,2,1,0,1,21816760.0
Chennai,1298.3101270156587,1,1,13.684146895570255,1,Fully Furnished,Top,3,0,0,1,0,1,1,12062462.0
Mumbai,757.406918650034,2,2,1.1866275406965283,2,Unfurnished,Top,3,0,0,0,1,0,0,11215935.0
Delhi,475.2627571651594,2,3,8.020492271974314,1,Fully Furnished,Ground,1,1,0,0,1,1,1,7040714.0
Jaipur,2130.4247599996547,3,3,27.29790086943289,2,Unfurnished,Ground,1,1,1,1,1,0,1,12244606.0
Lucknow,1808.331988235559,2,2,5.6826555972356925,0,Unfurnished,Ground,3,0,0,2,1,0,1,9382976.0
Delhi,1543.9867735645844,4,2,9.874343906545985,0,Unfurnished,Mid,1,0,0,1,0,0,0,16780814.0
Kolkata,1279.8626815745984,3,3,10.060179536598381,1,Unfurnished,Ground,3,1,0,1,1,0,0,9753567.0
Jaipur,1235.5007928984364,3,2,14.435407500657954,0,Semi Furnished,Mid,5,1,1,1,1,0,0,9075323.0
Jaipur,962.1316757791943,3,2,32.31478595156817,1,Unfurnished,Top,3,0,0,0,1,1,0,4716546.0
Ahmedabad,1284.2721777200577,3,3,2.859041854395455,0,Fully Furnished,Top,3,0,0,0,0,1,1,11716883.0
Mumbai,439.95639243991286,2,2,10.536357619692499,2,Semi Furnished,Ground,3,0,0,0,0,0,0,5544856.0
Mumbai,1131.968173265743,3,2,8.281675766737946,1,Semi Furnished,Mid,3,0,0,1,0,0,1,15277436.0
Jaipur,1344.531241824453,4,2,5.26295131328773,1,Semi Furnished,Mid,3,0,0,2,1,1,1,10255107.0
Ahmedabad,1804.9400235952094,3,3,37.812642170617295,1,Semi Furnished,Mid,4,1,0,0,0,0,1,11757794.0
Lucknow,1480.0367683133181,2,3,0.12306988136246248,0,Fully Furnished,Ground,3,0,0,0,0,0,1,10580765.0
Jaipur,1897.4615569377795,4,2,1.9534206939508703,2,Unfurnished,Ground,3,1,0,1,0,0,0,13194170.0
Pune,2174.567552556715,2,1,19.826962920549978,1,Fully Furnished,Mid,3,1,0,2,0,1,1,23743327.0
Bangalore,2029.085046912051,3,2,4.58650137942606,0,Unfurnished,Top,3,0,0,2,1,0,0,24024014.0
Bangalore,1735.2549236892785,3,2,19.26577701368357,2,Semi Furnished,Top,3,1,0,1,1,0,1,22089819.0
Delhi,1505.931339590392,3,1,26.77953041620311,1,Semi Furnished,Ground,2,1,0,0,0,1,1,14769875.0
Kolkata,1009.6059957932205,4,2,4.407836696064627,1,Semi Furnished,Ground,2,1,0,1,1,0,0,9328202.0
Bangalore,1869.972025689658,4,1,3.196864082601832,2,Semi Furnished,Mid,1,0,0,0,0,1,0,25598399.0
Hyderabad,2339.8736911107644,3,4,2.355082335722004,2,Unfurnished,Mid,3,1,0,2,1,1,1,24727072.0
Delhi,1671.053019825209,2,1,3.3488148157801265,2,Semi Furnished,Mid,4,1,0,2,0,1,0,25034144.0
Bangalore,2458.6295742130615,4,2,4.662937910838066,1,Unfurnished,Top,4,0,0,0,1,0,0,31631215.0
Kolkata,737.2141459694581,3,2,30.45974969587171,1,Semi Furnished,Mid,3,0,0,0,1,1,1,4745730.0
Mumbai,922.9183076102292,2,3,22.045427374456338,0,Fully Furnished,Mid,1,1,1,0,0,1,0,14343354.0
Mumbai,1927.6007538741312,3,1,0.027690296471053564,2,Semi Furnished,Ground,4,0,0,1,1,1,1,31006283.0
Lucknow,1632.1451050766254,2,2,31.086290873597974,1,Unfurnished,Ground,3,1,0,2,1,1,1,7945478.0
Jaipur,2156.8910882859036,1,3,1.231371944258976,1,Unfurnished,Mid,2,1,0,1,1,1,1,15755739.0
Pune,1492.2641796366302,4,4,15.974715966202863,2,Fully Furnished,Ground,4,0,0,0,1,0,1,18235699.0
Mumbai,1066.012288735834,3,3,2.463831867333989,2,Unfurnished,Mid,3,1,0,2,0,1,0,16958388.0
Ahmedabad,1393.2033788974788,2,1,0.9644912140637473,2,Fully Furnished,Mid,4,0,0,1,0,1,0,11961364.0
Bangalore,733.658014538133,3,1,21.39242077162373,1,Semi Furnished,Mid,2,0,1,0,0,1,0,7104338.0
Ahmedabad,935.7046634514827,4,3,9.444225061455983,0,Semi Furnished,Ground,4,1,0,0,0,1,0,6799509.0
Kolkata,1986.221998959005,1,2,13.709246360584007,2,Semi Furnished,Mid,3,0,0,0,1,1,1,15998593.0
Mumbai,1936.3937072348049,3,2,8.309990586920309,1,Unfurnished,Ground,1,0,0,0,0,0,1,22539119.0
Pune,1681.5021424030385,4,4,1.0430144893640707,2,Semi Furnished,Top,3,1,0,2,1,1,0,25551866.0
Kolkata,639.4612395197653,2,3,20.184092011321344,1,Semi Furnished,Top,3,0,0,0,0,1,1,4853357.0
Hyderabad,1320.7982122435558,3,3,25.751265094391613,2,Semi Furnished,Ground,2,1,0,1,1,1,0,11493775.0
Hyderabad,887.5000556699747,2,3,0.6345423418424007,1,Semi Furnished,Top,3,1,0,1,0,0,0,9553737.0
Ahmedabad,2088.266626893883,3,2,7.067277049795339,2,Semi Furnished,Top,2,0,0,0,1,0,1,17360107.0
Jaipur,1208.1389332186993,4,3,12.22350442452145,0,Unfurnished,Top,3,0,0,0,0,0,0,7888326.0
Delhi,957.1261446092253,2,2,13.940009750481131,2,Unfurnished,Mid,3,0,0,1,1,1,1,10241734.0
Jaipur,1514.8980825607123,4,4,12.946686756032273,0,Unfurnished,Top,3,1,0,0,0,0,0,11259896.0
Lucknow,1179.9227715826942,4,2,17.710713604677213,0,Unfurnished,Mid,1,0,0,2,1,1,1,6692643.0
Jaipur,2241.8719551018535,3,2,51.085403203003864,1,Semi Furnished,Ground,2,0,0,0,0,1,1,10417899.0
Lucknow,1132.5945512329045,3,2,7.428874416137286,1,Unfurnished,Ground,3,0,0,0,0,0,0,6101579.0
Lucknow,800.3858703876843,1,1,12.200042006495163,1,Fully Furnished,Top,2,1,0,1,1,0,1,6180762.0
Pune,423.5432421212422,4,2,18.013594137213637,1,Semi Furnished,Mid,3,0,0,0,0,1,1,3768001.0
Mumbai,1484.6067487932924,3,2,13.46291136128846,1,Semi Furnished,Ground,3,0,1,2,0,1,1,21880099.0
Pune,1219.0349430710369,3,2,7.334764131539256,2,Fully Furnished,Ground,4,0,0,1,1,1,0,14074292.0
Lucknow,785.5476967441366,3,2,14.675655450538462,1,Unfurnished,Mid,2,1,0,1,0,1,1,4553969.0
Kolkata,2094.6132306278923,3,2,15.752112505222728,1,Fully Furnished,Top,3,0,1,0,1,0,0,20458461.0
Hyderabad,1833.622573714621,4,1,13.191011978511279,1,Unfurnished,Ground,2,1,0,2,0,0,0,14318446.0
Lucknow,1485.8910605313852,3,2,3.4432855489708123,2,Fully Furnished,Top,3,0,0,0,1,0,0,12776132.0
Pune,2182.1631220854333,4,3,10.577730389590217,2,Semi Furnished,Top,2,0,0,0,0,0,1,25572183.0
Kolkata,1831.2680166993064,3,2,32.35868661801992,0,Unfurnished,Mid,3,0,0,1,0,0,0,9759224.0
Pune,1088.5720492407838,2,2,30.442851982748895,0,Unfurnished,Top,4,0,0,0,1,1,1,7887417.0
Jaipur,980.3899180046169,4,2,20.84176557255842,0,Unfurnished,Ground,2,0,0,2,1,1,0,5346338.0
Bangalore,1908.9907722269306,3,3,17.92001915869588,1,Semi Furnished,Mid,4,0,0,1,1,1,0,22161765.0
Ahmedabad,1698.1834782336755,3,3,2.4957629875064677,1,Unfurnished,Top,3,0,0,1,1,0,1,14771027.0
Delhi,1584.8738839853308,5,1,9.227929027047402,1,Fully Furnished,Mid,4,1,0,1,1,0,0,28096713.0
Pune,1076.7510985655463,2,3,1.7640491292026839,1,Unfurnished,Mid,5,1,0,0,1,1,1,10291995.0
Delhi,1803.973783502877,3,3,25.497370575332287,1,Unfurnished,Mid,2,0,0,0,1,1,1,18211047.0
Chennai,1122.2505584330254,2,3,5.159410414175479,0,Semi Furnished,Top,3,0,1,2,1,0,1,13132309.0
Pune,1449.006672703161,3,2,21.84211951716382,1,Fully Furnished,Mid,2,0,0,0,1,0,0,15007433.0
Bangalore,2223.47207319349,4,3,25.2768866782454,0,Fully Furnished,Top,2,1,1,0,0,0,0,31107696.0
Delhi,1169.582882094927,5,2,33.45342193387358,2,Fully Furnished,Mid,3,0,0,1,0,0,1,14257244.0
Lucknow,713.5053714635695,3,3,21.02599865467122,1,Unfurnished,Top,2,0,1,0,0,0,1,4702421.0
Pune,973.7264040649449,4,3,12.476796817952298,1,Unfurnished,Mid,3,0,0,1,0,0,1,9584985.0
Mumbai,1997.1494133438116,4,3,13.676449246077969,1,Semi Furnished,Top,3,1,0,0,0,0,0,31655517.125
Ahmedabad,1627.3655686901047,3,2,5.797787056233606,1,Semi Furnished,Ground,3,1,0,2,0,0,1,13714563.0
Bangalore,1435.5613106556232,2,3,2.921916759009627,1,Unfurnished,Ground,3,0,0,1,0,1,1,15743770.0
Delhi,1245.4530973442152,3,1,2.0999040713124417,0,Fully Furnished,Mid,4,0,0,1,0,0,0,19154693.0
Bangalore,1742.679953776595,5,1,3.0138254582143094,1,Fully Furnished,Ground,4,1,0,2,1,0,1,24459134.0
Kolkata,1075.4475745048883,5,2,40.760577356803836,0,Unfurnished,Top,3,0,1,2,0,1,0,7986658.0
Ahmedabad,1652.832784321298,3,3,2.6946757032777273,1,Fully Furnished,Ground,2,0,1,1,0,0,1,15821009.0
Lucknow,1134.3727155935217,4,2,19.296053684407045,1,Fully Furnished,Top,3,0,0,2,1,1,1,8990984.0
Pune,1051.170307362473,2,2,3.0616724175184076,1,Unfurnished,Top,2,0,1,0,0,0,1,10938204.0
Pune,1181.2562825874943,2,1,55.508069396769244,1,Semi Furnished,Ground,2,0,0,1,0,0,0,7078820.0
Pune,1312.296276758019,5,2,6.849430951135507,0,Unfurnished,Ground,3,0,0,0,1,1,1,13043125.0
Ahmedabad,1475.5850820331484,2,3,7.968905702446463,0,Semi Furnished,Top,1,0,1,0,0,0,1,12117911.0
Mumbai,1617.727897555557,2,3,7.775600012618435,0,Fully Furnished,Ground,3,0,1,0,1,1,0,28622445.0
Chennai,400.0,3,2,25.4297730904776,0,Semi Furnished,Ground,4,0,0,2,1,0,1,2801375.0
Hyderabad,1096.1747211266174,3,4,3.69408183721668,1,Semi Furnished,Mid,5,1,0,1,1,0,0,10462576.0
Jaipur,1304.2150113219805,3,3,26.67004411615733,1,Unfurnished,Top,4,0,0,1,1,1,0,7288811.0
Delhi,2252.531019304165,2,3,16.052946507505172,1,Fully Furnished,Mid,1,0,0,1,1,0,0,31003780.0
Mumbai,959.9986958089339,4,3,3.732309199585958,2,Fully Furnished,Top,2,0,1,0,1,0,1,21877450.0
Lucknow,1581.3983090499562,4,4,1.014670839308316,1,Fully Furnished,Ground,2,1,0,2,1,0,1,14558532.0
Delhi,2247.5151548679187,3,3,22.37432592250432,1,Semi Furnished,Top,3,1,0,1,0,1,1,30222088.0
Pune,843.5157350263636,3,2,3.70699220647922,0,Semi Furnished,Ground,1,1,0,1,0,0,0,8041180.0
Bangalore,1696.9876129322013,3,2,32.98240992842271,1,Unfurnished,Mid,4,0,0,1,1,0,1,13868750.0
Lucknow,1098.86408303274,3,3,2.085229352381443,0,Fully Furnished,Top,1,0,0,0,1,1,0,9429011.0
Delhi,1247.6831288553826,3,2,14.370938473015814,1,Fully Furnished,Mid,2,0,0,2,0,1,0,17915818.0
Pune,1098.4445830233428,3,2,17.67303567575282,2,Semi Furnished,Top,4,0,0,1,1,0,0,10623769.0
Delhi,1134.071345792057,3,2,16.081121810880813,1,Semi Furnished,Mid,4,0,0,0,0,0,0,12866433.0
Bangalore,2858.437593116735,2,2,5.697614261316104,0,Semi Furnished,Ground,3,1,0,2,0,1,1,31655517.125
Pune,1922.227936035833,3,2,31.25457783688409,2,Fully Furnished,Top,3,0,0,0,1,0,1,18867972.0
Chennai,2050.8689308931043,3,3,22.03244818764468,0,Fully Furnished,Mid,3,0,0,0,1,0,0,17676352.0
Mumbai,1745.9967434182481,3,3,10.706566228751615,2,Unfurnished,Ground,3,0,0,0,0,0,0,22081842.0
Kolkata,696.8716057990209,4,1,13.868360647011563,2,Unfurnished,Ground,2,0,0,0,1,1,0,5295554.0
Jaipur,1697.4789851616536,3,2,12.533497088131872,1,Fully Furnished,Top,3,0,0,2,0,0,1,13813069.0
Ahmedabad,2036.4648072536734,4,1,43.97688385066667,0,Unfurnished,Top,3,0,0,1,1,1,0,11512811.0
Jaipur,1073.3002629804444,1,1,34.01018588189485,2,Semi Furnished,Top,3,1,0,1,1,0,1,5830376.0
Lucknow,1982.6633335805632,3,2,4.027945537240894,1,Unfurnished,Mid,2,1,0,1,1,1,0,13771190.0
Jaipur,1852.1681049270394,4,3,4.572622406837054,0,Semi Furnished,Ground,1,1,0,0,0,0,1,13922538.0
Pune,2426.020022406835,3,3,59.799640272651665,1,Unfurnished,Ground,3,1,0,2,0,0,1,18598466.0
Chennai,1291.1084937431906,3,2,4.048824935009833,1,Fully Furnished,Top,3,1,0,0,0,0,1,15979028.0
Kolkata,951.1945088621367,3,2,46.01787645640022,0,Semi Furnished,Ground,3,1,0,0,1,1,0,5910875.0
Mumbai,1319.1859453137272,4,3,15.736780083834724,0,Unfurnished,Ground,4,0,0,2,1,0,1,17147522.0
Mumbai,2217.7854965818115,3,4,0.7711275002109199,0,Fully Furnished,Top,4,0,0,1,0,0,0,31655517.125
Bangalore,585.7970595790185,4,3,6.13593554540363,0,Semi Furnished,Ground,2,1,0,2,1,1,1,7748580.0
Ahmedabad,465.8121422844838,5,1,9.698365023969188,0,Semi Furnished,Ground,4,0,0,0,0,1,0,3116010.0
Delhi,1544.6976394658066,3,2,26.854767863285907,0,Fully Furnished,Top,3,1,0,0,0,1,0,18278142.0
Chennai,1278.705353612922,3,1,5.97552703257976,0,Fully Furnished,Mid,4,1,0,0,1,1,0,12940688.0
Delhi,1503.8639465878423,1,2,5.578532495024075,0,Semi Furnished,Top,4,0,0,2,0,1,0,18267832.0
Kolkata,1972.6558856179327,3,3,37.93537212828291,2,Fully Furnished,Ground,2,1,1,2,0,0,0,18086011.0
Jaipur,1223.7153269405737,3,2,1.2349880226872065,1,Unfurnished,Top,2,0,0,0,1,1,0,9615875.0
Mumbai,563.4970845346897,4,3,12.028408501271198,1,Unfurnished,Top,3,1,0,2,0,0,1,8751370.0
Kolkata,2522.240778599972,3,2,10.524928013044363,1,Semi Furnished,Ground,2,1,0,1,1,0,0,19841834.0
Jaipur,1001.385856280612,5,4,0.8856608146204576,0,Semi Furnished,Ground,2,0,0,1,0,1,1,7661124.0
Mumbai,970.4814389939512,2,1,1.377769667467815,2,Unfurnished,Mid,1,0,0,0,1,0,1,12704637.0
Jaipur,2051.860006861298,3,1,7.218211881994702,1,Fully Furnished,Mid,5,1,0,0,0,0,0,16541918.0
Ahmedabad,1307.755439479241,3,2,2.1608482991370823,1,Fully Furnished,Ground,2,0,0,1,1,1,1,11923147.0
Chennai,1468.3050739825946,3,1,9.753381728580322,2,Semi Furnished,Mid,4,0,1,1,0,0,1,15045461.0
Lucknow,1741.395062030159,4,3,14.081453682361731,1,Fully Furnished,Mid,5,0,0,0,1,1,0,12721335.0
Kolkata,2041.7915515549978,2,1,17.63547893158942,1,Semi Furnished,Top,5,1,0,2,1,0,0,15853978.0
Kolkata,1333.269653409114,2,3,11.860410072230447,2,Fully Furnished,Top,3,1,0,1,1,0,0,14471303.0
Hyderabad,2259.97600295715,3,1,7.162313846637085,2,Fully Furnished,Mid,3,1,0,1,1,0,1,24898838.0
Pune,432.1000756325973,3,2,2.084769976930955,2,Fully Furnished,Top,2,1,0,1,1,0,0,5816879.0
Ahmedabad,1879.8936184765384,4,3,4.265023503461474,0,Unfurnished,Top,4,0,0,1,1,1,1,16089601.0
Ahmedabad,1080.2362209911712,5,4,8.155958454463292,2,Semi Furnished,Ground,2,1,0,0,0,1,0,9022595.0
Delhi,2186.1356583039956,2,2,38.67794152431174,1,Fully Furnished,Mid,2,1,0,0,0,1,1,26633950.0
Jaipur,1571.0222394152727,3,4,3.3959935934541403,1,Fully Furnished,Mid,2,1,0,2,0,0,1,15331329.0
Pune,1163.5473339952991,3,2,7.999755828659475,0,Unfurnished,Ground,2,1,0,2,1,0,1,9878614.0
Chennai,1831.4205465108162,5,2,19.76882123916034,0,Unfurnished,Ground,3,0,0,2,0,0,0,14454173.0
Chennai,1946.5941736036257,4,3,18.32204233737975,0,Unfurnished,Ground,2,0,0,2,1,0,1,14910513.0
Ahmedabad,1820.947061429319,3,2,50.54225191276914,1,Semi Furnished,Top,2,1,1,0,0,0,1,12701928.0
Chennai,985.1518801834698,3,2,3.1775154418413014,0,Unfurnished,Ground,1,0,0,0,1,0,1,8232771.0
Hyderabad,1257.9914381889575,2,3,0.24986372958052752,0,Unfurnished,Ground,4,0,0,2,0,0,0,9880513.0
Kolkata,1497.9635814392825,3,2,5.836273362858026,2,Fully Furnished,Ground,3,0,0,0,0,0,1,14276714.0
Bangalore,1479.3701736749697,3,1,2.4323604374658916,1,Fully Furnished,Ground,3,1,0,2,1,0,1,21410884.0
Lucknow,1874.872737719174,3,1,11.926670467095539,1,Unfurnished,Top,3,1,0,2,0,0,0,11555234.0
Delhi,492.54938374669587,3,3,34.3567436941853,1,Fully Furnished,Mid,2,0,0,1,1,0,1,5708982.0
Jaipur,1667.1635272767517,3,3,17.482190765165665,1,Fully Furnished,Ground,2,0,0,2,1,0,1,11460422.0
Lucknow,1355.00932278168,3,2,2.1892459818401533,0,Unfurnished,Ground,4,0,0,1,0,0,1,7492988.0
Jaipur,1080.749691808024,3,3,1.8510008862261826,1,Unfurnished,Mid,2,1,0,0,1,0,0,7562815.0
Mumbai,1128.7566111152003,2,2,36.36278709097034,1,Unfurnished,Mid,4,0,0,2,1,0,0,11130224.0
Lucknow,1392.7311677410182,2,3,10.030025200593451,0,Unfurnished,Ground,1,0,0,1,0,0,0,7251545.0
Bangalore,400.0,2,3,38.590926480271044,1,Unfurnished,Ground,2,0,0,0,1,1,1,2998326.0
Ahmedabad,1149.355214604225,4,3,19.989467942380458,1,Fully Furnished,Mid,4,1,1,2,0,1,0,11422503.0
Hyderabad,1062.0925876768533,2,2,75.19360451556251,1,Semi Furnished,Ground,3,0,0,1,1,0,1,6498117.0
Kolkata,1766.3916046613122,4,3,30.74564822764346,0,Fully Furnished,Top,3,1,0,0,0,1,0,14048106.0
Kolkata,1097.2366587447398,2,2,8.021964867240476,1,Unfurnished,Ground,2,0,0,2,0,1,1,7188960.0
Hyderabad,1392.443099914755,3,2,21.296391486276022,1,Semi Furnished,Ground,3,0,0,2,1,1,0,10094970.0
Pune,2271.138313830651,4,2,9.557973875301492,1,Semi Furnished,Top,4,0,0,0,0,0,0,22295853.0
Mumbai,1997.1757599077118,3,2,3.9804410463542195,2,Semi Furnished,Mid,4,0,0,0,1,0,1,31655517.125
Jaipur,1951.1356999717264,2,2,4.136880771234823,2,Fully Furnished,Mid,3,0,0,0,0,0,1,16105030.0
Bangalore,1250.063784794574,2,1,7.595586918975988,1,Unfurnished,Mid,4,1,0,2,0,1,1,12425164.0
Chennai,1771.5161396448261,4,2,1.7727392961475437,0,Fully Furnished,Ground,3,0,0,1,0,1,1,18430039.0
Lucknow,1383.051099773203,3,3,2.9359589907847283,1,Semi Furnished,Mid,4,1,0,2,0,0,1,11108768.0
Mumbai,1401.953394661531,3,1,10.415479343907121,1,Fully Furnished,Top,2,0,0,2,1,0,1,26347329.0
Lucknow,1704.8426718732749,3,2,46.16145039347566,1,Unfurnished,Top,2,1,0,1,1,0,1,9654990.0
Bangalore,1201.5032057895337,3,2,12.930104635035065,2,Fully Furnished,Ground,4,1,0,0,1,1,1,17479086.0
Delhi,2246.5015522216017,2,3,7.876321495508402,1,Semi Furnished,Mid,3,0,0,1,1,1,0,29359543.0
Delhi,1419.9349302010314,3,2,4.169943378655115,1,Semi Furnished,Mid,3,1,0,1,1,0,0,21101687.0
Mumbai,1809.1802831298326,3,1,3.270498929951144,0,Fully Furnished,Top,2,0,1,0,1,0,0,31655517.125
Ahmedabad,2227.8002396286493,2,2,16.1120309262978,1,Unfurnished,Mid,2,0,0,2,1,0,1,14925894.0
Bangalore,2015.8268872875874,4,3,28.29025946896553,1,Unfurnished,Top,2,1,0,1,1,1,1,21724263.0
Bangalore,795.5404486547376,4,1,7.633809751694337,1,Unfurnished,Ground,1,1,0,2,0,0,1,9374866.0
Hyderabad,1722.447947504942,4,2,11.999599758178405,1,Fully Furnished,Top,2,1,0,1,1,0,1,18434291.0
Ahmedabad,1925.3596972303235,2,3,18.39975823591109,1,Semi Furnished,Mid,5,0,0,0,0,0,1,12971893.0
Jaipur,1945.9315110803743,3,1,0.9009574138119889,1,Fully Furnished,Top,2,0,0,0,0,1,0,15760144.0
Jaipur,943.3525829426844,4,2,6.482459133734733,2,Semi Furnished,Mid,2,0,1,1,1,0,0,8218671.0
Chennai,1171.482381491338,2,2,19.62627773162642,1,Fully Furnished,Ground,3,1,0,1,1,0,0,9751636.0
Kolkata,1997.2791178708108,1,4,17.30960896977117,2,Semi Furnished,Top,3,0,0,0,0,0,1,14747785.0
Delhi,1119.1198146586771,4,2,0.8223515768779218,1,Unfurnished,Ground,3,1,0,1,0,1,1,14243759.0
Jaipur,1350.1519716678429,3,2,4.073558408212088,1,Fully Furnished,Ground,3,0,1,0,1,0,1,11512599.0
Ahmedabad,2287.9379047509847,3,2,17.089508809000375,1,Unfurnished,Top,2,0,0,1,0,0,0,15507554.0
Bangalore,1476.100374807605,3,3,4.749786190597356,1,Fully Furnished,Top,3,0,0,0,0,1,1,23616322.0
Jaipur,1136.6129310830784,4,1,25.263253847893274,1,Unfurnished,Top,2,0,0,1,0,0,1,6334235.0
Bangalore,1061.1913215685474,3,2,0.44923324932597586,1,Semi Furnished,Ground,2,1,0,0,1,0,0,14046060.0
Jaipur,1666.359664792594,4,3,3.1672433151751145,1,Semi Furnished,Top,5,0,0,1,1,0,0,14118021.0
Delhi,833.4259957613955,3,4,4.954939726919825,2,Semi Furnished,Mid,3,0,1,0,0,0,0,13177891.0
Lucknow,1376.332018051791,3,3,38.912086738728,0,Semi Furnished,Mid,4,1,1,0,0,0,1,7753120.0
Jaipur,1666.6152674950108,3,2,23.86800030477987,1,Fully Furnished,Mid,1,0,0,1,0,0,0,10778854.0
Ahmedabad,2149.5749102738337,2,2,32.33124924980539,1,Semi Furnished,Mid,2,0,0,0,0,0,1,11928791.0
Jaipur,1833.7740401849978,3,2,8.710117221961069,0,Unfurnished,Ground,3,0,0,2,1,0,1,10393877.0
Kolkata,1142.9674410089106,3,2,25.937018119086883,2,Unfurnished,Ground,2,1,0,0,0,0,0,6463471.0
Delhi,2089.20965878186,4,3,28.810289599626653,1,Fully Furnished,Ground,4,0,1,0,0,1,1,25389262.0
Ahmedabad,1350.2424812262611,3,3,7.661304992200026,1,Fully Furnished,Mid,2,0,1,2,0,1,0,14129936.0
Hyderabad,882.1484889752955,3,2,77.94141542548768,1,Semi Furnished,Ground,3,0,0,0,1,1,1,5869028.0
Ahmedabad,1413.9793203672637,3,3,28.581176928475504,1,Fully Furnished,Ground,3,0,1,2,0,0,1,10406186.0
Kolkata,2219.084600572851,4,3,54.800929203662704,0,Semi Furnished,Mid,4,0,0,1,1,1,1,15435613.0
Lucknow,1582.6200250324625,3,3,30.20448214931577,1,Fully Furnished,Top,2,0,0,0,0,1,1,9540742.0
Delhi,1506.2609321648931,2,3,22.45528123350931,1,Semi Furnished,Ground,2,1,0,0,0,1,1,17165259.0
Hyderabad,2318.6058223514265,4,2,43.19429240385444,2,Unfurnished,Ground,4,0,0,1,1,0,1,14649086.0
Kolkata,784.3225764727865,3,2,8.166233650884699,1,Semi Furnished,Top,2,1,0,1,0,0,1,7340343.0
Kolkata,857.2004429736139,3,2,22.94093500580824,1,Unfurnished,Ground,3,0,0,0,1,0,1,4706280.0
Mumbai,692.0767645165839,3,1,3.5908320169565595,2,Unfurnished,Mid,2,0,0,2,1,1,1,11253598.0
Delhi,1686.3240932400277,3,2,19.79602258178625,2,Fully Furnished,Top,4,0,0,0,0,0,0,22798971.0
Ahmedabad,1583.2465635575622,3,2,23.081426690075336,1,Unfurnished,Ground,4,0,1,1,0,1,0,9431628.0
Bangalore,2271.3681836398882,1,2,18.909438921051915,0,Semi Furnished,Ground,4,0,0,1,1,1,0,20904313.0
Lucknow,1621.7375385683852,4,2,28.43811794752277,1,Fully Furnished,Ground,3,0,0,0,0,1,0,9001721.0
Bangalore,1297.9214202603487,2,2,7.9995312331364055,1,Fully Furnished,Ground,1,0,0,1,1,1,1,16780489.0
Ahmedabad,1500.8974364390535,3,1,11.80422584998502,1,Semi Furnished,Mid,2,1,0,0,0,1,1,11202897.0
Ahmedabad,1558.8537092304791,2,1,0.1608707312060181,0,Fully Furnished,Top,3,1,0,0,1,0,0,14084638.0
Delhi,664.1193633359164,3,1,2.3682950834217418,1,Semi Furnished,Mid,1,0,0,1,0,0,0,8435877.0
Ahmedabad,2855.1658221674465,2,2,15.500541471925226,1,Unfurnished,Mid,1,0,1,1,1,0,1,18886675.0
Mumbai,1759.9355090509557,3,4,12.393912466021542,1,Fully Furnished,Ground,2,0,0,2,0,1,0,31655517.125
Hyderabad,1605.0041540112945,3,2,3.297221098298948,0,Unfurnished,Ground,2,0,0,1,1,0,1,12010190.0
Ahmedabad,1807.5819921392902,2,2,4.185093135667241,1,Fully Furnished,Ground,3,0,1,0,0,1,1,15033512.0
Bangalore,1854.7054902933025,3,1,6.325797085498156,1,Semi Furnished,Top,1,0,0,1,0,0,0,21236075.0
Ahmedabad,1429.7232572487842,4,2,18.903635473175427,0,Semi Furnished,Mid,5,0,0,0,1,1,1,10621298.0
Mumbai,1184.3794318796497,3,3,14.113232158652762,1,Semi Furnished,Mid,2,0,0,0,1,1,1,17259051.0
Jaipur,1799.725343160852,4,2,1.081646892036691,0,Semi Furnished,Mid,2,0,0,1,1,1,1,14367418.0
Jaipur,1692.8554202657263,4,3,21.40294262993422,1,Fully Furnished,Top,2,1,0,1,1,1,0,14632739.0
Kolkata,1095.054950455296,5,3,4.570583562250147,1,Unfurnished,Ground,3,0,0,1,1,1,1,9817547.0
Lucknow,2209.517805683632,4,2,16.7101387663688,1,Unfurnished,Ground,1,0,0,1,0,1,0,11524629.0
Chennai,1646.6760181614916,3,2,1.9749315923562976,1,Fully Furnished,Top,1,0,0,0,1,0,1,19115889.0
Hyderabad,1864.9096811338154,5,2,80.0,0,Fully Furnished,Top,1,0,0,2,0,1,0,16511916.0
Pune,2195.960443839959,4,2,1.25618986924712,0,Unfurnished,Ground,3,0,0,2,1,1,0,21873267.0
Kolkata,1510.9444105824173,4,3,20.306479911000725,2,Unfurnished,Mid,2,1,0,1,1,1,0,11443036.0
Lucknow,1658.4760034920578,1,1,11.691375974871221,1,Fully Furnished,Ground,3,0,0,1,1,0,1,9437467.0
Jaipur,1905.013619253058,5,2,1.3478726912599646,2,Fully Furnished,Top,4,1,0,2,1,0,1,22081213.0
Bangalore,1137.5694580999739,4,2,0.407646204922336,2,Fully Furnished,Top,2,0,0,1,1,0,0,19478503.0
Pune,1527.0258314230005,4,2,6.756914771819037,2,Fully Furnished,Ground,1,0,0,1,0,0,0,15869872.0
Lucknow,1562.774293325574,2,3,24.309297870743023,1,Fully Furnished,Mid,3,1,1,1,1,1,1,11100282.0
Lucknow,1021.9707241583028,2,2,0.6303288415912385,0,Unfurnished,Top,2,0,0,2,1,1,1,6265626.0
Kolkata,2658.8183943369395,5,1,18.28115352036068,2,Unfurnished,Top,2,1,0,0,1,1,0,23056626.0
Pune,796.3532782537987,3,2,15.979531694805589,0,Semi Furnished,Top,3,1,0,2,0,0,0,8104099.0
Delhi,850.9480481564211,3,2,4.6292487074147814,1,Semi Furnished,Ground,3,0,0,2,1,1,0,11192354.0
Chennai,2157.1132878517897,4,1,1.2098890463251426,2,Unfurnished,Ground,2,1,0,1,0,1,0,20738029.0
Delhi,1856.6331253982712,2,2,37.03348478231657,1,Unfurnished,Top,4,0,0,0,0,1,1,16072743.0
Pune,987.0175912596111,3,2,5.357621805522023,0,Semi Furnished,Ground,2,0,1,0,1,0,0,10171402.0
Delhi,1803.6445075508464,3,2,1.7713382742841097,1,Semi Furnished,Mid,4,0,0,1,1,0,1,24983428.0
Mumbai,2233.925222498655,3,2,17.162796399524314,2,Semi Furnished,Ground,3,0,0,0,1,1,0,31655517.125
Jaipur,1484.8684712015072,3,1,3.6632332594739467,2,Fully Furnished,Top,3,1,0,1,1,1,1,14700184.0
Mumbai,2799.411450037291,2,2,9.683387667960893,1,Semi Furnished,Mid,4,1,0,0,0,0,1,31655517.125
Ahmedabad,637.9690945659822,2,1,0.7758041129994988,2,Fully Furnished,Ground,3,0,0,1,0,1,0,5321867.0
Delhi,1846.9117269295512,3,4,74.39332112612459,0,Fully Furnished,Top,4,0,0,0,1,1,1,22682491.0
Ahmedabad,2083.2641681105015,4,2,8.90281655412455,0,Semi Furnished,Top,2,0,0,2,0,0,1,15787176.0
Bangalore,1945.6719508026233,3,3,80.0,1,Unfurnished,Mid,2,1,1,1,0,1,1,18546710.0
Hyderabad,1397.8221366771759,2,3,7.308464618779519,0,Semi Furnished,Ground,4,1,0,0,0,0,0,11594633.0
Bangalore,1354.7792589944254,2,2,6.412269021429515,1,Semi Furnished,Ground,2,1,0,1,0,1,0,14448953.0
Pune,1722.0725855436287,4,3,36.90127808544971,0,Semi Furnished,Ground,3,0,1,1,0,0,1,13660988.0
Lucknow,1907.8772433260347,5,3,5.995209767260176,1,Semi Furnished,Ground,1,0,0,1,1,1,0,14046836.0
Jaipur,1801.2367181411817,3,2,8.484654400658435,0,Semi Furnished,Mid,3,1,1,1,1,1,1,16024040.0
Delhi,2020.0289453966948,2,4,1.2199476317418332,0,Fully Furnished,Top,4,1,0,1,1,0,0,31655517.125
Kolkata,990.5650214666324,3,1,46.67131851172655,2,Semi Furnished,Top,3,1,0,0,0,0,1,6715060.0
Hyderabad,1386.1145104381826,4,2,1.3349477687405678,0,Unfurnished,Top,3,1,0,1,0,1,1,13832809.0
Chennai,1029.9920339381229,3,3,22.12261757567223,0,Unfurnished,Ground,3,0,0,1,0,0,1,6014680.0
Chennai,1306.943611956929,3,2,11.6028494559837,0,Fully Furnished,Ground,3,0,0,0,0,0,1,11333865.0
Chennai,2007.6104459071526,3,3,0.9505703428553846,2,Fully Furnished,Ground,2,1,0,1,1,0,1,26490490.0
Delhi,1553.9919603626145,5,3,0.025579218103759932,1,Semi Furnished,Ground,1,1,0,2,0,1,1,26226595.0
Chennai,2803.4295815748847,2,4,41.12883009341256,1,Semi Furnished,Top,3,1,0,2,1,1,0,25846660.0
Mumbai,1596.7031835948585,5,2,20.33202044201126,0,Fully Furnished,Top,3,0,0,0,1,1,0,26880129.0
Hyderabad,1529.8459402898682,3,4,17.396288545436864,1,Unfurnished,Mid,3,1,0,0,1,1,1,12896585.0
Mumbai,1553.091459720108,3,2,8.658662815467817,0,Semi Furnished,Mid,3,1,0,2,0,0,1,22196422.0
Lucknow,1181.095653570032,3,2,4.089218133776339,1,Unfurnished,Ground,2,1,0,1,0,1,1,7464885.0
Hyderabad,1471.0816938112032,3,2,17.085097248612843,1,Fully Furnished,Mid,3,1,0,0,0,1,0,14588771.0
Mumbai,2063.8940135558228,3,2,14.058926496989592,2,Unfurnished,Top,2,0,0,1,1,0,1,27416740.0
Hyderabad,1556.985334063886,3,2,19.43815259115421,0,Unfurnished,Top,3,1,0,1,1,1,1,12368981.0
Lucknow,1103.2701350582643,2,2,6.830686802941067,1,Unfurnished,Top,2,0,0,0,1,0,0,6271481.0
Ahmedabad,1037.4576897606823,3,2,65.05437712946784,0,Semi Furnished,Top,2,0,0,2,0,0,1,6897042.0
Delhi,1274.8990541670782,3,2,1.0403903274669346,1,Fully Furnished,Ground,3,0,0,2,0,0,1,19692481.0
Delhi,1536.9317172054402,2,4,1.2458599832095345,0,Semi Furnished,Ground,3,1,0,1,1,0,1,21022144.0
Chennai,2096.793267738131,4,2,37.31129964774945,2,Unfurnished,Mid,1,0,1,1,0,0,1,15976530.0
Bangalore,829.7556793167817,2,2,15.64935688881935,0,Semi Furnished,Ground,4,0,0,0,1,1,1,8494860.0
Chennai,1340.086861055622,3,3,5.92531411600158,1,Semi Furnished,Mid,2,0,0,0,0,1,1,13259724.0
Pune,1572.1550097175395,2,2,21.52929191928606,0,Semi Furnished,Top,3,0,0,1,1,0,1,14111510.0
Mumbai,583.1471161852827,3,3,9.043384208202815,1,Fully Furnished,Mid,2,0,0,1,0,0,1,9959479.0
Hyderabad,1083.2008585167969,3,1,0.3202163907310307,1,Fully Furnished,Ground,3,1,0,0,0,0,1,11932659.0
Bangalore,1160.0557301319068,3,2,15.794706719332673,0,Unfurnished,Ground,3,0,1,0,1,0,0,12346279.0
Lucknow,1102.014813074751,2,1,4.178098587299204,2,Semi Furnished,Top,2,0,0,1,1,1,0,8378578.0
Pune,1595.9447725108237,2,1,1.8381955278197624,1,Unfurnished,Ground,4,1,0,0,1,1,1,13812447.0
Lucknow,1419.7201952491014,4,3,3.8286720797529314,0,Semi Furnished,Top,4,1,0,0,0,0,1,10448549.0
Delhi,1222.3569486994818,3,2,9.698474098889953,1,Unfurnished,Ground,3,1,0,0,1,0,0,13735054.0
Delhi,1713.9813132763175,3,3,0.7671327126115113,1,Fully Furnished,Top,2,1,0,2,0,1,0,31655517.125
Chennai,2361.537358823125,1,2,32.20326966327409,1,Unfurnished,Mid,4,0,0,2,0,1,0,14364714.0
Mumbai,2319.628258370876,4,2,12.311913651714548,1,Fully Furnished,Mid,1,1,0,0,0,1,0,31655517.125
Bangalore,538.6141139688318,2,3,5.200788152275013,0,Semi Furnished,Top,2,1,1,1,0,1,0,8190651.0
Jaipur,1788.5360919175698,4,2,17.423513664947475,2,Semi Furnished,Mid,3,0,0,0,0,1,1,12636319.0
Pune,1410.9883549680808,3,3,24.462719483173764,0,Semi Furnished,Ground,2,0,0,0,0,0,1,10309672.0
Pune,1577.5776714326782,3,2,14.27583996431092,0,Unfurnished,Top,3,1,1,0,0,0,1,15664376.0
Chennai,1300.8584832287256,3,2,3.394001638419259,1,Unfurnished,Mid,3,0,0,0,1,1,1,13186478.0
Delhi,1558.7943149436012,4,3,1.7528690453620634,0,Unfurnished,Mid,3,0,0,2,1,0,0,23143827.0
Chennai,1575.7036980360094,3,2,29.480949947083804,0,Fully Furnished,Ground,1,0,0,1,0,0,1,11581925.0
Hyderabad,1210.5241213255385,3,2,4.012063783163081,1,Semi Furnished,Mid,3,1,0,0,0,1,0,11352945.0
Bangalore,1051.8162260874096,3,3,0.304302356871495,2,Semi Furnished,Mid,2,0,0,1,1,1,0,14534714.0
Mumbai,1275.652158690258,4,2,15.446179919092366,0,Fully Furnished,Top,3,0,0,1,1,1,1,21244791.0
Ahmedabad,1617.129632228383,3,2,2.4887881443937836,1,Fully Furnished,Ground,4,0,0,0,1,1,1,14422933.0
Kolkata,1799.498170842132,2,2,70.60774428189316,0,Semi Furnished,Mid,3,0,0,1,1,1,0,9726687.0
Kolkata,1926.6744886700733,2,1,30.5722866604188,1,Semi Furnished,Top,3,0,0,1,1,0,1,11596051.0
Chennai,1252.9049884665437,2,2,14.064467133839948,1,Fully Furnished,Mid,1,0,0,0,0,0,1,11138421.0
Hyderabad,1641.9222836513684,2,2,26.92437654183339,1,Fully Furnished,Top,1,0,0,2,0,1,0,14151422.0
Bangalore,1981.251295976649,2,2,9.538343096427038,1,Semi Furnished,Ground,2,0,0,0,0,1,0,20897977.0
Jaipur,2082.797447572064,3,2,23.301978669120196,1,Semi Furnished,Ground,2,0,0,0,0,1,0,11627859.0
Kolkata,1470.5835729342389,2,3,15.599500694904517,1,Fully Furnished,Ground,2,1,1,2,0,1,1,14494397.0
Bangalore,1389.5341375301937,3,1,0.43594368935809114,1,Semi Furnished,Mid,3,1,0,0,0,1,1,17340164.0
Mumbai,1595.5621169181961,3,2,44.56783924415398,1,Fully Furnished,Mid,2,0,0,0,1,1,1,21089851.0
Lucknow,925.1462635512971,2,3,29.590544085545545,1,Semi Furnished,Top,4,1,0,0,0,1,0,4928841.0
Hyderabad,1403.195244482246,2,3,45.99470020274025,2,Unfurnished,Ground,3,0,1,0,1,1,0,10014703.0
Delhi,1872.293199236565,2,2,19.716077655384378,2,Unfurnished,Ground,2,1,0,1,0,0,0,17539074.0
Bangalore,1820.9735647218506,2,3,7.966979170789234,1,Semi Furnished,Top,4,1,0,1,0,0,1,23827270.0
Mumbai,1364.8661978180555,4,2,3.478701353726764,2,Fully Furnished,Top,4,1,0,1,1,1,0,31655517.125
Jaipur,1608.8591005435833,3,2,2.9766972681869026,1,Unfurnished,Mid,4,0,0,0,0,1,1,9803243.0
Ahmedabad,1087.6748298546563,2,3,2.348337896109646,0,Fully Furnished,Ground,3,0,0,1,1,1,0,8604490.0
Delhi,1851.7460741125124,3,3,3.7386488704771454,1,Unfurnished,Mid,3,0,0,2,1,1,0,24882409.0
Ahmedabad,1461.0892819317635,2,2,11.998830884273517,0,Unfurnished,Top,2,0,0,0,0,1,0,10156506.0
Jaipur,1362.024274151931,3,1,17.268099433578296,1,Unfurnished,Ground,3,1,1,1,0,0,1,8186628.0
Mumbai,1319.1380819533067,3,1,5.654401576747655,1,Semi Furnished,Top,3,1,0,1,0,1,1,20258598.0
Kolkata,1468.553066550071,3,2,11.93590580378324,0,Semi Furnished,Top,2,0,1,0,0,1,0,13104470.0
Ahmedabad,1276.0611775340208,3,3,6.261228243844626,1,Fully Furnished,Ground,4,1,0,0,0,1,1,11904279.0
Delhi,1829.0715180012817,2,2,17.886097968155298,1,Semi Furnished,Mid,4,0,0,0,1,0,1,20111369.0
Chennai,1302.3582259919096,3,2,66.963160918493,0,Fully Furnished,Top,1,1,0,2,1,0,1,11566814.0
Pune,2296.4820480136905,4,2,17.520253935120902,0,Unfurnished,Top,1,1,0,0,0,0,1,18925128.0
Bangalore,2232.6052517406906,4,3,0.9126695086099008,1,Semi Furnished,Top,2,1,0,1,1,0,0,31655517.125
Kolkata,1054.2282550727477,2,1,9.729347490313389,1,Unfurnished,Mid,4,1,1,0,1,1,1,8671507.0
Ahmedabad,1534.8521347146402,3,3,22.070432121481975,2,Fully Furnished,Mid,2,0,0,0,0,1,0,11960508.0
Lucknow,1174.6716893319026,3,3,11.72120637943698,2,Semi Furnished,Mid,2,0,0,0,1,0,1,8165010.0
Bangalore,1336.6762184056943,4,2,45.25833194651731,1,Semi Furnished,Ground,1,0,0,0,0,0,0,11264923.0
Chennai,2501.2137338223984,2,3,0.8449315704526443,1,Unfurnished,Mid,3,1,0,1,1,1,0,24516571.0
Jaipur,1346.2142914421004,3,3,5.161787408612627,1,Semi Furnished,Top,3,0,0,1,0,1,1,11821976.0
Pune,1680.1130185387144,2,1,3.7407365126700225,0,Fully Furnished,Top,3,1,0,1,1,0,1,20372809.0
Mumbai,1770.6606470041393,3,2,21.890861866702018,1,Semi Furnished,Ground,3,0,0,0,1,0,1,20260479.0
Chennai,999.6853137583796,3,2,11.12854183714264,1,Unfurnished,Mid,4,1,0,0,0,1,0,7471724.0
Chennai,1072.4522627953975,4,2,2.2334910777241435,1,Fully Furnished,Ground,3,1,0,0,1,0,1,12206989.0
Jaipur,896.9888142959405,4,2,5.044542297285735,1,Semi Furnished,Top,4,0,0,0,0,1,1,7281488.0
Hyderabad,1057.0146330511116,3,2,11.092872531958042,1,Unfurnished,Mid,5,1,1,2,0,0,1,8875197.0
Jaipur,400.0,3,3,80.0,1,Unfurnished,Ground,2,1,0,0,1,1,0,2046105.0
Hyderabad,1772.291200396814,2,2,6.795247541979625,0,Unfurnished,Mid,2,0,1,0,1,1,1,16098412.0
Hyderabad,2527.096920628035,3,2,2.5587307804415618,1,Unfurnished,Mid,3,1,0,1,0,1,1,21950200.0
Kolkata,1573.9103695182635,3,2,10.309460634965525,1,Unfurnished,Top,2,0,0,2,1,0,1,12857507.0
Kolkata,791.8655703296963,2,3,5.570007447144146,1,Fully Furnished,Top,3,0,0,0,1,0,1,8444819.0
Delhi,1178.6118085500261,4,1,12.519514575179546,1,Unfurnished,Top,3,0,0,1,1,1,1,15436551.0
Ahmedabad,1270.5615774875016,2,2,9.430357207378878,1,Unfurnished,Ground,1,0,0,0,1,0,1,7405143.0
Ahmedabad,991.2076113933122,3,2,17.54308379823925,1,Semi Furnished,Ground,3,0,1,1,1,0,1,7292002.0
Mumbai,1930.0913191975783,4,1,36.85191066960145,1,Fully Furnished,Ground,2,0,0,1,1,1,0,25216557.0
Ahmedabad,1905.1300221876668,4,2,3.35680044823071,1,Unfurnished,Mid,2,0,1,1,0,1,1,15503765.0
Kolkata,922.2741030911702,4,2,25.820639387854484,0,Semi Furnished,Mid,3,0,0,0,0,0,1,5918960.0
Delhi,1862.5405222237541,2,3,44.717300624964636,0,Fully Furnished,Top,2,0,1,2,1,1,0,23734491.0
Delhi,2263.4063317886325,4,3,7.01672385349074,1,Fully Furnished,Mid,3,1,0,0,1,0,1,31655517.125
Hyderabad,2451.2791026147797,2,2,1.809865525856712,2,Unfurnished,Mid,3,0,0,1,0,1,0,19368721.0
Jaipur,2858.437593116735,4,1,25.882092189357323,0,Fully Furnished,Top,2,0,0,2,0,1,0,19092308.0
Mumbai,1049.0036752784013,3,4,18.114482847672786,1,Semi Furnished,Ground,2,1,1,0,0,1,0,16918272.0
Hyderabad,2858.437593116735,4,2,3.5874211657634487,2,Fully Furnished,Top,3,0,1,1,1,0,0,31655517.125
Jaipur,1322.896805745606,2,3,8.837851755135816,0,Unfurnished,Mid,3,0,0,0,1,1,0,8888356.0
Ahmedabad,1203.7672723097428,3,3,12.940972456248238,0,Unfurnished,Top,3,1,0,0,1,1,0,8797450.0
Hyderabad,1663.5361874389228,4,3,2.792306916408197,2,Semi Furnished,Mid,4,1,1,0,0,1,0,19985257.0
Bangalore,1208.969332953494,4,2,18.82440411011101,0,Fully Furnished,Top,2,0,0,0,1,1,0,16302219.0
Ahmedabad,1699.522070323263,1,2,17.562071991842988,1,Semi Furnished,Mid,1,1,1,2,0,0,1,12564067.0
Jaipur,839.9614061313491,4,1,32.72232829746508,1,Fully Furnished,Mid,3,0,0,1,0,0,1,4920767.0
Mumbai,1380.623698968283,1,2,12.564722289053131,0,Fully Furnished,Top,4,0,0,1,1,0,1,21781146.0
Jaipur,2142.7911171808396,3,2,12.8107652499046,0,Fully Furnished,Mid,3,0,0,2,1,0,1,15077862.0
Hyderabad,1471.469354284422,3,3,14.48959655042412,1,Fully Furnished,Mid,2,1,0,2,1,1,1,16303742.0
Hyderabad,1570.7978933699414,2,1,4.7986015600425596,1,Unfurnished,Mid,3,0,1,1,1,0,1,13975018.0
Chennai,1737.6293023586559,1,3,21.319863143155796,0,Unfurnished,Top,3,0,0,0,0,0,1,11720254.0
Mumbai,2085.33081465883,4,3,16.29281369730727,1,Semi Furnished,Ground,3,0,0,2,0,0,0,25819187.0
Lucknow,672.3876439052835,3,1,27.408837439176352,1,Fully Furnished,Ground,4,1,1,0,1,0,1,4046071.0
Ahmedabad,1792.2620259187174,2,2,21.953204793662216,1,Semi Furnished,Top,2,0,1,0,0,0,0,12847618.0
Delhi,1365.9304303791184,4,2,15.265395976564342,1,Semi Furnished,Top,3,0,0,1,1,0,1,17217738.0
Mumbai,1583.3189476559194,4,2,2.631240539584364,0,Unfurnished,Ground,3,1,1,0,1,0,0,24322994.0
Delhi,2029.9750848811882,3,1,37.726898780867835,1,Semi Furnished,Top,4,1,0,0,1,0,1,21676067.0
Mumbai,902.9066742940779,2,1,6.864301690310187,1,Semi Furnished,Mid,4,0,0,2,0,0,0,12348120.0
Mumbai,993.6777792784553,1,3,49.98846740146121,1,Semi Furnished,Top,3,0,0,1,0,1,1,10931521.0
Jaipur,532.2850201430969,3,2,7.709227473010085,1,Fully Furnished,Ground,3,0,0,1,0,1,1,4485782.0
Mumbai,1225.4205291181117,3,2,2.3662774648903415,1,Fully Furnished,Mid,3,1,0,1,1,1,1,24301913.0
Chennai,2165.216172189408,3,3,32.42145930954129,1,Semi Furnished,Ground,3,1,0,1,0,0,1,16262428.0
Lucknow,1439.7064057632651,4,2,23.775478171748333,1,Semi Furnished,Ground,1,0,0,0,1,1,0,7873778.0
Hyderabad,829.9375521726071,3,2,23.1474549236645,2,Fully Furnished,Mid,2,1,0,2,0,1,1,7609183.0
Pune,1257.1606277124765,2,2,1.4049504353561588,2,Fully Furnished,Ground,4,1,0,1,1,1,1,17077467.0
Delhi,756.0691482546886,4,2,31.714201223812623,1,Semi Furnished,Ground,2,0,0,1,1,0,1,6516408.0
Hyderabad,937.4069491344192,3,2,13.609988538041884,1,Semi Furnished,Ground,2,1,1,2,0,0,1,8712662.0
Pune,1694.4094551318567,3,4,9.533245474603307,1,Fully Furnished,Ground,4,0,1,1,0,0,1,22085915.0
Lucknow,913.0633368469856,4,2,36.65732652757282,0,Fully Furnished,Top,2,0,0,0,0,0,1,5371331.0
Lucknow,2056.317152601651,4,2,16.451071552450117,1,Fully Furnished,Ground,2,0,0,0,1,0,1,13960317.0
Delhi,1464.439854584832,3,1,2.1412778271576394,1,Fully Furnished,Top,4,1,0,0,1,0,0,23671121.0
Delhi,1542.7973519722627,2,3,10.995081346347654,2,Semi Furnished,Ground,2,1,1,1,0,1,1,22250194.0
Lucknow,1360.813516196053,5,2,15.184451595969946,2,Fully Furnished,Ground,3,1,0,1,0,1,1,10749422.0
Pune,1886.4239192718617,3,1,34.322941354878495,1,Fully Furnished,Top,3,0,0,1,0,1,0,16267891.0
Mumbai,1891.5799438885053,3,2,4.9253549517045565,1,Fully Furnished,Mid,4,0,0,0,1,1,1,31655517.125
Ahmedabad,1667.5271759560858,3,2,23.715226836459728,1,Unfurnished,Mid,1,1,0,2,0,1,1,11468954.0
Bangalore,1782.3945529538241,3,2,24.127543033459848,1,Unfurnished,Mid,2,1,1,1,1,1,1,19262212.0
Hyderabad,1393.9551650397873,4,4,2.0553390800164957,2,Fully Furnished,Ground,3,0,0,2,1,1,1,17623589.0
Jaipur,1771.1015034545244,3,3,0.26075103589464876,1,Semi Furnished,Mid,3,0,0,2,1,1,0,15063725.0
Hyderabad,1331.0611122630967,4,1,13.062939478799256,1,Fully Furnished,Ground,2,1,0,1,1,1,1,13684466.0
Jaipur,1501.115811081201,4,2,23.372539923510395,0,Fully Furnished,Ground,3,0,0,0,0,1,1,9532780.0
Pune,1362.6781253168513,4,1,12.12604151465222,1,Fully Furnished,Mid,5,0,0,0,1,1,1,15727792.0
Jaipur,1271.3907303404021,3,3,25.177599005487096,1,Fully Furnished,Top,1,1,0,0,1,0,1,9903929.0
Delhi,1155.444101139105,4,2,14.60495046018584,0,Unfurnished,Top,2,1,1,0,1,1,0,16008365.0
Ahmedabad,1733.8450519294427,3,4,15.889100925220047,1,Fully Furnished,Top,1,0,0,1,0,0,1,14682893.0
Ahmedabad,2155.3029564067315,2,3,0.4283754207724288,0,Fully Furnished,Top,3,0,0,0,0,1,0,22146293.0
Delhi,2085.5509858347796,4,2,1.391571425609843,2,Unfurnished,Mid,1,1,0,0,1,0,1,28550064.0
Chennai,871.7173320272823,3,3,19.366378318510662,1,Fully Furnished,Mid,3,0,1,0,1,1,0,9314625.0
Pune,2144.601525703437,2,3,21.585511508760586,1,Semi Furnished,Mid,4,1,0,0,1,0,1,17879280.0
Chennai,1340.9207491910356,2,2,11.719121531783982,0,Unfurnished,Mid,1,0,0,1,1,0,0,10277202.0
Chennai,1800.3665075727959,2,2,13.380014254348076,1,Fully Furnished,Top,2,0,0,1,0,0,1,20162029.0
Hyderabad,1046.8923339763944,4,2,14.292991958342796,0,Semi Furnished,Ground,2,1,0,1,1,0,1,8921970.0
Lucknow,1570.9899569370027,3,2,1.6638279172469512,1,Fully Furnished,Mid,2,0,1,0,0,1,0,12448003.0
Hyderabad,1656.8615914484535,2,2,16.535175893246024,2,Fully Furnished,Mid,3,0,0,2,0,1,0,15939258.0
Lucknow,757.6976040401736,4,2,9.764826529085612,0,Semi Furnished,Top,1,1,0,0,0,1,0,5639390.0
Bangalore,1804.1335831720946,2,2,13.839272243179096,0,Semi Furnished,Top,4,0,0,0,0,1,0,18433937.0
Jaipur,2172.9675039191575,4,1,12.422200314276985,0,Semi Furnished,Mid,4,0,0,0,0,0,1,14311315.0
Lucknow,1412.676027159186,3,3,21.595442792652502,1,Fully Furnished,Ground,3,1,0,1,1,1,0,9745544.0
Delhi,2180.0840654140065,3,3,5.753387995858391,2,Semi Furnished,Mid,4,1,0,1,0,0,1,31655517.125
Hyderabad,1405.1532532737963,3,3,7.0147259563747495,1,Semi Furnished,Top,2,1,0,1,1,0,0,14641654.0
Pune,1924.7922655233087,3,2,7.4539962660670644,1,Fully Furnished,Top,3,0,0,0,1,0,1,25655617.0
Jaipur,400.0,4,3,21.561042405092635,0,Fully Furnished,Top,2,0,0,2,0,1,1,3332719.0
Bangalore,2709.3888896567314,1,4,8.46109190702215,1,Fully Furnished,Top,1,1,0,2,1,0,1,31655517.125
Lucknow,2247.7291226214784,5,2,2.9233490256731396,0,Fully Furnished,Top,1,0,0,2,0,0,1,19411840.0
Bangalore,1357.6872478731605,3,3,61.15432302360867,1,Unfurnished,Top,3,1,1,1,0,0,1,13986020.0
Pune,513.955486678091,3,2,10.199966138071098,1,Fully Furnished,Mid,5,0,0,2,0,0,1,6011791.0
Chennai,1644.0141841527445,3,3,1.7353398383206546,1,Semi Furnished,Ground,2,0,0,1,1,1,0,17275235.0
Ahmedabad,778.0372264631216,2,3,16.64244257705292,1,Semi Furnished,Ground,4,0,0,2,0,1,1,5447522.0
Pune,1722.426768778744,3,3,20.157856870722487,1,Fully Furnished,Top,4,0,0,1,1,0,1,21384809.0
Kolkata,1705.7828595821409,5,1,10.403894365824192,0,Semi Furnished,Mid,3,0,0,0,0,0,1,12509027.0
Pune,1029.2984154989877,2,2,15.596261665612106,2,Semi Furnished,Mid,3,1,1,0,1,1,0,10931622.0
Bangalore,2060.4835118071887,3,1,2.8433626598529123,2,Unfurnished,Top,3,0,0,1,1,1,1,25763141.0
Delhi,1902.7873514030866,3,2,6.881146264123662,1,Unfurnished,Top,4,1,0,1,1,1,1,26518768.0
Hyderabad,1987.9116686442817,3,2,2.6479900324617773,0,Fully Furnished,Top,2,0,0,0,1,0,1,22657412.0
Delhi,1504.4288518344476,2,2,7.346612931648676,1,Unfurnished,Mid,2,0,0,0,1,0,0,14553498.0
Bangalore,792.2379665431467,3,3,12.410485756043661,2,Semi Furnished,Mid,2,1,0,0,1,0,1,9108222.0
Hyderabad,1988.9361361055687,5,2,8.765451955114477,0,Fully Furnished,Ground,4,0,0,0,0,1,0,19154489.0
Kolkata,1364.8143004321043,2,3,13.492051456867253,2,Fully Furnished,Ground,1,1,1,0,1,1,1,14193258.0
Ahmedabad,805.1099284036654,3,2,10.450075968524116,1,Semi Furnished,Ground,3,1,0,1,0,0,1,5526614.0
Jaipur,2176.019682987163,3,2,5.736802176150693,2,Semi Furnished,Ground,3,0,0,0,1,0,0,14674812.0
Bangalore,2549.7037602512546,3,2,2.322043354171651,2,Semi Furnished,Ground,3,0,0,0,1,1,0,31179228.0
Lucknow,1479.3759355103984,3,2,4.368783797967412,0,Semi Furnished,Top,4,0,0,0,0,1,1,10875681.0
Bangalore,2579.560577301646,3,1,3.360532707942093,1,Unfurnished,Mid,2,1,0,1,0,1,0,29756379.0
Bangalore,1545.6573643056747,1,3,18.435374774946347,0,Semi Furnished,Ground,2,1,0,0,1,0,1,14380112.0
Hyderabad,1309.7720479168245,4,2,25.7192137101787,0,Fully Furnished,Top,3,1,0,1,0,1,1,12044442.0
Mumbai,1184.7707729072613,4,3,19.11531773811442,1,Unfurnished,Mid,5,1,1,0,0,0,1,17301229.0
Pune,2318.541203996371,2,3,15.481170730899658,2,Fully Furnished,Ground,3,1,0,0,1,1,1,24274141.0
Mumbai,1109.9280593061142,3,2,5.519318097069108,2,Semi Furnished,Top,4,0,0,2,1,0,0,19383881.0
Kolkata,1867.6346549874938,4,3,18.619179354427622,0,Semi Furnished,Ground,3,0,0,1,0,0,0,13168067.0
Lucknow,1220.4180824703958,5,3,13.936212412768349,0,Fully Furnished,Ground,2,1,0,2,1,1,0,9692253.0
Ahmedabad,1269.8466187128183,5,4,0.7204273400906067,1,Fully Furnished,Mid,3,1,0,0,0,1,1,14857193.0
Chennai,2015.1248469847833,4,3,35.726391905692374,0,Semi Furnished,Top,2,0,0,0,0,0,1,15150414.0
Kolkata,1309.981576855323,2,3,1.2499715622307526,0,Unfurnished,Mid,3,1,0,0,1,0,0,10908620.0
Chennai,1297.6023102898534,4,2,10.478665613007358,2,Semi Furnished,Ground,3,0,1,2,0,0,0,14406617.0
Chennai,2066.4023485874036,4,2,10.794497450278065,2,Unfurnished,Ground,4,0,0,1,0,1,0,19649466.0
Ahmedabad,2298.6986466108115,3,3,27.210737729401345,2,Semi Furnished,Ground,4,0,1,0,1,1,1,17410217.0
Delhi,1822.3449016421166,3,3,36.639350032856846,1,Unfurnished,Mid,1,1,0,0,1,0,0,17828064.0
Mumbai,1172.6151121880253,3,2,42.12032682474333,1,Semi Furnished,Ground,3,0,0,1,1,0,0,12740347.0
Bangalore,1244.6957503512103,3,2,12.648118208302416,1,Fully Furnished,Top,4,1,0,1,0,0,1,18896453.0
Jaipur,1539.9576318700188,2,3,17.046685841974078,0,Fully Furnished,Ground,3,0,0,0,1,0,1,10301124.0
Chennai,1660.4650309628287,1,2,1.3902821401313696,2,Semi Furnished,Mid,1,1,0,1,1,0,1,15232780.0
Lucknow,1006.067044930114,2,1,10.038999391134995,0,Semi Furnished,Ground,2,0,0,0,1,1,1,5536743.0
Kolkata,1861.5189697899318,3,1,34.22067886831774,1,Unfurnished,Top,2,0,0,1,0,0,0,10333323.0
Delhi,1542.7566648197994,2,3,9.12374219069681,1,Unfurnished,Top,3,0,0,2,0,1,0,18436181.0
Chennai,642.1458406809353,4,2,1.0820123934471952,1,Semi Furnished,Mid,1,1,0,0,0,1,0,7306782.0
Delhi,1035.5367587696348,2,2,3.359179509748474,1,Unfurnished,Ground,3,0,0,1,1,0,1,11118057.0
Delhi,1247.9356631741682,4,3,8.418813656001852,0,Fully Furnished,Mid,2,1,0,0,0,1,1,19571374.0
Chennai,1463.5711555794724,4,3,4.067848385726681,1,Fully Furnished,Top,2,1,0,0,0,0,1,19945855.0
Hyderabad,2444.639397751998,4,2,7.4709260809994635,1,Semi Furnished,Mid,3,0,0,2,1,1,0,24013305.0
Pune,1619.085653069814,3,1,6.073621144249354,1,Fully Furnished,Ground,3,0,0,1,1,1,0,16694100.0
Lucknow,1079.6140550506875,2,2,5.761331960581126,2,Unfurnished,Ground,3,0,1,2,0,1,1,6836602.0
Bangalore,1610.3154021535815,3,3,1.4338693506693792,0,Semi Furnished,Top,1,0,0,2,1,0,0,22726206.0
Bangalore,1323.9561262730595,2,1,32.14718662306903,1,Fully Furnished,Top,2,1,0,2,0,0,0,12697189.0
Lucknow,1662.3791197667708,5,2,17.69926739641841,2,Semi Furnished,Top,3,0,0,2,1,0,1,11913291.0
Hyderabad,1790.2838435178073,3,3,14.64785437196227,1,Fully Furnished,Top,4,0,0,2,1,1,1,20292923.0
Bangalore,2104.615323611969,3,3,13.988947065898131,2,Fully Furnished,Top,3,0,0,1,1,0,1,31052292.0
Delhi,1487.856752164987,4,2,7.575193872080675,1,Fully Furnished,Ground,4,0,0,1,1,0,0,21554886.0
Ahmedabad,2319.4802637999164,4,1,26.000828114091664,1,Fully Furnished,Ground,5,0,0,2,0,0,1,15447912.0
Kolkata,1954.0113312680955,4,2,39.89747313057615,2,Semi Furnished,Ground,4,0,0,2,1,1,0,14638584.0
Mumbai,1146.2802275939061,3,2,0.08449627604807966,2,Fully Furnished,Mid,5,0,0,2,0,1,0,22550760.0
Bangalore,2604.927832874232,3,2,1.2376615110507243,2,Fully Furnished,Mid,4,0,0,1,0,1,0,31655517.125
Lucknow,1663.4972566350489,3,2,16.857826139672234,0,Fully Furnished,Top,4,1,0,2,0,0,1,12261291.0
Ahmedabad,1082.4377480138824,2,2,4.039122405548447,1,Semi Furnished,Ground,3,1,1,1,1,1,1,9458169.0
Chennai,2326.456525615211,4,1,36.40607676277707,0,Fully Furnished,Top,2,1,0,1,1,0,1,20871436.0
Pune,2538.888792599222,3,3,16.512809921452714,0,Fully Furnished,Ground,5,1,0,2,0,1,1,27128745.0
Lucknow,1483.4873681402198,1,2,6.889902567418562,1,Fully Furnished,Ground,1,1,0,2,1,0,1,10708782.0
Delhi,1248.174869812202,4,2,8.049394321508176,2,Semi Furnished,Ground,5,0,0,2,0,1,1,16988095.0
Pune,1413.812521273169,3,4,17.610507486562593,1,Fully Furnished,Ground,3,0,0,2,1,1,0,15092885.0
Kolkata,1857.3658637588499,4,2,2.2791685217702176,2,Fully Furnished,Ground,1,0,0,1,1,1,0,18863049.0
Kolkata,2138.928327515257,4,3,32.23661848746344,2,Semi Furnished,Ground,4,1,0,1,0,0,1,14015617.0
Hyderabad,1785.2436654317867,4,2,0.07174678993508714,0,Unfurnished,Ground,3,1,1,0,1,0,1,17092442.0
Jaipur,1550.861604235885,2,2,57.91064989752955,0,Semi Furnished,Mid,4,0,0,1,1,0,0,7640800.0
Hyderabad,2249.0058851522135,2,2,2.7524523537780885,0,Unfurnished,Mid,1,0,0,2,1,1,1,19330306.0
Ahmedabad,1343.5817634742389,4,2,20.32841114656149,1,Unfurnished,Top,5,0,0,2,0,1,1,9206694.0
Pune,2015.4596691834536,4,2,0.6111535114854771,0,Unfurnished,Ground,3,0,0,0,0,1,0,18237950.0
Jaipur,1355.9686008243607,3,3,8.46943358948366,1,Unfurnished,Top,1,0,0,1,0,1,0,10362195.0
Chennai,1715.5114790054465,3,1,14.926506344389436,0,Unfurnished,Mid,1,0,1,0,1,1,1,14334811.0
Delhi,1443.2187176047742,2,3,1.0922295120900851,0,Semi Furnished,Ground,3,1,0,0,1,0,1,17872482.0
Pune,1472.0739086735946,5,2,8.785757397384115,1,Fully Furnished,Mid,5,1,0,1,1,1,1,19879763.0
Hyderabad,1311.3067412688952,2,3,5.4174838151253955,1,Semi Furnished,Mid,3,0,0,0,1,0,1,11720573.0
Mumbai,2172.4270155903473,2,2,10.344608398220831,2,Semi Furnished,Top,2,0,0,1,0,0,1,31655517.125
Jaipur,1133.5369809457325,3,4,10.535135988596451,2,Fully Furnished,Ground,4,1,0,1,0,1,1,9648642.0
Jaipur,1129.8838737256458,2,2,23.072926019498503,2,Fully Furnished,Top,5,1,0,0,0,0,0,7941657.0
Delhi,2560.4967829225548,4,4,1.9773561171437934,0,Semi Furnished,Ground,4,1,0,1,1,0,0,31655517.125
Bangalore,1988.9237823271658,1,1,1.2951311233833152,1,Semi Furnished,Ground,3,0,0,1,0,0,1,20958268.0
Kolkata,400.0,1,3,7.709714781285884,1,Semi Furnished,Ground,1,0,0,2,1,1,0,3472446.0
Kolkata,1217.3706303947981,3,2,32.77468701209351,0,Semi Furnished,Mid,2,1,0,1,1,0,0,7983958.0
Mumbai,594.005331218973,3,3,28.993230338281005,1,Fully Furnished,Mid,4,1,0,0,0,1,0,8243391.0
Ahmedabad,1024.6546532923724,2,3,12.314466553952322,1,Unfurnished,Top,2,0,0,1,0,1,1,7179938.0
Ahmedabad,400.0,3,3,32.94284225955308,1,Semi Furnished,Top,2,1,0,2,1,0,1,3022315.0
Chennai,1431.5052111530288,3,1,24.547789700189064,0,Unfurnished,Top,3,0,1,2,0,0,0,10567850.0
Pune,929.0290904193442,4,3,4.8846943997687156,2,Unfurnished,Mid,3,0,0,1,1,0,0,9816533.0
Lucknow,1529.9526283982193,1,2,2.796864526805216,1,Semi Furnished,Mid,4,0,0,1,1,0,1,10320218.0
Bangalore,687.4393705587376,5,1,5.374926817298553,0,Semi Furnished,Ground,1,0,0,0,1,1,0,7449073.0
Hyderabad,1541.45592658602,3,2,3.864431051541351,2,Fully Furnished,Ground,3,0,0,0,0,1,1,15544430.0
Lucknow,1292.5418609398364,2,2,14.621466922772607,2,Unfurnished,Top,3,0,0,0,0,0,0,6799610.0
Lucknow,2250.976482594298,1,3,13.188505298220743,2,Semi Furnished,Ground,4,1,0,1,1,1,1,14274518.0
Jaipur,2205.6784308728124,3,2,13.68587701836333,1,Semi Furnished,Ground,3,1,0,2,0,1,0,14320449.0
Mumbai,1892.6728015051415,2,1,3.147923539004309,1,Fully Furnished,Mid,2,0,0,2,1,1,1,31655517.125
Kolkata,1336.6931096693936,3,2,23.54336163503696,1,Semi Furnished,Mid,3,1,1,1,1,1,1,11360456.0
Chennai,2492.6901976301465,2,4,8.527511836731204,1,Unfurnished,Mid,3,0,1,0,1,0,0,24207080.0
Ahmedabad,723.4823610800897,3,2,9.592729073413473,2,Semi Furnished,Top,2,1,0,0,0,0,0,6246570.0
Mumbai,798.2206852181687,3,3,80.0,1,Semi Furnished,Mid,2,0,0,0,0,0,0,9017292.0
Jaipur,1458.1084500554678,2,2,4.974964703651572,0,Fully Furnished,Top,2,1,0,0,0,1,0,11453871.0
Hyderabad,2627.0190544605593,3,3,7.51654572596718,1,Unfurnished,Ground,2,0,0,0,1,0,0,21021381.0
Chennai,1398.8305465649562,4,4,16.92663660217737,1,Unfurnished,Ground,4,0,0,1,0,1,1,11748119.0
Jaipur,1408.377378395359,2,2,31.855669617880093,2,Unfurnished,Ground,3,0,0,0,1,1,1,6866616.0
Kolkata,779.0448219440954,4,2,2.0335335472554443,0,Semi Furnished,Ground,3,0,0,2,1,1,1,6627307.0
Kolkata,1972.9647926351893,3,3,19.922974835686404,1,Semi Furnished,Mid,1,0,0,1,1,0,1,14424209.0
Kolkata,1976.588127164677,5,4,37.56694418417711,1,Semi Furnished,Ground,5,0,0,0,1,0,1,13366816.0
Mumbai,1894.537600699955,2,1,8.246735525529129,0,Unfurnished,Mid,4,0,1,1,0,0,0,26085340.0
Mumbai,1185.3896635763188,5,2,5.068364019065802,1,Unfurnished,Ground,3,0,0,0,1,1,1,17914398.0
Ahmedabad,1146.6466158134972,3,3,16.98581628116308,1,Unfurnished,Ground,1,0,1,1,0,1,0,7545696.0
Ahmedabad,853.4388747975148,3,2,4.236908946489589,1,Unfurnished,Mid,3,0,0,1,0,1,0,6047636.0
Hyderabad,1541.9362508804668,3,2,7.274681908167106,0,Semi Furnished,Top,3,1,0,0,0,0,1,13537020.0
Chennai,959.7963353607491,1,3,34.08278423946378,2,Fully Furnished,Mid,3,0,0,0,0,0,0,6959409.0
Delhi,911.2917473753557,4,2,13.386143284318884,2,Unfurnished,Top,3,0,0,1,0,0,0,11523580.0
Delhi,1288.154641544662,3,2,1.4969282372779458,0,Fully Furnished,Mid,2,0,0,0,0,0,1,18279948.0
Jaipur,1255.4219124078918,2,4,6.000393342984022,1,Unfurnished,Top,2,0,0,1,0,0,0,8937564.0
Kolkata,1231.0107355890225,1,2,14.80332015876664,0,Fully Furnished,Top,1,0,0,1,0,1,0,9956522.0
Chennai,1733.2222984201308,2,3,9.852160413663109,1,Fully Furnished,Mid,5,0,0,2,0,0,0,17484730.0
Lucknow,1539.5239010751395,3,3,16.197122252127386,0,Fully Furnished,Top,4,0,0,0,0,0,0,9418219.0
Mumbai,1355.9219847444413,3,3,21.497105559610947,1,Semi Furnished,Mid,4,1,0,0,0,1,0,17658925.0
Pune,1591.506464155741,3,3,9.826651366252097,2,Fully Furnished,Top,1,0,0,2,0,1,0,20389444.0
Bangalore,1004.2364794476839,3,2,65.08644558153304,0,Semi Furnished,Ground,3,0,0,0,1,1,0,8189217.0
Hyderabad,1552.639311954839,3,2,36.91911910939331,1,Fully Furnished,Ground,3,1,1,1,0,1,1,14126875.0
Kolkata,1575.3012464223168,3,2,0.9266535658053799,0,Semi Furnished,Ground,2,1,0,0,1,0,1,13805924.0
Kolkata,748.4765703212597,1,2,4.647507061118813,1,Unfurnished,Mid,4,1,0,1,0,1,1,5449400.0
Kolkata,1997.846877185181,2,2,5.361775375290098,0,Unfurnished,Top,3,0,0,0,1,0,1,14774526.0
Mumbai,1059.2831473865022,2,2,3.0554522488911626,1,Fully Furnished,Ground,5,1,1,1,1,1,1,20570482.0
Mumbai,1545.1548996032175,4,2,5.609856424926944,1,Semi Furnished,Mid,2,0,0,1,0,0,0,22994238.0
Bangalore,2082.205870267635,3,2,8.29610016161794,0,Unfurnished,Mid,3,1,0,1,0,0,1,23345945.0
Lucknow,1962.8383788569347,5,4,0.7939085701865147,2,Semi Furnished,Top,4,0,0,1,0,1,0,18990320.0
Chennai,1517.1666942844176,3,4,2.042455430846327,2,Semi Furnished,Mid,3,0,0,0,0,1,1,15971913.0
Kolkata,1318.7504985589658,4,2,1.517969181025495,2,Unfurnished,Mid,2,0,0,2,0,0,0,12274468.0
Delhi,1973.7559542877837,3,2,0.7113582608896107,0,Semi Furnished,Top,2,0,0,1,1,0,0,29950014.0
Ahmedabad,1837.34748890431,3,1,9.852142568439923,0,Semi Furnished,Ground,5,1,0,1,1,1,1,13257679.0
Delhi,1190.817489977935,2,2,6.092549719682102,1,Semi Furnished,Top,1,0,0,0,1,1,0,16791813.0
Jaipur,1102.5531764991547,3,3,41.104083670692795,2,Unfurnished,Ground,5,0,0,2,0,0,1,5504227.0
Delhi,463.822409152001,4,3,1.6264873642175286,1,Semi Furnished,Ground,2,0,0,1,1,0,0,6536208.0
Jaipur,1577.0159208417938,2,2,39.06251714645493,1,Unfurnished,Ground,4,0,0,0,0,0,1,6378151.0
Pune,1458.6511274908007,2,2,1.3578276203428081,2,Semi Furnished,Ground,3,0,0,0,1,0,1,16024593.0
Ahmedabad,2068.0956873212713,3,2,14.48289795240546,0,Semi Furnished,Mid,4,0,1,0,1,0,1,14551046.0
Delhi,1679.5275467401834,5,2,4.269906380958915,2,Unfurnished,Ground,3,1,0,1,1,0,0,22755654.0
Pune,2167.1145970863454,3,3,26.30011326583684,2,Unfurnished,Mid,4,0,1,0,0,0,1,18333385.0
Hyderabad,1151.3178860419146,2,2,0.9516840115296386,2,Semi Furnished,Top,2,1,0,0,0,1,1,11093077.0
Chennai,2069.075165483809,3,3,45.707959246453655,0,Semi Furnished,Ground,3,0,1,1,0,0,0,14004478.0
Pune,1235.5418104476723,3,2,0.7261544501665411,1,Fully Furnished,Ground,4,0,0,0,1,1,1,14439007.0
Chennai,1888.798030896136,4,2,4.1385411948231585,1,Semi Furnished,Ground,2,0,0,2,1,1,1,18214467.0
Delhi,770.6208037346532,4,2,9.35948723247228,0,Unfurnished,Ground,3,1,0,0,0,0,0,8606825.0
Lucknow,1617.5676496830943,3,1,21.16236482790412,1,Semi Furnished,Ground,3,0,0,0,1,0,1,8832517.0
Pune,507.65602927704504,2,3,45.273569831813276,1,Fully Furnished,Top,3,0,1,1,0,1,1,6173780.0
Ahmedabad,1366.4312570291227,4,3,8.380357064076424,1,Semi Furnished,Ground,3,1,1,0,0,1,0,12580349.0
Delhi,1720.1769969389568,3,3,21.23956135207363,1,Fully Furnished,Top,2,1,0,1,1,0,1,26816809.0
Kolkata,1239.5157243844521,5,1,19.48318648003276,0,Unfurnished,Top,1,0,0,2,1,1,0,10290083.0
Mumbai,974.7811856220163,3,3,12.700381993338992,2,Unfurnished,Top,1,0,0,0,1,1,0,14530557.0
Pune,1923.0592346479668,4,1,17.6122870540508,2,Semi Furnished,Mid,3,0,1,2,1,0,1,22846222.0
Ahmedabad,1448.2686050765383,4,1,0.5821522175337293,1,Fully Furnished,Mid,2,0,1,0,1,1,1,16087540.0
Hyderabad,1255.2146764846643,3,2,8.739588857712532,0,Unfurnished,Ground,3,1,0,1,1,1,0,10157417.0
Kolkata,1520.9479605771382,5,2,23.116927701120844,1,Semi Furnished,Top,3,1,0,0,1,0,1,13042752.0
Hyderabad,2818.3345709727946,1,3,9.643118736162059,0,Unfurnished,Top,3,0,1,2,1,1,0,25164593.0
Delhi,2076.751424890772,4,3,31.013238156291262,1,Semi Furnished,Ground,3,1,0,1,1,1,1,24180740.0
Mumbai,2081.2868340939203,5,2,26.90382600136812,1,Fully Furnished,Ground,3,0,1,2,1,0,1,31655517.125
Pune,1717.773159496182,3,2,29.865530387218364,2,Semi Furnished,Top,1,0,0,1,0,0,0,13912287.0
Pune,1583.2426362885735,3,2,2.0888738657700747,0,Unfurnished,Mid,4,0,0,1,0,0,0,14040564.0
Lucknow,400.0,3,1,4.198508894018472,0,Semi Furnished,Top,1,0,0,1,1,0,0,2670868.0
Lucknow,1160.5098267684339,4,2,0.45066167090215564,2,Unfurnished,Ground,3,0,0,1,1,0,1,8084045.0
Delhi,1259.7127933987626,4,3,60.943322333034594,2,Fully Furnished,Top,2,1,0,1,0,1,1,18888773.0
Delhi,562.5539679762335,3,2,4.040524753781638,1,Unfurnished,Ground,3,1,0,1,0,1,1,6652722.0
Mumbai,921.2921048922832,4,3,6.861484733230611,0,Unfurnished,Mid,2,0,0,1,0,0,1,13557580.0
Lucknow,509.58176453868293,3,2,4.822232657620045,1,Fully Furnished,Top,1,0,0,1,1,1,1,4451530.0
Ahmedabad,1480.8380821513138,2,2,0.6091056213245631,1,Fully Furnished,Ground,1,0,1,2,1,1,0,16896458.0
Ahmedabad,1909.3829854244082,3,2,4.542098286486407,2,Semi Furnished,Top,2,0,0,2,0,0,1,16276032.0
Mumbai,2053.387259312164,3,3,1.5503656094003644,1,Fully Furnished,Mid,3,0,0,0,0,0,0,31655517.125
Ahmedabad,1707.3922310396206,2,2,7.520138119572636,0,Unfurnished,Top,3,0,0,0,0,1,0,11522942.0
Jaipur,1018.3018294007155,3,1,51.0889818447546,1,Semi Furnished,Ground,2,0,0,2,0,1,1,5425718.0
Chennai,533.9674207400202,3,3,17.972961313275817,0,Fully Furnished,Ground,2,0,1,0,0,0,1,4884781.0
Mumbai,621.565650299249,4,1,18.408661889089153,0,Unfurnished,Top,3,0,0,0,0,0,0,6976459.0
Mumbai,865.5087113727508,1,3,9.054422420531386,1,Fully Furnished,Top,5,1,0,1,0,0,1,14843956.0
Bangalore,1055.5701509821627,3,1,25.0142712172441,0,Unfurnished,Ground,3,1,0,1,1,0,1,8168602.0
Kolkata,1420.1257510042067,3,3,35.83590379311616,2,Fully Furnished,Ground,3,1,0,1,1,1,1,11530386.0
Kolkata,992.9178909365158,4,2,48.875951118859575,1,Semi Furnished,Top,3,0,0,0,1,1,1,7124954.0
Jaipur,1669.4879468341308,3,2,1.5635875481230923,1,Semi Furnished,Mid,2,0,0,0,0,1,0,12826302.0
Lucknow,1383.8632486002637,4,1,31.75951999868751,1,Semi Furnished,Ground,4,1,1,2,1,0,1,8056191.0
Delhi,1505.2728558705128,4,2,3.824988028462168,2,Unfurnished,Mid,1,0,0,0,1,0,1,20076430.0
Delhi,2070.1252763356024,3,3,7.5942120566307665,2,Semi Furnished,Mid,4,0,0,2,0,0,0,27243973.0
Hyderabad,909.884132899815,2,3,6.357732756109831,2,Semi Furnished,Mid,5,0,0,1,0,0,0,8086220.0
Jaipur,1709.3522891461841,4,2,16.864954501006327,1,Semi Furnished,Ground,2,1,0,0,0,0,1,11251696.0
Mumbai,1493.0133857619633,3,2,13.666732456760705,0,Unfurnished,Mid,2,0,0,2,1,1,1,21523758.0
Jaipur,1333.2568595151524,3,1,1.7329284450712608,1,Semi Furnished,Top,3,1,0,0,1,1,1,10966054.0
Jaipur,1942.6281604329802,3,3,22.905613257029703,1,Semi Furnished,Top,4,0,0,0,1,0,0,12303729.0
Jaipur,1939.5070772785036,4,2,8.687782268665863,0,Fully Furnished,Top,4,0,1,2,1,0,1,20737373.0
Kolkata,1026.754602005786,5,1,0.03336472928623474,0,Unfurnished,Ground,3,1,0,2,0,1,1,9045180.0
Jaipur,1408.919708071038,5,3,8.029420133527863,1,Semi Furnished,Mid,2,0,0,1,1,0,1,11058499.0
Chennai,1640.6058412920327,3,2,10.895335213404946,1,Semi Furnished,Top,3,0,0,0,0,0,1,15213005.0
Delhi,1363.4966259887078,3,1,1.070421126134141,1,Semi Furnished,Mid,4,0,0,0,1,0,0,17635353.0
Hyderabad,1792.510666143899,2,1,2.457831322780064,1,Fully Furnished,Ground,4,0,0,0,1,1,1,17254807.0
Chennai,1640.5960089551377,2,3,75.70677765285521,1,Fully Furnished,Top,1,0,0,1,1,0,0,14439328.0
Hyderabad,2416.2806201780063,4,1,30.74188151048815,1,Fully Furnished,Ground,3,0,0,2,0,1,0,18931558.0
Bangalore,734.8604320351062,3,3,2.146410297497469,1,Semi Furnished,Mid,5,1,0,0,0,0,1,10275980.0
Hyderabad,1438.7820051263013,3,2,13.023562576798165,2,Unfurnished,Mid,4,0,0,0,0,1,0,10655293.0
Delhi,1045.7487442439044,3,1,7.152240851615065,0,Unfurnished,Ground,1,1,0,1,1,0,0,10403361.0
Delhi,1802.0537277195222,4,3,11.770400284182333,1,Fully Furnished,Mid,2,1,1,2,0,0,0,31655517.125
Jaipur,691.4140549772277,2,2,9.538328727156058,1,Semi Furnished,Mid,3,1,0,1,0,0,1,5064793.0
Pune,1673.1563551124432,3,2,0.740200354174978,0,Unfurnished,Mid,3,1,0,1,1,0,1,16494893.0
Bangalore,1184.9757843258294,3,2,5.684253325983296,1,Semi Furnished,Mid,3,0,0,1,1,0,1,14867725.0
Mumbai,1132.919066939493,3,1,2.011897808509792,1,Fully Furnished,Ground,1,0,0,2,1,1,1,18292414.0
Ahmedabad,776.7508982296564,5,3,10.069848735401303,1,Fully Furnished,Ground,3,0,1,2,0,0,1,8078945.0
Hyderabad,1267.462026899497,4,2,35.67850783848294,0,Semi Furnished,Mid,4,0,0,2,0,1,1,9139034.0
Pune,2042.250265145463,3,3,80.0,1,Unfurnished,Mid,2,0,0,1,1,0,1,14935319.0
Jaipur,1487.4056582352603,4,2,43.303993653014956,0,Unfurnished,Ground,1,1,0,0,1,1,1,8957875.0
Kolkata,1813.8402089372373,3,3,63.709420668175106,1,Fully Furnished,Top,4,0,0,1,0,0,0,13580828.0
Mumbai,2332.3209109831378,4,3,0.23045603796068828,1,Semi Furnished,Top,3,1,0,1,1,1,1,31655517.125
Lucknow,1631.8777924112878,2,2,19.60930780136617,2,Fully Furnished,Mid,4,0,0,1,0,0,1,10810223.0
Pune,1220.6002139688296,4,2,4.781375872733071,0,Unfurnished,Mid,3,0,0,0,1,0,0,10908079.0
Kolkata,1733.6261075913949,3,2,30.106029400862028,1,Semi Furnished,Top,3,1,0,1,0,0,0,12951836.0
Bangalore,1227.851926842854,2,1,25.20865177059159,1,Semi Furnished,Top,5,0,0,0,1,0,0,11183339.0
Jaipur,1247.7886583514153,2,3,8.266242080964798,1,Fully Furnished,Ground,4,1,0,0,0,0,1,9502967.0
Mumbai,740.0536001905076,3,3,9.615742387196475,1,Semi Furnished,Mid,3,0,0,0,1,1,0,11008574.0
Mumbai,1963.1287455421962,3,2,4.620142608977867,1,Semi Furnished,Ground,4,1,0,1,0,0,0,27367621.0
Mumbai,1306.9987121752804,2,3,5.112109050359142,1,Semi Furnished,Mid,5,0,0,0,1,1,1,19455709.0
Bangalore,1591.049122907931,3,2,59.58808311276226,0,Semi Furnished,Mid,2,1,0,0,1,0,1,13810711.0
Hyderabad,982.0190356966802,3,2,32.95350941767639,2,Fully Furnished,Ground,4,0,0,1,0,0,1,7402772.0
Lucknow,1717.9738148577362,3,1,3.195466055760523,1,Semi Furnished,Mid,1,1,1,2,0,0,0,12988290.0
Bangalore,1119.029380932458,4,2,4.834613695903408,0,Unfurnished,Top,2,1,0,2,1,0,1,15073142.0
Ahmedabad,1429.1456391490879,2,2,1.7252379002382119,1,Fully Furnished,Top,2,1,1,0,1,1,0,14849077.0
Lucknow,1938.9130156195629,3,1,67.47272197123343,1,Semi Furnished,Ground,2,0,0,1,1,0,1,8475538.0
Delhi,1895.3796561162646,4,2,35.66122189173845,0,Fully Furnished,Top,3,1,0,1,1,0,0,25046661.0
Jaipur,1488.9849637415298,3,4,12.047711871661203,2,Unfurnished,Mid,3,1,0,1,1,1,0,10878795.0
Bangalore,615.9344836466408,3,3,17.70839094583493,1,Semi Furnished,Ground,4,0,0,0,1,0,1,6679015.0
Kolkata,2858.437593116735,3,2,20.67173484682234,1,Semi Furnished,Top,2,0,0,1,0,0,1,22668930.0
Lucknow,2372.929485136568,3,2,3.4187845473274736,1,Fully Furnished,Ground,3,0,0,1,1,0,0,16234424.0
Ahmedabad,1861.3374124441493,3,1,40.923718013742054,0,Fully Furnished,Ground,3,0,0,1,1,0,0,10335067.0
Delhi,1123.3981092045146,4,4,11.221741391321057,2,Fully Furnished,Mid,3,1,0,0,0,0,1,20423643.0
Hyderabad,1443.2039191490176,1,3,1.4551246809838765,1,Fully Furnished,Mid,3,1,0,1,1,0,1,16373956.0
Kolkata,1228.2897851117416,4,3,7.589626295829389,1,Fully Furnished,Ground,3,0,0,1,1,0,0,11309734.0
Lucknow,2131.927969548194,2,1,13.80623426959524,1,Semi Furnished,Top,3,0,0,0,0,1,1,13106581.0
Jaipur,1631.251445425917,3,2,6.527036211289457,2,Fully Furnished,Top,4,0,0,0,1,0,0,14462416.0
Kolkata,1107.9180708200836,4,2,18.01986610401664,1,Fully Furnished,Ground,4,0,0,0,1,0,1,9709817.0
Delhi,1264.6224504376091,4,2,32.062414605357034,0,Fully Furnished,Ground,3,0,0,0,0,1,0,13167975.0
Kolkata,2060.5940712849524,4,2,22.16904934871469,1,Unfurnished,Top,2,0,0,1,1,1,0,14673373.0
Chennai,2300.0489234102392,4,3,15.435930432350485,1,Semi Furnished,Mid,5,1,0,0,0,0,1,22549821.0
Pune,2264.165781743123,3,2,10.766439495317247,2,Fully Furnished,Ground,3,0,0,1,1,0,0,22772383.0
Hyderabad,1878.5160325269887,3,1,4.404767497255892,1,Semi Furnished,Mid,4,1,0,1,0,0,1,17520814.0
Delhi,1373.6875655986817,3,3,9.103060640641122,1,Semi Furnished,Mid,1,1,0,0,0,0,0,17622338.0
Kolkata,400.0,3,2,5.199870088218153,0,Fully Furnished,Mid,4,0,0,1,1,0,1,3750070.0
Pune,1648.5800119041107,3,3,40.77682287983185,1,Unfurnished,Ground,3,1,0,1,1,1,1,11741869.0
Pune,1499.0856205779498,3,2,35.677607542452506,1,Unfurnished,Top,3,0,1,0,1,1,0,12454265.0
Kolkata,1569.9910481606769,3,2,2.5409564783202123,0,Semi Furnished,Mid,2,1,0,1,1,1,1,14399700.0
Jaipur,1526.948673516603,4,1,25.941933030634118,1,Fully Furnished,Mid,3,1,1,1,0,1,1,11794479.0
Chennai,836.8689190254215,3,4,18.206039476612606,2,Semi Furnished,Top,1,0,0,0,0,0,1,7932276.0
Bangalore,1778.7042784255927,1,2,55.460765111602555,0,Semi Furnished,Top,1,0,0,1,1,1,1,15139461.0
Chennai,1816.1081570159251,3,2,9.334923581126,1,Fully Furnished,Mid,2,1,0,0,0,0,1,20969762.0
Kolkata,1841.1693910298295,3,1,19.21142396084092,0,Unfurnished,Mid,1,1,0,1,0,1,0,12424965.0
Hyderabad,1973.2885017866934,3,3,10.943555464757313,0,Semi Furnished,Ground,2,0,0,0,0,0,0,15008798.0
Bangalore,1802.0258224608115,4,2,1.078894099577835,0,Semi Furnished,Ground,3,0,0,0,1,0,0,22106983.0
Delhi,1294.9852942305447,3,4,0.7184033020285795,1,Semi Furnished,Top,4,1,1,0,1,0,1,22666830.0
Chennai,1464.5815760419548,4,4,1.95353432268255,2,Semi Furnished,Mid,2,1,0,0,0,1,1,19355057.0
Kolkata,1545.5624336266885,3,3,5.26872535765055,1,Semi Furnished,Top,4,1,0,0,1,1,1,16290419.0
Chennai,1553.8497245533092,3,4,4.498609571382993,0,Fully Furnished,Top,3,1,0,2,1,1,0,22697706.0
Bangalore,1999.108827985865,4,1,19.54732383509067,0,Unfurnished,Ground,5,0,0,2,0,0,1,17235866.0
Ahmedabad,1821.8343765112454,1,2,18.87763526533819,1,Fully Furnished,Top,2,1,0,1,0,1,0,14773808.0
Lucknow,2538.6717197849766,1,2,53.3123859503392,0,Fully Furnished,Ground,1,0,0,1,1,1,1,12031394.0
Chennai,2603.234489942336,2,1,5.5744538332244105,1,Fully Furnished,Ground,4,1,0,0,0,1,1,27364876.0
Delhi,1539.8247913069624,3,4,41.81908923017367,0,Unfurnished,Top,2,0,0,1,1,0,0,15895645.0
Delhi,400.0,2,1,14.234169344194012,0,Fully Furnished,Ground,3,1,0,2,0,0,1,4662929.0
Mumbai,2118.416233063633,5,3,10.257125182853526,1,Unfurnished,Mid,3,0,0,1,0,1,0,28855524.0
Chennai,1229.8118305064727,3,3,16.53213969741033,1,Semi Furnished,Mid,4,1,0,1,0,0,0,10821277.0
Lucknow,1099.2580390844967,3,2,18.198001254730272,0,Semi Furnished,Ground,1,0,0,1,1,0,1,5888380.0
Jaipur,1300.7773625053167,2,1,2.829846214979893,0,Fully Furnished,Mid,3,1,1,0,1,1,0,11767672.0
Pune,1276.6784765926968,3,1,20.897700407126244,1,Semi Furnished,Top,3,0,0,2,1,1,1,12436203.0
Lucknow,1806.1349050526962,3,2,19.37418919744306,1,Semi Furnished,Ground,2,0,0,0,1,1,1,8897909.0
Pune,720.2821104368873,3,2,80.0,2,Semi Furnished,Mid,2,1,0,1,1,0,0,6212095.0
Pune,961.1396271041992,3,2,36.44737858571713,0,Fully Furnished,Ground,4,1,1,0,1,0,0,9279715.0
Ahmedabad,1671.5792770987082,3,2,17.31156887828603,0,Fully Furnished,Top,2,1,0,1,0,0,1,14869371.0
Mumbai,1811.472015206654,3,3,18.690877344958732,1,Unfurnished,Ground,3,0,1,1,1,1,1,23888637.0
Lucknow,1820.770822468006,4,2,43.77757841549972,0,Semi Furnished,Mid,3,0,0,0,1,1,1,8910870.0
Lucknow,1106.4818605333505,2,2,51.249968608034976,1,Fully Furnished,Top,3,1,0,1,1,1,0,7156766.0
Ahmedabad,1010.86717536688,4,3,26.31393798824807,0,Semi Furnished,Top,3,1,0,1,1,0,1,7841306.0
Chennai,1246.6825831060403,3,2,21.876109349373728,2,Fully Furnished,Top,3,0,0,1,0,0,0,12308501.0
Chennai,1619.9363761423626,3,2,1.7710444200832545,1,Unfurnished,Top,2,0,0,1,0,0,1,14503832.0
Chennai,2242.7386846362747,3,3,26.607808262744545,1,Unfurnished,Top,3,1,0,2,1,1,1,19535612.0
Hyderabad,476.2814071146248,3,3,4.379281208733559,2,Fully Furnished,Top,3,1,0,1,1,0,0,6155340.0
Pune,1389.6356215208168,2,3,12.444276361090232,2,Semi Furnished,Top,2,0,0,1,1,1,0,14559208.0
Hyderabad,833.6607794873981,5,1,7.797301052889536,1,Unfurnished,Mid,4,1,0,1,0,0,1,7773780.0
Mumbai,673.8786613232552,3,2,6.360714749795005,2,Fully Furnished,Ground,4,0,0,2,1,0,1,11854301.0
Ahmedabad,1983.4783226724082,5,1,5.571391020175293,1,Unfurnished,Ground,3,0,0,1,1,0,1,14294593.0
Lucknow,1772.3122872496692,3,4,29.00956899878287,0,Fully Furnished,Ground,3,0,0,2,1,1,1,11627439.0
Pune,1724.716757973631,2,2,21.98890513686067,2,Unfurnished,Top,2,0,0,0,0,0,0,13000087.0
Hyderabad,1960.5129198654968,3,2,11.117700174551487,1,Fully Furnished,Ground,4,0,0,1,1,1,1,18232793.0
Hyderabad,1260.140551616932,1,3,16.381127756506068,0,Unfurnished,Ground,1,0,0,0,1,0,1,7692923.0
Kolkata,1283.6812418332358,4,4,62.5308019629957,1,Unfurnished,Ground,2,1,0,0,0,0,0,8000802.0
Hyderabad,2592.865308361287,4,3,7.600888979425462,1,Fully Furnished,Top,4,0,0,2,0,0,0,30295091.0
Jaipur,1376.7144728702128,3,1,12.014347247746151,2,Unfurnished,Top,3,0,0,1,1,0,1,8426511.0
Lucknow,1867.5660565270455,3,2,11.438221362002125,2,Fully Furnished,Ground,3,0,0,1,0,1,0,13534598.0
Jaipur,1503.1907704816574,3,3,41.226609757459805,1,Unfurnished,Mid,4,1,0,1,0,1,1,8800682.0
Lucknow,575.8707349607924,5,2,6.497842935976128,0,Unfurnished,Mid,5,1,1,1,1,0,1,4196069.0
Ahmedabad,477.6854980993659,2,1,64.30592977409513,1,Fully Furnished,Ground,2,0,0,1,0,1,1,2919253.0
Lucknow,1210.5078900300477,4,2,5.451126594854158,1,Unfurnished,Ground,1,0,0,2,0,1,1,8276811.0
Jaipur,2028.0506258349947,3,3,1.7295977924265464,0,Unfurnished,Mid,3,0,0,2,1,0,0,13464685.0
Lucknow,1894.1458283180018,5,2,3.186273083522984,0,Fully Furnished,Ground,2,1,1,1,0,1,1,16336876.0
Ahmedabad,1957.0385821120167,4,3,8.332673550513721,0,Semi Furnished,Ground,3,0,0,0,0,0,1,14539991.0
Ahmedabad,1006.4769105318423,5,2,15.73687621948533,1,Fully Furnished,Top,3,0,0,1,1,1,0,9557731.0
Mumbai,2307.936245061157,3,2,10.910652412229881,0,Semi Furnished,Top,3,0,0,1,1,0,0,31655517.125
Lucknow,1017.5533499068079,2,4,7.080762087023611,0,Unfurnished,Mid,2,0,0,1,0,0,1,5791895.0
Kolkata,1606.4121993349843,3,2,12.384184808882965,1,Semi Furnished,Ground,2,1,0,0,0,0,1,12368797.0
Chennai,1494.8238550461317,3,3,27.377225769331673,0,Semi Furnished,Top,2,0,0,1,1,1,1,12634446.0
Delhi,1413.0630898427069,4,2,27.388839089604854,0,Fully Furnished,Ground,2,1,0,2,1,1,0,18600272.0
Ahmedabad,2169.2960691478033,1,1,19.43188841024866,2,Semi Furnished,Top,3,0,0,0,1,0,0,15271515.0
Bangalore,1147.4447399170197,3,3,45.68911599917867,1,Semi Furnished,Mid,2,0,0,0,1,1,0,10696492.0
Chennai,825.197372144036,2,3,13.381461491892066,1,Unfurnished,Ground,2,0,1,2,0,1,0,7845182.0
Pune,1509.9977431032096,4,3,0.11530661859076523,2,Fully Furnished,Mid,3,0,1,2,1,1,0,26860803.0
Lucknow,1300.0866328567367,2,2,5.157007633093845,0,Fully Furnished,Top,5,1,0,1,1,1,0,10920986.0
Jaipur,2858.437593116735,3,2,5.967425983157165,1,Semi Furnished,Top,1,0,0,0,1,0,1,25426295.0
Delhi,1838.2537382199876,2,3,11.88874845208197,1,Unfurnished,Top,2,0,0,2,1,0,0,23222734.0
Bangalore,1295.3297123906877,3,2,35.290734068946975,1,Fully Furnished,Top,2,0,0,1,1,1,0,13598358.0
Chennai,971.9442154064567,4,3,27.313032707582277,1,Unfurnished,Ground,5,0,0,1,1,1,1,7282859.0
Lucknow,559.8557947156077,2,2,3.962862187379287,0,Semi Furnished,Top,3,0,0,1,0,0,1,3852422.0
Mumbai,987.3904571312835,2,3,10.990494592476585,1,Semi Furnished,Ground,3,0,0,1,0,1,1,13175738.0
Pune,1557.470885879566,2,3,16.144631666185727,1,Fully Furnished,Mid,2,1,0,1,0,0,0,15143747.0
Delhi,2213.6643257973847,3,1,65.74425467435876,1,Semi Furnished,Top,1,1,0,2,1,0,1,26154982.0
Kolkata,2060.8445711939594,3,3,0.47704834517497624,1,Unfurnished,Ground,2,1,0,1,0,1,0,18826111.0
Mumbai,1614.5474158231898,3,2,9.350883862190155,1,Unfurnished,Ground,3,1,0,1,1,0,1,22709601.0
Bangalore,1338.4161671487577,3,2,66.47916556443573,1,Semi Furnished,Ground,3,0,0,1,0,1,1,11570061.0
Delhi,1634.4061782060771,2,2,56.71873546452572,1,Semi Furnished,Top,4,0,0,0,0,1,1,16429189.0
Mumbai,1240.681001257712,4,2,6.02343764337415,0,Unfurnished,Ground,4,1,0,1,0,1,0,16725349.0
Pune,2359.1819978819376,4,2,0.0002510459698121068,2,Semi Furnished,Mid,2,0,0,0,1,0,0,28219984.0
Kolkata,1405.40490936246,5,2,13.254978614789751,2,Semi Furnished,Mid,1,1,0,0,1,1,1,14173986.0
Mumbai,1456.8310708766367,4,2,30.25419731920524,2,Semi Furnished,Mid,4,1,0,0,1,0,1,19078553.0
Hyderabad,400.0,3,1,5.880029705454191,1,Unfurnished,Mid,3,1,0,0,0,0,0,3103148.0
Kolkata,1402.282576738618,3,2,40.83298952544678,1,Semi Furnished,Mid,4,0,0,1,0,0,1,9003934.0
Bangalore,1918.2420689824705,3,2,6.0677881691482884,2,Unfurnished,Ground,4,1,1,0,1,1,0,24111650.0
Pune,966.1387114807274,2,3,14.131873172940207,0,Fully Furnished,Top,2,0,1,1,1,0,0,12344539.0
Lucknow,1124.6398327535935,3,2,19.204498648433535,2,Semi Furnished,Mid,3,0,0,1,1,0,1,6386190.0
Jaipur,1896.3555088668322,2,3,6.356324997657799,0,Semi Furnished,Top,1,1,0,1,1,1,1,16113079.0
Jaipur,761.6713882409733,3,2,6.512747556605402,0,Semi Furnished,Top,3,0,1,1,1,0,1,6172300.0
Jaipur,2028.9005037709592,3,1,9.523027757548777,0,Fully Furnished,Ground,4,0,0,1,0,0,0,14176357.0
Delhi,1233.928054913449,2,2,27.047472486619586,1,Semi Furnished,Top,3,0,0,1,1,0,1,13983216.0
Bangalore,1305.7158897543986,1,3,1.5945939003666598,0,Unfurnished,Mid,1,0,1,1,0,1,1,15632319.0
Pune,938.060797437203,3,2,14.973879404811418,0,Semi Furnished,Top,2,1,1,0,1,0,1,11001229.0
Kolkata,1689.0231302139416,1,3,16.9677107528911,1,Unfurnished,Ground,1,1,0,2,1,0,0,11766014.0
Delhi,2729.93599251469,5,2,12.242363475064048,1,Unfurnished,Top,3,1,0,2,1,1,0,31655517.125
Bangalore,1890.748619730316,2,1,41.19525271979843,2,Unfurnished,Top,3,1,0,1,1,0,1,17693921.0
Lucknow,1067.8573690297321,3,3,13.819199245269719,0,Unfurnished,Top,3,0,0,2,0,1,0,5983227.0
Hyderabad,2067.810292745738,3,2,15.10048516664996,0,Unfurnished,Mid,3,1,0,0,0,1,0,14922601.0
Pune,1341.6602270328754,2,2,13.735364723211648,0,Semi Furnished,Mid,2,0,0,0,0,0,0,10415715.0
Jaipur,2187.2424907137797,3,2,19.20302554927455,1,Semi Furnished,Top,2,0,0,2,1,1,1,15349530.0
Mumbai,1903.3382010821815,3,2,2.1824879548925824,1,Semi Furnished,Top,1,1,0,0,1,0,1,31655517.125
Pune,400.0,4,2,33.703896213865434,1,Unfurnished,Ground,4,0,0,1,1,1,1,2992662.0
Ahmedabad,997.9601835224862,3,1,0.6513231018055473,1,Fully Furnished,Top,2,0,0,0,1,0,1,9878330.0
Bangalore,1972.192611417695,2,4,15.355799122652158,2,Semi Furnished,Ground,2,0,0,1,1,0,1,21839844.0
Chennai,1575.8286360725087,2,3,14.33642850175162,0,Semi Furnished,Ground,1,0,0,0,0,0,0,10810498.0
Lucknow,988.1220261460746,3,2,3.5002025630105873,1,Semi Furnished,Top,2,1,0,0,0,0,0,7384803.0
Hyderabad,1183.2052422530937,2,2,0.6234429972865233,0,Unfurnished,Mid,4,1,0,1,0,0,0,8975873.0
Lucknow,546.8816899553098,3,1,2.2420442451490343,0,Semi Furnished,Ground,2,0,0,0,0,0,0,3042815.0
Pune,1455.813356236802,5,3,4.755057873754291,0,Unfurnished,Mid,3,1,0,1,0,1,1,15117043.0
Chennai,2605.344863007882,3,2,32.06950107875501,1,Semi Furnished,Mid,5,1,0,1,1,0,0,20011230.0
Ahmedabad,1902.4666953661629,3,2,29.041488942523795,1,Semi Furnished,Mid,4,0,0,1,0,0,0,9818357.0
Kolkata,2595.2085005942117,3,2,0.989782701148673,2,Unfurnished,Ground,2,1,0,1,0,0,1,22287204.0
Mumbai,1941.1985448949902,4,2,5.121897981471442,2,Unfurnished,Ground,2,0,0,1,0,1,1,27835693.0
Chennai,2013.7396716763458,2,3,33.016172732763025,1,Semi Furnished,Top,4,1,0,0,1,0,1,16666899.0
Bangalore,2487.039343872512,4,2,4.050756971213964,0,Unfurnished,Ground,5,1,0,1,1,0,1,27302410.0
Jaipur,1688.6316296711132,4,3,80.0,2,Unfurnished,Top,3,0,0,1,1,0,1,10962135.0
Ahmedabad,1406.3863392465598,2,2,4.452662665449451,1,Unfurnished,Ground,2,1,0,0,0,0,0,8944726.0
Mumbai,2016.3287583110061,3,2,20.155033491618582,1,Fully Furnished,Mid,2,0,1,1,1,1,1,30768689.0
Hyderabad,2226.9201185609427,5,1,8.095043942852245,0,Unfurnished,Ground,3,1,1,1,0,1,1,18076659.0
Jaipur,1260.0176786438956,4,2,2.1969839488663303,1,Unfurnished,Mid,2,1,0,0,0,1,1,10098718.0
Pune,1139.2154588299854,2,2,4.418679252156187,2,Fully Furnished,Ground,2,0,0,0,1,0,1,12915574.0
Chennai,1569.42801621544,3,2,16.864402084046837,1,Unfurnished,Mid,3,0,0,0,1,1,0,12752650.0
Mumbai,1915.749433465831,3,2,6.165980450398267,1,Fully Furnished,Top,3,1,0,2,0,0,1,31655517.125
Delhi,1899.0455243307808,3,3,13.89997364330862,1,Semi Furnished,Mid,2,1,0,2,1,0,0,26558763.0
Kolkata,787.9161999062004,3,1,3.4512204877569252,1,Semi Furnished,Mid,2,1,0,2,0,1,1,7573282.0
Kolkata,2455.8030335316607,2,2,8.928904091933973,2,Semi Furnished,Ground,1,1,0,1,0,0,0,19226705.0
Ahmedabad,1179.4175353015748,3,3,10.769154721885807,1,Unfurnished,Top,2,0,0,2,1,0,0,9681099.0
Hyderabad,1367.4675015557102,4,2,7.9854527009059115,2,Fully Furnished,Ground,4,1,0,1,1,1,0,14770324.0
Ahmedabad,1048.6728200060902,4,3,3.3081670655957516,2,Semi Furnished,Mid,4,1,0,0,0,1,0,10487228.0
Delhi,2849.1644179685436,2,3,9.286007746007492,1,Unfurnished,Mid,3,0,0,0,0,1,1,31655517.125
Bangalore,1621.0353351439837,4,2,17.708755152037664,0,Semi Furnished,Mid,3,1,0,0,0,0,1,16514533.0
Hyderabad,1074.5124596592175,2,2,50.24573243394257,0,Semi Furnished,Mid,3,1,0,1,0,0,1,6529129.0
Lucknow,1931.961774981223,3,3,23.375585118656538,2,Semi Furnished,Ground,4,0,0,0,1,0,0,11420006.0
Bangalore,1884.5678896550166,4,3,2.6415824163844843,1,Unfurnished,Ground,2,1,0,1,0,0,0,22925627.0
Hyderabad,1406.1364882100581,3,1,4.776281628140507,1,Fully Furnished,Ground,2,0,0,2,0,1,1,14017032.0
Hyderabad,1920.3033563916915,2,2,1.23156076285184,1,Fully Furnished,Top,1,1,1,2,1,0,0,23742326.0
Delhi,1087.3540195845678,2,2,2.1866542381732006,0,Fully Furnished,Mid,2,1,0,1,0,1,1,16438306.0
Pune,1253.5408625253738,3,3,4.328896607137292,1,Fully Furnished,Top,2,1,0,0,1,1,1,18803044.0
Delhi,494.8916727169685,4,2,3.3382940045392226,1,Unfurnished,Mid,4,0,0,1,1,1,1,6373270.0
Hyderabad,838.0244578902186,5,3,3.6052851037053335,0,Unfurnished,Ground,2,1,0,2,0,1,1,8226574.0
Mumbai,2403.815402835343,4,4,3.9354833825910474,1,Unfurnished,Mid,3,0,0,0,0,1,0,31655517.125
Bangalore,2320.7143138611573,4,3,5.364674695146984,1,Semi Furnished,Mid,4,1,0,0,1,1,1,31655517.125
Delhi,1532.8943243244812,3,3,2.01302114628257,1,Fully Furnished,Top,3,1,1,2,0,0,1,31655517.125
Pune,2331.465723594919,4,2,4.8825241790335365,1,Unfurnished,Ground,2,0,0,1,1,1,0,21706187.0
Chennai,1419.9627566958477,2,1,17.491093834853313,2,Semi Furnished,Mid,1,0,0,2,1,0,1,12003753.0
Ahmedabad,1378.294848716046,4,2,4.045687447334917,1,Semi Furnished,Ground,4,1,0,1,1,1,0,11953214.0
Hyderabad,1528.255324232778,3,2,2.8282051192231292,1,Semi Furnished,Top,3,0,0,0,0,0,1,14960105.0
Lucknow,1437.5392023382174,4,2,1.0514396231922118,1,Fully Furnished,Mid,3,0,0,1,1,0,1,13136594.0
Chennai,1392.4018382199097,2,3,10.396352318700512,2,Unfurnished,Mid,2,1,0,0,1,1,1,12392460.0
Kolkata,2071.6990535747764,3,2,27.6757640199869,1,Semi Furnished,Mid,2,1,0,0,0,0,1,14013394.0
Jaipur,1575.0678269781015,3,3,0.9124474109982914,1,Unfurnished,Mid,3,0,1,1,1,0,1,13235238.0
Pune,1856.2408822169023,5,2,11.723972973274869,1,Semi Furnished,Ground,1,1,0,1,1,0,1,20872459.0
Lucknow,2015.6902626386654,4,2,15.77388029426967,0,Semi Furnished,Top,4,0,0,0,0,0,0,12358503.0
Jaipur,1694.0928978273666,3,2,13.464303854002724,0,Unfurnished,Top,3,1,0,1,0,0,0,10339270.0
Pune,1014.8643370458806,3,4,31.509757477369682,0,Semi Furnished,Mid,4,1,0,1,0,1,0,8788725.0
Mumbai,823.5670555179806,3,3,30.193079042333483,0,Semi Furnished,Top,3,0,0,1,1,0,0,9867957.0
Ahmedabad,1574.3903174036525,2,2,0.8852285195475423,1,Semi Furnished,Top,3,0,0,1,1,0,1,14541012.0
Chennai,1414.3718475875328,2,2,6.716447150291459,0,Fully Furnished,Ground,3,0,0,1,1,0,1,13026269.0
Bangalore,1543.6957144600608,2,3,16.667706441086636,2,Semi Furnished,Ground,4,1,0,1,0,0,1,18086099.0
Pune,1491.9729803757068,3,1,45.68791648010191,2,Fully Furnished,Ground,2,0,0,1,0,1,1,13262563.0
Bangalore,2791.7868300832833,4,2,24.497108954802677,1,Fully Furnished,Ground,3,0,1,0,0,1,1,31655517.125
Ahmedabad,834.886872179331,4,2,2.9145028143671663,1,Unfurnished,Mid,3,0,0,0,1,1,1,6406495.0
Hyderabad,505.0268650894376,2,2,4.911087506832615,1,Fully Furnished,Ground,3,0,0,1,1,1,1,4929062.0
Kolkata,1666.1884167598048,2,2,21.633060542830314,1,Semi Furnished,Mid,3,1,0,2,0,0,1,11928205.0
Chennai,1311.7887227059023,2,1,9.564973231980208,1,Fully Furnished,Top,2,1,0,1,0,0,1,14322377.0
Ahmedabad,1658.0339348649757,2,2,11.887965283568592,1,Unfurnished,Top,1,0,1,0,0,1,0,12413454.0
Ahmedabad,1791.9415111420005,2,1,14.084941642871172,1,Unfurnished,Ground,4,0,0,1,1,0,1,10448173.0
Mumbai,2142.052347589449,3,2,1.6353669245265965,1,Semi Furnished,Mid,4,0,1,1,1,1,0,31655517.125
Jaipur,746.3870898080309,3,2,29.065175361659204,1,Fully Furnished,Mid,3,0,0,0,0,1,1,4546067.0
Kolkata,1221.6410510714186,3,2,29.831342164086006,1,Fully Furnished,Mid,4,0,0,1,0,0,1,8544266.0
Chennai,1714.3806294403819,3,1,9.473429608594254,2,Unfurnished,Top,3,1,0,0,1,0,0,17991326.0
Hyderabad,1885.2317978436133,3,2,14.786429724101966,1,Unfurnished,Ground,4,1,0,1,1,0,1,13440724.0
Hyderabad,2596.724775144193,3,2,16.177915518021095,1,Unfurnished,Top,3,0,0,1,0,0,0,21879814.0
Delhi,1977.8519855569336,4,2,3.1556790294521773,1,Unfurnished,Mid,2,0,1,0,1,0,1,27220192.0
Ahmedabad,1471.6057020568614,3,2,1.7916351535681814,1,Unfurnished,Top,4,0,0,2,0,1,0,11426466.0
Pune,1054.7821235286692,2,2,0.3133443479106848,1,Fully Furnished,Ground,4,1,0,0,0,1,1,12024230.0
Mumbai,1217.8550736404904,2,1,36.60734653648302,2,Fully Furnished,Ground,2,1,0,1,0,0,1,15431399.0
Kolkata,1203.6485885214468,2,1,6.363144412251028,0,Fully Furnished,Ground,4,1,0,0,1,1,0,10706839.0
Hyderabad,1827.6168142568804,3,2,1.3460962799647742,0,Semi Furnished,Mid,1,1,0,1,0,1,0,17704276.0
Chennai,1628.4987227929153,2,3,9.404774070830726,1,Semi Furnished,Top,4,1,0,0,1,1,0,17325777.0
Delhi,838.1752145789105,3,2,1.1795635220450513,0,Semi Furnished,Mid,3,1,0,0,0,0,1,11772062.0
Chennai,1282.0492654547836,2,3,1.3365794707178205,1,Fully Furnished,Ground,2,0,0,1,0,1,1,14340467.0
Mumbai,1938.7737767257104,3,3,10.067420123219476,1,Fully Furnished,Mid,4,1,0,1,0,0,1,31655517.125
Pune,1675.8311774870294,1,3,10.664678068619835,1,Semi Furnished,Ground,2,0,0,1,1,0,0,13691149.0
Delhi,1784.3223080063854,3,2,13.017619576519275,1,Fully Furnished,Top,2,1,0,2,1,0,1,27737081.0
Delhi,1691.4608550286316,2,2,16.020292453968086,1,Unfurnished,Ground,3,1,0,1,0,0,1,16892506.0
Jaipur,2313.2153673044295,1,3,16.55138949576568,0,Semi Furnished,Top,4,1,0,0,0,0,1,13421519.0
Kolkata,1618.021531912185,4,2,8.510851998159513,1,Fully Furnished,Top,2,1,0,1,1,0,1,17574785.0
Delhi,1306.988601064651,3,2,15.472706613715268,1,Unfurnished,Ground,3,0,0,0,0,1,0,13285261.0
Jaipur,1042.1224794332197,2,2,5.4520357802535395,1,Semi Furnished,Top,4,0,0,0,1,0,1,8016786.0
Jaipur,1624.8047291048558,3,3,8.732359255829186,1,Fully Furnished,Top,3,0,0,1,1,0,1,14918902.0
Mumbai,400.0,3,2,7.496481421063356,1,Fully Furnished,Ground,3,0,0,2,1,1,1,6889987.0
Bangalore,1407.855499083644,3,2,5.987251375377735,0,Unfurnished,Ground,4,1,1,0,0,1,1,16482860.0
Chennai,1397.0800700393281,3,3,4.088371784960122,1,Semi Furnished,Ground,3,0,0,1,1,0,1,13506799.0
Pune,817.7645731913595,4,2,1.2256201616094733,1,Fully Furnished,Mid,4,1,0,0,0,0,1,9851044.0
Lucknow,1035.867080672002,2,3,10.575578387326626,1,Unfurnished,Ground,3,1,0,0,0,1,0,5627172.0
Chennai,1904.8287650741206,3,2,11.559762766462716,0,Fully Furnished,Ground,3,0,0,0,0,0,1,16852743.0
Delhi,1615.3558745374812,3,3,6.145599853872127,0,Fully Furnished,Top,3,1,0,1,0,0,1,25791509.0
Pune,1550.8941668536638,4,2,55.848252188267104,2,Semi Furnished,Top,2,1,1,0,0,0,1,16400747.0
Hyderabad,1653.1737669660113,4,3,12.211469270779586,1,Semi Furnished,Top,2,0,0,2,1,0,0,17228759.0
Bangalore,1546.3137939744618,4,3,32.97479770743649,1,Fully Furnished,Mid,3,1,0,0,0,1,1,16645166.0
Hyderabad,2121.431281429157,4,3,12.662527263203911,1,Fully Furnished,Mid,2,1,0,0,0,1,0,22653915.0
Hyderabad,1561.7145908518244,5,3,3.1592572723676544,1,Semi Furnished,Ground,3,0,1,1,0,0,1,16763164.0
Kolkata,770.8934430906248,3,1,55.10840827229926,0,Fully Furnished,Top,3,1,0,0,1,1,0,6070990.0
Chennai,2315.064982437205,4,3,32.4861080458942,1,Fully Furnished,Top,4,1,0,2,1,0,1,26498193.0
Lucknow,1685.1701336644228,5,2,9.55926497309415,0,Fully Furnished,Top,3,0,0,0,0,1,1,12538200.0
Mumbai,1205.373134602466,1,3,4.177027556639429,1,Unfurnished,Mid,2,1,0,2,0,1,0,17039250.0
Lucknow,873.2991408524907,3,3,3.7783472204381443,2,Unfurnished,Ground,4,0,0,1,1,0,0,5301924.0
Hyderabad,1697.9571104790227,3,2,24.600036302011585,1,Semi Furnished,Mid,3,0,0,1,0,1,0,10938214.0
Delhi,1441.4139975128123,4,2,1.0743511803705932,1,Fully Furnished,Top,4,0,0,0,0,1,0,26977719.0
Bangalore,2287.073393016204,4,1,15.244168208308329,0,Fully Furnished,Mid,4,1,0,0,0,1,1,28121757.0
Ahmedabad,1327.046359666586,4,3,15.330391580979336,2,Unfurnished,Ground,3,0,0,0,0,1,0,9024795.0
Lucknow,1081.3096051587665,4,2,3.021731679662122,1,Semi Furnished,Ground,2,0,1,0,0,1,0,7546806.0
Hyderabad,1947.8981091179642,3,2,18.307243659016137,1,Semi Furnished,Top,2,0,0,0,0,0,1,15861920.0
Bangalore,1962.6409463584157,1,4,18.33237185152476,1,Fully Furnished,Mid,4,1,1,2,0,1,1,27632828.0
Pune,1584.3256838050977,1,3,6.4624560838713325,1,Fully Furnished,Top,1,1,0,1,1,0,1,19503811.0
Chennai,1838.1785238374541,3,3,9.906596592649388,1,Unfurnished,Top,4,0,0,0,0,0,1,16629828.0
Jaipur,1481.1564396288811,3,3,26.82519909853102,0,Unfurnished,Ground,3,0,0,0,0,0,0,7713530.0
Kolkata,1616.9325505046236,3,3,11.108402516314232,0,Semi Furnished,Top,4,1,0,1,1,0,0,14067175.0
Bangalore,2082.4954412819616,3,3,14.44119021133143,1,Unfurnished,Top,3,0,0,2,1,1,1,25042822.0
Delhi,1812.6591670107514,4,1,7.9850717681743415,2,Unfurnished,Ground,3,0,0,1,1,0,1,23399906.0
Delhi,1415.3627808336876,3,3,2.4307107133245056,0,Semi Furnished,Mid,3,1,0,1,1,1,0,21063452.0
Bangalore,2176.181272963075,4,3,80.0,1,Semi Furnished,Mid,4,1,0,1,1,0,0,20284024.0
Delhi,400.0,4,3,11.374456977786076,0,Semi Furnished,Mid,3,0,0,2,0,1,1,5415875.0
Chennai,2526.0366557109674,3,3,6.15218605969536,0,Fully Furnished,Ground,3,1,0,1,1,0,1,25206491.0
Delhi,647.0204525546324,3,2,18.765301936479176,1,Fully Furnished,Top,2,0,0,1,1,0,1,9084439.0
Lucknow,1186.453587613852,4,2,14.546233676734479,1,Unfurnished,Mid,4,0,0,2,0,1,0,7138078.0
Jaipur,1479.5412324024655,3,4,3.977233535467341,0,Unfurnished,Ground,3,0,0,0,0,1,1,9331515.0
Delhi,1426.7596646359193,3,2,31.42448116521941,1,Unfurnished,Mid,4,0,1,0,1,1,0,14485498.0
Jaipur,2003.2055200132772,2,2,1.1031309656814121,0,Fully Furnished,Mid,5,1,0,1,0,1,1,16503998.0
Hyderabad,971.0816906948828,2,2,13.959582067792509,1,Fully Furnished,Mid,3,1,0,0,1,1,1,9858276.0
Mumbai,1630.3834087415316,2,2,9.748111440824193,1,Semi Furnished,Top,2,0,0,0,0,0,0,23301725.0
Chennai,1210.893950890123,2,3,5.745248891562089,1,Semi Furnished,Ground,4,0,0,1,0,0,0,10465981.0
Mumbai,1647.5704896687084,2,2,26.263305221398774,1,Fully Furnished,Mid,2,1,0,0,1,0,1,20882090.0
Hyderabad,1467.6138701010618,3,2,16.01879092007965,0,Fully Furnished,Mid,2,0,0,1,1,0,0,12473560.0
Chennai,1546.467826341489,5,2,21.37549646180064,0,Fully Furnished,Ground,1,0,1,0,0,0,1,15123265.0
Bangalore,1225.037583767827,3,2,8.033403838853436,0,Unfurnished,Ground,1,1,0,0,0,0,0,11943543.0
Bangalore,1244.9680249519588,4,3,42.81305611990262,1,Semi Furnished,Ground,4,1,0,0,0,0,1,11980105.0
Jaipur,1643.6362570137135,4,1,6.340468156211475,0,Unfurnished,Ground,2,0,0,1,1,1,1,10646562.0
Hyderabad,1971.8577528780222,3,1,11.358724543135606,1,Semi Furnished,Ground,2,0,0,1,0,0,1,15758795.0
Jaipur,1200.8603329010762,3,1,40.69219805074979,0,Fully Furnished,Top,2,0,0,1,0,0,1,6918477.0
Kolkata,1065.6162277135452,3,3,1.3028083335465461,0,Unfurnished,Ground,3,0,0,1,1,0,1,8339180.0
Delhi,1806.7300828359184,4,3,1.7279718186146837,2,Semi Furnished,Mid,2,0,0,1,1,0,0,28909158.0
Ahmedabad,1483.7480534711553,4,4,77.21685492314359,1,Unfurnished,Top,2,0,0,1,1,0,0,9360568.0
Kolkata,1915.249066992976,3,2,53.310591173901486,0,Fully Furnished,Mid,3,1,0,0,0,0,1,11909652.0
Delhi,1047.1013933144263,1,2,22.15652639042011,1,Semi Furnished,Top,1,0,0,0,1,0,1,11208360.0
Chennai,610.2805372882846,4,3,9.930201842864497,1,Fully Furnished,Ground,3,1,0,2,1,0,1,7108132.0
Jaipur,1233.497959086833,2,2,10.580144171375096,0,Semi Furnished,Top,5,0,0,2,0,0,0,7581097.0
Chennai,1116.823695367492,1,2,4.460186711232978,1,Unfurnished,Mid,4,0,0,1,1,1,0,8856759.0
Chennai,1460.60579995985,4,2,8.503825869779298,2,Semi Furnished,Top,1,0,0,1,1,1,0,16226023.0
Delhi,1181.5773928648052,3,2,8.467335814477908,1,Unfurnished,Top,3,1,1,1,0,0,1,16502273.0
Hyderabad,1870.5084756682245,3,2,0.5513605404184625,1,Fully Furnished,Ground,3,1,0,0,0,0,1,19672559.0
Delhi,1355.9248687887418,4,1,9.053936204633356,1,Fully Furnished,Mid,4,0,0,0,1,0,0,19273987.0
Pune,1575.2372493869505,3,2,9.802967659626752,1,Semi Furnished,Top,1,0,0,0,1,0,0,15857363.0
Bangalore,1578.817279220472,3,2,16.439479765176532,1,Fully Furnished,Mid,2,0,0,0,1,1,0,20190760.0
Bangalore,1597.4775462060936,2,3,10.899098727526459,1,Semi Furnished,Top,4,0,0,0,1,1,0,20718578.0
Kolkata,1487.9354447725134,3,2,29.673099566523334,1,Unfurnished,Mid,4,1,0,2,0,1,1,9771312.0
Bangalore,1755.3003452051566,4,2,6.872592158639325,0,Semi Furnished,Mid,3,1,0,0,0,1,0,21041123.0
Delhi,1102.1724330870961,3,1,7.907312964442202,1,Semi Furnished,Mid,1,0,0,1,1,0,1,14047775.0
Lucknow,2199.7089633269416,2,2,12.711356002595991,1,Semi Furnished,Ground,4,1,0,1,1,0,1,13783647.0
Jaipur,1381.7313083157323,2,2,3.398291425689859,0,Fully Furnished,Ground,2,0,1,0,0,0,1,10940494.0
Delhi,844.2254310506592,3,3,7.500710911532088,1,Unfurnished,Mid,1,1,0,1,0,1,0,10485356.0
Delhi,1594.0366784958865,3,3,17.38343677332344,2,Semi Furnished,Mid,4,1,0,0,1,1,0,20896082.0
Ahmedabad,1074.4097587762576,3,2,7.960546659468674,2,Unfurnished,Ground,3,0,1,1,0,0,1,8065905.0
Jaipur,1832.6672672544375,3,1,35.56561074111476,1,Fully Furnished,Top,2,0,0,0,0,1,1,11735754.0
Pune,2604.802788021189,2,2,14.329392350580656,0,Semi Furnished,Mid,4,0,0,2,0,0,1,23041504.0
Bangalore,1106.7139542210748,3,4,2.5044214465788137,1,Semi Furnished,Mid,3,0,0,2,1,0,1,14974579.0
Jaipur,1666.1861666119923,4,3,10.025189563782892,0,Unfurnished,Ground,3,0,1,0,0,0,0,10603013.0
Bangalore,622.2472056476862,2,1,21.708430495134134,1,Unfurnished,Top,4,1,0,0,0,1,0,6142818.0
Kolkata,1726.9526147206736,3,1,15.464802217517994,1,Unfurnished,Mid,3,0,0,1,0,0,0,11118479.0
Jaipur,1057.1431001001552,3,2,32.476765891797626,2,Semi Furnished,Mid,2,0,1,0,0,0,0,6146908.0
Bangalore,1187.5826907827588,3,2,20.793389243257227,2,Semi Furnished,Mid,5,0,0,1,0,0,1,12512893.0
Pune,949.356755080086,2,3,0.9539048766724153,0,Unfurnished,Mid,2,1,0,1,1,1,0,9332509.0
Mumbai,1866.0756130273678,4,2,1.7904151559527,0,Unfurnished,Ground,5,0,0,2,0,0,1,27492028.0
Chennai,2003.6521787366312,3,2,15.736565679431003,2,Unfurnished,Top,1,1,0,0,1,0,1,18444752.0
Chennai,1511.6926073292539,4,2,4.0851636792958566,2,Fully Furnished,Top,3,1,0,1,0,1,1,20670824.0
Pune,1067.78664733214,2,2,13.294969322260568,1,Semi Furnished,Mid,3,1,0,0,1,0,1,10048697.0
Ahmedabad,2294.761518051931,3,2,23.56895794017487,1,Unfurnished,Top,4,0,1,1,1,1,1,18432911.0
Mumbai,1124.794936122672,4,3,12.903320730904557,1,Fully Furnished,Top,4,0,0,0,0,0,0,16485319.0
Kolkata,418.9838500362805,3,2,8.054684146449155,1,Semi Furnished,Top,2,1,1,1,1,1,0,4705555.0
Pune,1729.1945049785343,3,2,15.58833372369212,0,Fully Furnished,Mid,2,1,0,0,1,1,0,17452752.0
Chennai,947.6126631792416,3,3,2.3256064078321543,1,Unfurnished,Top,2,1,0,2,1,1,1,12375041.0
Chennai,1994.3043967495873,2,1,19.267334117168264,1,Fully Furnished,Top,2,0,0,0,1,0,1,17697656.0
Chennai,1309.4311516632906,3,2,17.911580406687374,0,Fully Furnished,Mid,3,0,0,2,0,1,0,12400331.0
Hyderabad,1801.856620272098,1,2,10.835654531014049,2,Unfurnished,Ground,4,0,0,1,1,1,1,13565662.0
Pune,2200.7501732760793,2,3,4.902862495731238,0,Unfurnished,Ground,3,1,0,2,1,1,0,20824232.0
Delhi,895.570567689639,3,1,23.959956566393686,1,Semi Furnished,Ground,3,0,0,1,1,0,0,9018482.0
Kolkata,1217.0314345537972,2,3,10.717103802044496,1,Fully Furnished,Ground,3,0,0,0,0,1,0,10086035.0
Chennai,1462.1644636714682,5,1,0.9150023219370593,1,Unfurnished,Top,3,0,0,0,0,0,0,13960420.0
Bangalore,2268.775659517172,4,1,37.628013260704755,0,Unfurnished,Mid,3,1,0,0,0,0,1,17788373.0
Pune,1170.8086410297774,3,3,21.896945957118334,1,Unfurnished,Ground,4,0,0,2,1,1,1,9216201.0
Hyderabad,1202.7481520254964,4,2,13.185110179304871,0,Semi Furnished,Mid,3,1,0,1,0,1,1,10287341.0
Pune,1739.0702877779042,4,3,8.61248674260501,1,Fully Furnished,Ground,3,0,0,1,1,1,1,22142964.0
Kolkata,1211.3856371447146,2,2,48.24557121848346,0,Unfurnished,Top,5,0,0,1,1,0,1,6974451.0
Hyderabad,1576.2629414488083,4,2,22.37619483207417,0,Fully Furnished,Mid,4,0,0,1,1,0,1,14034071.0
Kolkata,724.2312895159366,2,3,11.485544466680295,2,Unfurnished,Ground,4,1,0,1,1,0,1,5522151.0
Pune,2607.1649712782983,3,2,15.883111490733272,1,Unfurnished,Top,1,0,0,1,0,0,1,22166396.0
Delhi,826.1453848452983,3,1,4.943202526357537,0,Fully Furnished,Top,3,1,0,1,1,0,1,12832716.0
Kolkata,1339.1236480048958,3,2,3.2670415074299837,2,Fully Furnished,Top,3,1,0,1,1,1,0,17021381.0
Hyderabad,1483.7594820789527,1,2,4.789026606707681,0,Semi Furnished,Ground,3,0,0,1,1,1,1,12389257.0
Hyderabad,2456.344067178398,2,2,5.2037570120713506,0,Semi Furnished,Mid,3,1,1,1,0,1,0,24082762.0
Kolkata,837.5771095336299,3,3,20.191022917837394,0,Fully Furnished,Ground,3,1,0,1,0,0,0,6410440.0
Lucknow,2491.8520677393753,3,3,2.2634080475117138,1,Unfurnished,Top,4,0,0,1,1,1,1,18234173.0
Pune,1878.5884105510113,4,3,22.54830258041958,1,Semi Furnished,Top,4,0,0,1,1,1,1,21433402.0
Lucknow,1708.547662211623,3,4,11.116018213217798,0,Fully Furnished,Ground,3,1,0,2,0,0,0,13743622.0
Ahmedabad,1007.6831564910224,2,2,7.281586691311662,0,Semi Furnished,Mid,4,0,0,2,1,0,1,7924811.0
Pune,1785.570621019037,2,2,5.358614624282883,1,Fully Furnished,Ground,4,0,0,1,0,0,1,19647113.0
Kolkata,1138.2566887901,3,2,10.798547396229829,1,Unfurnished,Mid,2,1,0,1,1,0,0,9643398.0
Mumbai,2133.330626599206,3,3,5.730297056422798,2,Semi Furnished,Mid,1,0,0,1,1,0,0,31655517.125
Kolkata,1014.4689854461335,2,2,8.417369448411112,1,Semi Furnished,Ground,1,0,0,1,0,1,0,7511223.0
Lucknow,1443.420752771958,3,2,20.149401818007217,1,Semi Furnished,Mid,3,1,1,0,1,0,1,9231834.0
Delhi,1222.3634559934142,3,1,14.752432318011396,1,Semi Furnished,Mid,3,0,0,1,0,0,1,14123388.0
Kolkata,1006.2385187865027,2,2,20.67384388928701,1,Fully Furnished,Top,3,0,0,2,0,1,0,8344768.0
Kolkata,1870.659908453957,3,2,18.72272090560425,1,Fully Furnished,Top,4,0,0,1,1,0,1,16805621.0
Delhi,1767.7293737048167,4,2,25.316870797484032,0,Semi Furnished,Top,2,0,0,0,0,1,1,19094002.0
Kolkata,2104.5050994504986,3,3,3.378873529748152,1,Unfurnished,Top,4,1,0,1,0,0,0,19949416.0
Chennai,610.0624458959163,4,1,79.8483734138666,1,Fully Furnished,Mid,1,1,0,0,1,1,1,5354309.0
Mumbai,2032.0853511705218,2,4,9.687384267341505,0,Fully Furnished,Mid,4,1,1,1,0,1,0,31655517.125
Bangalore,2752.724452678447,3,1,19.000118564267858,1,Unfurnished,Top,4,1,1,1,0,0,1,31655517.125
Mumbai,1274.1794554115265,3,3,16.986422144783003,1,Semi Furnished,Ground,3,1,0,1,1,0,1,17405438.0
Kolkata,2447.5743060544846,3,2,12.525849326702673,0,Semi Furnished,Top,2,1,0,1,0,1,0,22192308.0
Chennai,1368.4193639700866,3,3,80.0,0,Fully Furnished,Ground,1,1,1,0,1,1,1,12457035.0
Pune,813.7951312193466,3,2,3.6753907249152418,0,Unfurnished,Ground,4,0,1,0,1,1,0,7345903.0
Kolkata,1347.1837787966022,3,3,8.215686488167176,1,Unfurnished,Top,2,0,0,2,0,0,0,10740866.0
Lucknow,2024.1019838376378,2,3,2.0498536663096716,1,Fully Furnished,Ground,3,0,0,0,0,1,0,13739857.0
Chennai,1080.9117588342342,3,1,3.0103774216283994,1,Semi Furnished,Ground,3,0,0,1,0,0,1,11083384.0
Delhi,1199.8306704967565,3,1,18.722217855643528,0,Semi Furnished,Top,3,1,0,1,0,0,0,13796404.0
Chennai,1796.7697161465953,5,2,0.07281663789297588,1,Unfurnished,Mid,3,1,0,1,0,0,0,18922028.0
Delhi,1501.5300583692865,3,2,33.084686982350284,0,Unfurnished,Ground,3,0,0,2,1,1,1,12796623.0
Ahmedabad,1792.3114762433704,3,1,15.043443547788753,0,Unfurnished,Top,4,0,0,1,1,0,1,12567754.0
Bangalore,1618.914770379168,3,3,8.721539550162499,1,Unfurnished,Mid,3,1,0,1,0,0,0,17892551.0
Jaipur,1739.8126597757864,4,2,6.037667043789358,1,Unfurnished,Mid,2,1,0,1,1,0,1,12176055.0
Chennai,1283.8494070952295,5,3,2.0248276386941124,1,Unfurnished,Mid,4,0,0,0,1,0,1,12612982.0
Hyderabad,1615.8654710151964,4,3,38.18181377786164,0,Unfurnished,Mid,3,0,0,2,0,1,1,11614766.0
Lucknow,1036.313497152033,3,3,18.68871914625992,1,Unfurnished,Mid,3,0,0,0,1,1,1,5325197.0
Kolkata,2144.2168112516943,2,1,6.1509775586986555,1,Unfurnished,Ground,3,1,0,1,1,1,0,16220447.0
Lucknow,1182.8626415913432,3,2,1.103667666023345,1,Fully Furnished,Mid,3,1,1,0,1,1,1,10605703.0
Mumbai,2064.4237437746947,3,2,5.910820536112778,0,Semi Furnished,Ground,4,0,1,2,0,1,1,31155424.0
Jaipur,1383.1965195085672,4,2,3.061778225391557,1,Fully Furnished,Top,3,0,0,2,1,0,1,14075336.0
Mumbai,1600.9995053786606,2,2,23.145858672929002,1,Fully Furnished,Top,4,0,0,0,1,0,0,21416560.0
Ahmedabad,1252.5177245546497,3,3,19.073001498522622,1,Unfurnished,Top,4,1,0,0,1,0,1,9197932.0
Jaipur,992.0022844159855,2,3,10.34212777860169,2,Unfurnished,Mid,2,1,1,2,1,1,1,7639606.0
Jaipur,627.6198061973492,4,1,32.55245952803263,2,Unfurnished,Top,1,1,0,1,0,0,0,3702017.0
Mumbai,972.3379207037702,2,2,2.9892208641080145,1,Fully Furnished,Ground,4,1,0,1,1,1,0,18010309.0
Delhi,1338.0455733920392,3,2,9.021257905532039,2,Unfurnished,Ground,2,1,0,0,1,1,0,16077493.0
Mumbai,1605.939589414442,2,4,18.600234391073563,0,Unfurnished,Mid,1,0,0,1,0,0,1,19815788.0
Lucknow,2005.1896566416317,1,4,1.0531562349472423,0,Semi Furnished,Mid,3,0,0,0,0,1,0,12079967.0
Delhi,1277.1212701015756,3,2,6.994414421587599,1,Unfurnished,Top,2,0,1,1,0,0,0,16838999.0
Lucknow,1059.019617866413,2,2,12.71773826172496,2,Semi Furnished,Mid,2,0,0,1,1,1,1,6945418.0
Ahmedabad,778.6426069986437,3,2,6.8546180947045015,1,Fully Furnished,Mid,2,1,0,1,1,1,1,7804719.0
Kolkata,1740.031808952052,4,2,9.814638184837834,1,Semi Furnished,Top,3,1,0,1,0,0,1,15623601.0
Pune,2191.597257664672,5,2,14.051930946402981,1,Unfurnished,Mid,4,0,1,0,1,0,1,22436759.0
Delhi,2133.1651339781442,2,3,6.892262044861304,0,Unfurnished,Ground,1,0,0,0,0,0,0,21497888.0
Ahmedabad,1854.9663740736187,4,2,1.6809834302456812,1,Semi Furnished,Mid,3,0,0,0,1,0,1,16186078.0
Hyderabad,1819.2716586337995,3,3,2.2526574740492995,0,Semi Furnished,Top,2,1,0,0,1,1,1,21768749.0
Ahmedabad,2348.8118898546704,4,2,11.230024242263864,0,Unfurnished,Ground,3,0,0,0,0,1,1,14690735.0
Mumbai,1666.0407307084051,4,3,2.8808523276193596,0,Semi Furnished,Top,2,0,0,0,0,0,1,27557539.0
Mumbai,1823.0648380120858,2,3,33.08645975699271,1,Semi Furnished,Top,2,1,0,1,0,0,1,22480264.0
Pune,1339.6080690740005,3,2,26.95330052688159,1,Unfurnished,Mid,4,1,0,1,1,0,1,9803714.0
Ahmedabad,818.9783145726212,3,3,6.439423486993363,0,Fully Furnished,Top,5,0,0,1,1,0,0,8411178.0
Bangalore,1158.0755497502118,4,2,26.666709923764273,1,Fully Furnished,Ground,3,0,0,0,0,1,1,12903227.0
Kolkata,1495.4204807326723,3,1,11.427424627766031,1,Unfurnished,Ground,2,0,0,1,0,0,0,9811302.0
Mumbai,1530.3926862506514,3,2,2.5983626706024623,2,Semi Furnished,Ground,3,1,0,0,1,0,1,24700389.0
Pune,2463.1429274276966,3,2,14.287003592255433,2,Fully Furnished,Ground,4,0,0,0,0,0,0,23833491.0
Kolkata,1540.6385837955343,5,1,17.065807407987553,0,Semi Furnished,Mid,2,0,0,2,1,0,1,12935730.0
Ahmedabad,2089.421722012822,4,3,1.3143083579540793,0,Unfurnished,Top,2,1,0,1,1,1,0,18124282.0
Ahmedabad,1282.461379211842,3,2,5.663075267027023,0,Semi Furnished,Mid,3,0,0,0,0,1,1,9774252.0
Jaipur,1344.162057117383,3,1,0.08097800259987922,1,Fully Furnished,Ground,3,0,1,0,0,0,1,11735047.0
Pune,835.4961813882759,4,3,5.706366951576186,1,Semi Furnished,Mid,1,1,0,2,1,0,0,10288655.0
Mumbai,1128.835993561714,4,3,6.129572043308421,0,Fully Furnished,Top,4,1,0,0,0,1,0,22419120.0
Bangalore,1763.4906956818766,2,2,14.922244327953326,2,Semi Furnished,Top,3,1,0,0,0,1,1,20554098.0
Ahmedabad,1503.7800901970666,3,2,3.3292254809248436,1,Fully Furnished,Mid,2,0,1,2,1,0,1,16783850.0
Bangalore,1971.469309948617,3,2,0.4582951895186361,1,Semi Furnished,Top,1,1,0,1,1,0,0,28458488.0
Ahmedabad,1590.626974172525,3,2,5.6889479443918685,1,Fully Furnished,Ground,5,0,0,1,0,1,1,12578211.0
Mumbai,1323.773134181129,2,3,26.19773776441653,1,Fully Furnished,Mid,4,0,0,1,1,0,1,17641389.0
Kolkata,2574.1484318934795,3,2,7.641029703358554,1,Unfurnished,Top,2,0,0,1,0,0,1,20691719.0
Chennai,1453.0482156434764,3,2,8.044556023690646,2,Semi Furnished,Ground,3,1,0,2,1,1,1,15222083.0
Kolkata,2081.500484852652,3,4,9.495677497797475,0,Fully Furnished,Mid,3,1,0,2,0,0,1,22024622.0
Ahmedabad,1299.3953967276611,3,2,20.902131096878524,1,Semi Furnished,Top,3,1,0,0,1,0,1,9440689.0
Lucknow,1854.7997396917833,2,2,9.809615077668884,0,Semi Furnished,Top,2,1,0,1,0,0,1,11748049.0
Chennai,1964.0078295758435,4,3,1.435819381347927,1,Unfurnished,Ground,2,0,0,1,0,0,1,17446794.0
Chennai,1604.2459852877903,4,3,3.4676320573635464,1,Fully Furnished,Top,1,0,0,2,0,1,0,20205488.0
Bangalore,400.0,3,2,3.1219282721750203,0,Fully Furnished,Mid,5,0,0,2,1,0,0,5539485.0
Pune,1509.1262304280565,4,3,10.634981894251364,0,Semi Furnished,Ground,4,0,0,0,1,0,0,14738998.0
Bangalore,2115.2300238799876,2,2,0.45579740551225384,0,Unfurnished,Mid,3,1,0,0,1,0,1,22776447.0
Bangalore,1763.7404165138653,4,3,5.00309688539448,1,Fully Furnished,Ground,3,0,0,0,0,1,0,22724186.0
Lucknow,1722.9194376146233,2,4,14.016627350501402,1,Fully Furnished,Top,2,0,0,1,0,0,1,12942038.0
Kolkata,638.8715330212405,3,2,6.569452807039368,2,Semi Furnished,Ground,3,1,0,2,0,1,1,5406708.0
Kolkata,1139.7724646624706,3,2,18.450243051230853,0,Fully Furnished,Ground,3,0,0,1,0,0,0,8395830.0
Hyderabad,1705.6788155757195,3,2,7.444507806724411,0,Semi Furnished,Mid,3,0,1,1,1,1,1,17069043.0
Ahmedabad,1705.191638393446,3,3,58.133578672875664,1,Fully Furnished,Top,1,0,0,2,0,0,1,12109453.0
Lucknow,2107.333390066451,3,3,50.43958521740549,0,Fully Furnished,Mid,3,1,0,2,1,0,0,12545742.0
Hyderabad,1427.5666224269528,3,1,24.129627026059335,0,Unfurnished,Mid,4,1,0,2,0,1,0,10004912.0
Mumbai,1702.9120433369071,4,3,46.314597987954194,1,Fully Furnished,Top,2,1,0,1,1,0,1,29087160.0
Ahmedabad,1508.187120965647,3,3,3.437013927949251,2,Fully Furnished,Ground,4,0,1,2,1,0,1,17414508.0
Ahmedabad,1006.5286317492216,2,3,20.849907885249966,2,Unfurnished,Mid,4,0,0,1,1,0,1,6568452.0
Jaipur,400.0,3,3,5.821569406070657,0,Fully Furnished,Ground,2,0,0,1,1,1,1,3103880.0
Jaipur,1715.5048460650382,4,1,19.380825077165277,0,Semi Furnished,Top,3,0,0,0,1,0,0,10827715.0
Delhi,1586.9736042064058,3,2,7.023520999173174,1,Semi Furnished,Ground,1,1,1,0,1,1,1,23327001.0
Delhi,1190.9124789499156,3,3,5.125120042197192,1,Unfurnished,Top,3,0,1,1,1,1,1,18434007.0
Bangalore,690.4134717420676,3,3,47.837969725415206,1,Fully Furnished,Top,3,0,0,1,0,1,0,8023762.0
Mumbai,1814.869757204369,3,2,3.5336600039762827,1,Unfurnished,Ground,4,0,0,0,1,1,1,27238615.0
Chennai,1367.039962902224,2,2,21.317548228098183,0,Unfurnished,Top,3,0,0,2,1,0,0,10903453.0
Chennai,1778.4373611840729,3,3,16.843828147137707,0,Fully Furnished,Mid,3,0,0,2,1,1,1,18435872.0
Jaipur,2432.024265205879,2,3,5.424830782491169,2,Fully Furnished,Mid,4,0,0,2,0,0,1,21758273.0
Jaipur,429.2845598401475,2,2,9.196835272402733,1,Fully Furnished,Ground,4,1,0,1,1,0,1,3240203.0
Jaipur,1150.199595648818,2,1,2.3137644515081273,1,Unfurnished,Mid,1,0,0,0,0,0,1,7002486.0
Lucknow,1395.3121933440434,3,3,38.11427220903152,1,Unfurnished,Top,3,0,0,2,1,0,1,7808175.0
Pune,2227.413087073325,3,3,51.68655299198484,1,Unfurnished,Mid,2,0,0,1,1,0,1,16801131.0
Delhi,681.7984903967575,5,3,19.777462847015226,0,Fully Furnished,Mid,2,1,0,0,0,1,1,10398141.0
Lucknow,2467.930512840302,3,3,28.398945869267962,1,Unfurnished,Ground,3,1,0,1,0,0,0,10594389.0
Kolkata,1567.9279507831452,4,2,1.2934604582852505,1,Unfurnished,Top,2,0,1,2,1,0,0,16579836.0
Chennai,1451.999669133071,1,4,7.266860578054133,0,Fully Furnished,Mid,1,0,0,1,0,1,1,13964054.0
Ahmedabad,1400.9701183905468,2,3,6.025333788235997,0,Fully Furnished,Top,3,1,0,0,1,0,1,13727644.0
Delhi,1281.8684839099856,4,2,12.48446866030846,1,Unfurnished,Ground,3,0,0,0,0,0,0,13266169.0
Hyderabad,2024.0583796345772,3,3,3.0382673386624837,1,Semi Furnished,Mid,4,0,0,0,0,0,1,17798758.0
Kolkata,965.7396229587806,2,3,12.430425780893147,1,Unfurnished,Top,3,0,0,1,0,0,1,6965832.0
Delhi,1672.7070908219268,3,3,15.935595475919081,1,Semi Furnished,Mid,4,1,0,0,0,1,1,22142809.0
Lucknow,1307.9091671465121,3,2,2.1295565240460013,1,Unfurnished,Ground,3,0,0,0,0,1,1,7341973.0
Mumbai,1118.933275742951,4,2,2.1186277814521706,1,Semi Furnished,Ground,2,0,0,0,0,0,1,15963443.0
Ahmedabad,2792.987587841948,2,2,0.5409902980765472,1,Fully Furnished,Top,3,1,0,0,1,0,1,30151022.0
Delhi,1709.52536737673,3,2,21.462627400475263,0,Fully Furnished,Mid,3,0,0,1,0,1,0,19621426.0
Pune,1806.632772330572,3,2,6.029759692971695,0,Unfurnished,Mid,2,0,0,1,0,0,0,15808032.0
Jaipur,2068.8883903343312,5,2,3.8315238058442387,1,Fully Furnished,Top,2,1,0,1,1,1,1,22399455.0
Jaipur,789.3250273407264,4,2,22.58254785661025,1,Unfurnished,Ground,3,0,0,1,1,0,0,4803036.0
Ahmedabad,2376.145954561016,2,3,2.319236395969233,2,Unfurnished,Ground,3,1,0,0,1,1,0,18493598.0
Lucknow,400.0,3,2,8.357845959211147,1,Fully Furnished,Mid,3,1,0,0,0,1,0,3135955.0
Jaipur,1115.6167949807398,4,2,20.484832754347508,1,Semi Furnished,Top,5,1,0,1,1,1,1,8864941.0
Delhi,1270.4841634105499,3,2,12.793835842105313,0,Unfurnished,Mid,1,0,0,0,0,0,0,12829609.0
Hyderabad,1790.861682485253,4,1,12.111549730410227,1,Semi Furnished,Ground,3,0,0,2,1,1,0,14548252.0
Chennai,1609.3591330707438,4,3,2.5700728242220383,0,Semi Furnished,Ground,4,0,0,2,1,0,0,17169544.0
Chennai,1416.5926296508035,2,2,2.9938358865960373,1,Fully Furnished,Ground,2,0,0,1,1,0,0,14063135.0
Kolkata,1494.001327686138,2,2,13.104173525155906,0,Unfurnished,Mid,2,0,0,0,1,0,1,9395192.0
Bangalore,1010.988488238716,4,2,0.3577350170741078,0,Fully Furnished,Top,2,0,0,0,0,0,1,16213026.0
Mumbai,751.3838027579134,2,2,30.501885611191998,1,Unfurnished,Mid,1,0,0,2,1,0,1,7757201.0
Ahmedabad,1863.25581116803,2,2,6.472612308137096,0,Semi Furnished,Top,3,0,0,0,1,0,1,15583706.0
Kolkata,1846.8530562680926,3,2,8.083650290387329,1,Unfurnished,Mid,3,1,0,0,0,1,0,15493806.0
Bangalore,2292.2471875785295,4,2,4.484833004888179,1,Semi Furnished,Top,4,1,1,0,1,0,1,31655517.125
Lucknow,1104.991451592396,2,2,31.393507539434108,1,Fully Furnished,Top,1,0,0,0,0,0,1,5732296.0
Pune,1846.4076051504612,3,3,15.42946964065559,0,Fully Furnished,Ground,3,1,0,1,1,0,1,20047094.0
Pune,1358.1466358176342,1,2,8.965058919984594,0,Fully Furnished,Ground,4,0,0,1,0,1,1,12107074.0
Mumbai,2095.237492596741,2,2,13.203316824717907,1,Unfurnished,Mid,4,0,0,2,0,1,1,28889688.0
Jaipur,2010.9813883390707,3,1,7.179481518534592,0,Unfurnished,Top,1,0,0,0,1,0,1,13839292.0
Delhi,1605.6046996122284,2,3,9.398668044836395,2,Fully Furnished,Ground,1,1,0,0,1,0,1,23496486.0
Kolkata,1330.2349216670068,4,2,6.638913478299187,0,Unfurnished,Mid,4,1,0,1,0,0,0,10774071.0
Kolkata,1980.4660893041307,4,1,7.931656734442349,1,Unfurnished,Ground,2,0,0,1,0,0,0,14376006.0
Ahmedabad,1823.452261628283,4,3,5.674532984762507,0,Unfurnished,Top,3,0,1,2,1,1,0,16886742.0
Ahmedabad,1157.7797989569087,2,2,1.2123126652734078,1,Semi Furnished,Ground,1,1,1,1,0,1,1,10337854.0
Pune,836.1006632602846,3,2,0.5709227186000476,2,Unfurnished,Mid,2,0,0,1,0,1,1,8919903.0
Pune,1355.733549659102,2,2,2.869336354847448,1,Fully Furnished,Mid,2,0,0,0,1,0,1,15435130.0
Hyderabad,2257.7069076741045,2,3,4.348021778230443,1,Fully Furnished,Mid,3,0,0,1,0,1,1,23437948.0
Hyderabad,2073.243579366519,3,2,33.17360672735069,0,Unfurnished,Mid,3,0,1,1,1,1,1,13184101.0
Jaipur,943.8362651647096,3,2,14.172230316913025,2,Semi Furnished,Ground,2,0,0,1,1,0,1,6182213.0
Hyderabad,916.1212920500394,2,4,47.657794166344914,1,Semi Furnished,Mid,1,0,0,2,0,1,1,6052581.0
Delhi,2137.341924839743,2,2,6.224707901186115,0,Semi Furnished,Mid,3,1,0,1,0,0,1,27067233.0
Delhi,932.1820476210855,4,2,7.7058975036497435,0,Fully Furnished,Ground,2,1,0,0,0,0,0,12971443.0
Kolkata,1754.647661821004,3,2,19.081271008799106,0,Fully Furnished,Ground,1,1,0,0,0,1,0,14421785.0
Chennai,1191.964392331838,4,1,12.937769225142064,0,Unfurnished,Top,2,0,0,2,1,0,1,10806018.0
Delhi,2308.522462260841,5,2,11.257833880185801,2,Unfurnished,Mid,2,0,0,2,0,0,0,29971598.0
Bangalore,1114.7876004310606,3,3,12.854912221965586,1,Unfurnished,Ground,3,0,0,1,1,0,0,10770968.0
Pune,2071.680765102914,2,2,13.160930122919043,0,Semi Furnished,Mid,4,0,0,1,0,1,0,16993130.0
Ahmedabad,1592.4293270301823,4,2,21.76988220254842,1,Unfurnished,Ground,2,1,0,1,0,0,0,9088997.0
Hyderabad,1626.0974271171433,2,2,16.543011162276837,1,Unfurnished,Ground,2,1,0,2,1,0,1,11805910.0
Kolkata,514.8457093242995,2,2,47.308351608358,0,Unfurnished,Mid,2,1,0,0,0,1,1,2932397.0
Mumbai,400.0,4,2,44.33700932932359,0,Unfurnished,Top,2,1,1,0,1,0,0,4744025.0
Ahmedabad,1389.717029866343,3,2,8.220719117277259,0,Unfurnished,Mid,4,0,0,0,1,0,1,9081091.0
Bangalore,1623.4530317083058,2,2,0.5456441444183571,1,Fully Furnished,Top,2,1,0,2,0,0,1,26292859.0
Hyderabad,937.4010861311384,3,2,0.16704846286094088,1,Fully Furnished,Top,1,0,0,1,0,0,1,11985643.0
Bangalore,955.6532947618289,3,3,1.9720326152863485,2,Semi Furnished,Mid,3,1,1,2,0,1,0,16172916.0
Pune,1780.7363149130665,2,2,1.1677594126608817,1,Semi Furnished,Top,3,0,1,1,0,0,1,21782224.0
Pune,1781.4272402285653,2,2,7.010890784903997,1,Semi Furnished,Mid,3,1,0,2,1,1,1,19457549.0
Jaipur,1431.1294698060365,2,2,0.8148566283247776,2,Fully Furnished,Ground,5,1,0,1,1,0,0,12346571.0
Kolkata,1890.1008605930374,3,2,14.709000634722301,1,Fully Furnished,Top,2,0,1,1,1,0,0,19636815.0
Ahmedabad,912.8988521399267,4,2,3.164042224094642,1,Unfurnished,Mid,2,0,0,0,1,0,0,6622575.0
Lucknow,1322.0325414565145,3,3,10.822129449896838,1,Semi Furnished,Top,2,1,0,1,0,1,1,10343502.0
Lucknow,2323.9388028918365,3,2,1.6318087470547733,1,Unfurnished,Mid,3,1,1,0,1,1,1,17636810.0
Ahmedabad,1534.1610649699087,1,2,26.380302642301626,1,Fully Furnished,Mid,3,1,0,1,1,0,0,10177260.0
Mumbai,1563.1562572934997,2,3,22.709109083449512,1,Unfurnished,Top,3,1,0,0,1,1,1,19779728.0
Kolkata,2652.97329298387,2,1,7.328312781990389,1,Unfurnished,Ground,2,1,1,0,1,0,1,18398407.0
Bangalore,800.3289170756146,2,3,36.218400289993475,1,Unfurnished,Ground,3,1,0,1,1,0,1,6523258.0
Mumbai,1898.2151833210553,2,3,3.081408360846509,2,Unfurnished,Top,4,0,0,0,0,1,1,28963700.0
Chennai,2331.9931399040497,3,3,25.225025529036397,1,Fully Furnished,Mid,3,0,0,0,1,0,0,20143070.0
Ahmedabad,1337.571036750727,2,3,11.840095577168485,0,Fully Furnished,Ground,3,1,1,0,0,0,0,9321678.0
Bangalore,1929.815393427423,4,3,5.997764987973875,1,Fully Furnished,Mid,2,0,0,1,0,0,1,28270462.0
Lucknow,1008.9902513945476,4,2,1.3219953856882771,2,Fully Furnished,Top,4,0,0,0,0,0,1,8557508.0
Delhi,1156.6338022163243,3,2,2.8186574633553674,1,Semi Furnished,Mid,1,0,0,1,1,0,1,15379609.0
Jaipur,1692.483208023817,2,2,29.80157962631082,1,Semi Furnished,Ground,3,1,0,0,0,1,1,8812327.0
Lucknow,1899.2833365552951,4,1,14.00483736169588,2,Unfurnished,Ground,4,0,1,1,1,0,1,11002345.0
Kolkata,2060.468256203123,5,3,4.059337438549407,1,Unfurnished,Top,4,1,0,2,1,1,1,24333879.0
Pune,2284.8142934697466,2,1,10.2733071554664,2,Unfurnished,Top,2,1,0,2,0,0,1,21973405.0
Delhi,1466.276720722409,3,3,1.71159086380237,0,Unfurnished,Top,3,0,0,1,0,0,1,20094281.0
Jaipur,2096.8058775862937,4,3,1.5611283245093068,2,Semi Furnished,Mid,1,0,0,1,0,1,1,19853028.0
Jaipur,1328.8475782754256,3,3,35.75117751016105,0,Fully Furnished,Ground,4,1,0,0,1,0,0,7870097.0
Chennai,1951.045655794134,3,2,9.183362455902632,1,Unfurnished,Top,2,0,0,1,0,1,0,18059781.0
Chennai,1603.744398926091,3,3,6.731081753884209,1,Semi Furnished,Ground,3,0,0,1,0,1,0,15017064.0
Hyderabad,1722.838953540962,3,2,44.66008506765737,1,Semi Furnished,Ground,5,1,0,1,0,1,1,12351954.0
Lucknow,1711.7539370110187,3,3,7.637422103664498,1,Unfurnished,Ground,4,0,0,1,0,1,1,10463386.0
Lucknow,697.6474951010939,4,2,6.147567700350502,1,Unfurnished,Ground,2,0,0,2,1,1,1,4251882.0
Lucknow,937.9390705696134,3,3,4.782146697575867,0,Semi Furnished,Top,2,1,0,0,0,0,1,6098219.0
Hyderabad,1551.2707199087613,2,2,12.488305107494114,1,Semi Furnished,Top,2,0,0,2,0,1,0,13683416.0
Mumbai,656.3604601794158,3,2,12.260621556577744,1,Unfurnished,Mid,3,1,0,1,1,1,1,9831543.0
Jaipur,1915.6055515998778,3,2,0.2449010209936885,1,Fully Furnished,Top,3,0,0,2,0,1,1,17980005.0
Delhi,1935.777983144071,2,3,15.922449707902139,0,Fully Furnished,Ground,2,0,1,2,0,1,1,27062668.0
Kolkata,1663.585276438895,3,3,23.289279805885073,0,Unfurnished,Mid,2,1,0,2,0,0,1,10334565.0
Jaipur,939.4329936210389,4,2,14.355305898545803,1,Unfurnished,Mid,2,0,0,0,0,0,1,5234873.0
Chennai,2190.0694694342574,3,1,30.590410856768063,1,Fully Furnished,Top,3,0,0,1,0,0,0,16861248.0
Bangalore,2518.605319859179,2,2,4.853087044884382,2,Semi Furnished,Top,4,1,0,1,1,0,1,31655517.125
Pune,1573.538413722987,2,2,3.197515937446562,0,Unfurnished,Ground,1,1,0,1,1,1,0,12581102.0
Hyderabad,1755.2676892256181,3,2,17.924110444445937,2,Unfurnished,Top,3,0,0,0,1,1,1,13865762.0
Ahmedabad,1600.869327398022,3,2,3.1341558823100075,2,Fully Furnished,Mid,4,0,0,2,0,1,1,14608842.0
Bangalore,1765.1845944993997,3,3,1.4328835546797634,0,Unfurnished,Ground,3,0,1,2,1,1,0,20841112.0
Kolkata,1440.220621686802,3,2,1.5240980356496499,1,Semi Furnished,Ground,2,1,0,0,0,0,1,12801310.0
Lucknow,1482.7178800780982,2,3,21.94073158196447,1,Semi Furnished,Mid,3,0,0,2,1,0,0,8462399.0
Chennai,1952.8588002486827,2,2,0.4373745475522911,1,Unfurnished,Mid,4,0,0,2,1,1,1,19045236.0
Chennai,2672.8120809482202,3,2,5.125880956719076,1,Semi Furnished,Mid,2,0,1,0,0,0,1,27406606.0
Chennai,799.9643827991306,2,2,2.0749101501045635,1,Semi Furnished,Mid,5,0,1,2,0,1,1,8760811.0
Lucknow,1448.0937577985167,4,2,21.09195581873713,0,Semi Furnished,Top,2,0,0,0,0,0,0,8194035.0
Ahmedabad,909.7697573839589,2,2,10.502368038832193,0,Unfurnished,Mid,2,0,0,0,0,1,0,5440875.0
Hyderabad,2296.012449288042,3,2,3.450491183007714,0,Unfurnished,Top,4,0,0,2,0,0,1,20428139.0
Bangalore,1206.131015340051,3,2,20.819089618626045,1,Unfurnished,Mid,4,1,0,1,0,1,0,11852963.0
Lucknow,778.399603107103,3,2,20.816422100333803,0,Semi Furnished,Mid,1,0,0,0,0,1,1,4035873.0
Kolkata,1819.0934994242866,4,2,11.104294010283917,2,Fully Furnished,Mid,2,1,0,2,1,1,1,21004142.0
Hyderabad,2372.1555573715555,3,2,4.841346475104012,1,Fully Furnished,Top,4,0,0,0,0,1,1,27812199.0
Kolkata,1831.7989342803814,3,2,13.238382767132146,1,Fully Furnished,Mid,2,1,0,0,1,0,1,17027874.0
Hyderabad,1602.3989386409587,3,2,40.665091150713565,2,Semi Furnished,Top,1,0,0,1,1,1,1,13667912.0
Ahmedabad,1704.570461387997,3,1,0.7952593936518749,0,Fully Furnished,Ground,2,1,1,1,0,0,0,14378551.0
Pune,2207.420331412777,4,1,4.658117360474161,0,Unfurnished,Ground,3,0,0,2,0,0,1,20303084.0
Kolkata,1062.900364992925,3,2,5.031444807739607,2,Semi Furnished,Mid,4,0,0,1,1,0,0,9650362.0
Lucknow,1444.0764479568436,3,3,14.987410319896583,1,Fully Furnished,Mid,2,1,0,1,0,1,0,10329451.0
Hyderabad,1273.6549257452334,4,3,15.797317775492978,0,Semi Furnished,Mid,2,0,0,0,0,1,0,10249144.0
Chennai,916.0673463541449,4,1,3.466036792498812,0,Semi Furnished,Mid,3,1,0,0,1,1,0,9537736.0
Jaipur,1335.8123702915989,3,1,3.6521187031444478,2,Unfurnished,Ground,3,0,1,0,1,0,0,8856114.0
Chennai,2053.8605479912244,3,1,39.51071224721067,1,Semi Furnished,Top,3,0,1,0,0,1,1,17933016.0
Mumbai,1783.3010741963626,2,2,21.17718700130152,0,Unfurnished,Mid,2,0,0,1,1,1,0,18392232.0
Pune,1822.1552500541002,3,2,40.83292875379714,2,Unfurnished,Ground,1,0,0,0,1,1,0,11723271.0
Pune,1573.237805826659,3,2,26.549645726490336,1,Fully Furnished,Top,2,0,0,0,0,0,1,15732527.0
Chennai,1761.6618913642942,4,3,7.715427538603244,2,Fully Furnished,Mid,2,0,0,0,0,1,0,21496008.0
Bangalore,1099.7048288259473,3,3,1.9500524049718342,0,Semi Furnished,Ground,1,1,0,1,0,1,1,16232942.0
Ahmedabad,1345.2450570363853,3,4,14.895566772008785,1,Fully Furnished,Mid,5,0,0,1,1,1,1,11383764.0
Kolkata,1596.0021184843383,1,1,6.507761848690807,0,Semi Furnished,Mid,2,1,0,1,0,1,1,11662812.0
Lucknow,1638.7579294409452,3,1,8.311530005617788,1,Unfurnished,Ground,4,0,0,1,1,1,0,8722434.0
Pune,1660.0939274609366,4,2,8.323745910846297,0,Semi Furnished,Mid,3,1,1,2,0,1,0,19667516.0
Chennai,1430.8323589918111,2,1,41.355366351309826,1,Unfurnished,Mid,5,0,1,1,0,1,0,9304439.0
Chennai,1311.2882994348352,1,3,1.0702235275727647,0,Unfurnished,Ground,2,0,0,2,1,0,1,11971588.0
Ahmedabad,2858.437593116735,3,2,3.218402936537259,0,Semi Furnished,Mid,2,0,0,0,1,0,1,23003332.0
Ahmedabad,1953.3936364661993,3,2,14.04521568905294,2,Unfurnished,Top,1,1,0,1,0,0,0,14927367.0
Delhi,1706.5737379763111,3,2,32.28122431342691,0,Fully Furnished,Mid,3,0,1,1,1,0,1,21508182.0
Delhi,1383.395750896803,3,2,37.50505363083289,1,Semi Furnished,Ground,2,0,0,2,1,1,0,13678374.0
Bangalore,1274.3905865280617,3,2,12.270215011354772,1,Fully Furnished,Mid,4,1,0,0,0,1,0,17223153.0
Bangalore,1434.599703136522,2,2,0.5275887821614719,1,Unfurnished,Mid,3,0,0,0,0,0,0,14878416.0
Mumbai,1646.4144217933417,4,2,6.7619832235293895,1,Unfurnished,Mid,3,0,1,0,0,0,0,24979134.0
Bangalore,559.7822279684593,2,4,37.66875177022419,1,Semi Furnished,Top,3,1,0,0,0,1,0,5608192.0
Hyderabad,715.3052023126581,3,2,10.395530381376311,2,Unfurnished,Mid,2,0,1,1,1,0,0,5970190.0
Ahmedabad,1181.558805530521,3,2,19.453018896060055,1,Fully Furnished,Ground,1,0,0,2,0,1,1,8919580.0
Lucknow,1603.5697183892842,4,1,4.704096769537029,2,Semi Furnished,Ground,3,0,0,0,1,0,0,11503007.0
Hyderabad,1380.3634264240743,4,3,0.3798743560846774,1,Semi Furnished,Ground,1,1,1,1,0,1,0,15809627.0
Kolkata,2239.060613049742,3,1,12.954057769067111,1,Fully Furnished,Ground,4,0,0,1,0,0,1,17962094.0
Chennai,758.8016065021155,3,3,27.025420306201994,1,Unfurnished,Mid,4,0,0,1,0,0,1,5783653.0
Bangalore,1124.3272651983148,2,2,69.4861119709195,0,Unfurnished,Top,3,1,0,0,0,1,0,8456962.0
Chennai,2260.045870495551,2,2,28.123246786293485,1,Semi Furnished,Ground,3,0,0,1,0,1,0,15004002.0
Pune,1565.5596623375734,4,2,12.111355297595557,1,Fully Furnished,Mid,3,0,0,2,0,1,1,17258459.0
Mumbai,1942.4212914005793,4,4,14.075268866209194,1,Semi Furnished,Top,3,0,1,1,0,1,0,31655517.125
Pune,2525.6234716347317,5,2,26.073056449354205,1,Semi Furnished,Top,3,0,0,0,1,0,0,23506478.0
Mumbai,1153.0977910490888,2,2,0.3001433920400036,0,Unfurnished,Ground,2,0,0,1,1,0,1,15913930.0
Delhi,1450.342831103984,3,1,45.437582554722944,1,Semi Furnished,Mid,3,1,0,0,0,0,0,13206252.0
Chennai,1363.7865495345643,3,2,11.364365420826484,2,Fully Furnished,Mid,4,0,0,1,0,0,0,14397420.0
Mumbai,522.7034977583622,3,1,45.56464931571432,1,Fully Furnished,Mid,3,1,0,2,0,1,1,6910173.0
Jaipur,1344.8015981220155,3,3,21.691822634576475,0,Fully Furnished,Mid,1,0,0,0,1,1,1,9773353.0
Hyderabad,1940.5310936903327,4,3,2.4787400157917414,1,Fully Furnished,Ground,2,0,0,1,1,1,1,23533918.0
Mumbai,1770.2947709061204,3,3,2.7095213671074214,2,Unfurnished,Top,3,1,0,1,1,0,0,31655517.125
Mumbai,1809.541584694005,2,1,6.546118508432029,2,Unfurnished,Top,4,0,0,1,0,1,1,26384636.0
Hyderabad,1312.2455096802503,2,2,4.5976332876290416,2,Unfurnished,Ground,4,0,0,1,0,0,0,10214476.0
Chennai,1171.9513819971794,1,1,8.678505946211917,0,Unfurnished,Top,4,1,0,0,0,1,1,9342777.0
Chennai,2134.6278359493103,3,2,13.891475203081121,1,Fully Furnished,Top,5,0,1,2,1,1,0,30093124.0
Hyderabad,1251.3414268211652,2,3,8.605935555965655,2,Fully Furnished,Ground,2,1,0,2,1,0,0,13482337.0
Pune,1647.041019396607,3,2,0.8711212014624675,1,Semi Furnished,Ground,1,1,0,0,1,0,1,17555239.0
Jaipur,1581.6673403387692,3,3,55.71703034606425,0,Semi Furnished,Top,2,0,1,0,1,0,1,10721013.0
Lucknow,2230.858508128559,4,3,8.303965020796626,0,Unfurnished,Ground,3,1,0,2,0,0,0,14254393.0
Kolkata,1985.7061788361798,4,2,28.56468726730243,2,Semi Furnished,Mid,2,0,0,0,1,1,1,13528975.0
Jaipur,852.3706896664396,2,2,1.152475277175294,1,Unfurnished,Mid,1,1,1,1,1,1,0,7029372.0
Chennai,906.2234166124799,2,1,24.916091059944282,2,Unfurnished,Top,3,1,0,0,0,1,0,6286490.0
Lucknow,1789.4549090345672,2,2,2.8565998126103147,0,Unfurnished,Ground,2,0,1,0,0,0,0,10372015.0
Delhi,1467.8311763104168,5,2,17.0636468532357,1,Semi Furnished,Mid,3,0,0,0,1,1,0,17811618.0
Bangalore,1272.414108023118,3,3,16.2620646360521,0,Semi Furnished,Ground,1,1,0,0,0,1,0,13193397.0
Mumbai,2007.8139419972354,2,2,36.087005048725544,0,Unfurnished,Top,5,1,0,2,1,0,1,23469822.0
Hyderabad,1593.7296910444554,4,3,5.799871416504528,1,Fully Furnished,Top,4,1,0,1,1,0,0,20407788.0
Hyderabad,1526.228693444722,3,3,1.7304853454694666,1,Semi Furnished,Ground,4,1,0,1,0,1,1,14531183.0
Mumbai,1889.9143203775247,4,3,29.989042282830365,1,Fully Furnished,Ground,4,0,1,0,1,0,1,24410944.0
Bangalore,1312.4455025282177,2,3,6.042522970405048,2,Unfurnished,Ground,3,0,1,0,0,1,0,14789145.0
Kolkata,2284.259492736277,3,2,3.96991237986591,0,Unfurnished,Mid,1,1,0,1,1,1,1,19765112.0
Bangalore,1105.976188383496,3,3,9.989069337148957,0,Semi Furnished,Top,3,0,0,2,1,1,1,15674080.0
Lucknow,1828.464533171044,4,2,2.369744781287502,1,Semi Furnished,Top,3,1,0,2,0,0,1,16197250.0
Bangalore,2216.916419329922,4,2,5.285193887809479,2,Semi Furnished,Mid,2,1,0,2,1,0,1,31655517.125
Lucknow,811.35225536395,3,1,7.2988414630728755,1,Unfurnished,Mid,3,1,0,0,0,0,0,4672290.0
Bangalore,1328.3324120737755,2,2,4.870488333141767,1,Fully Furnished,Mid,3,0,1,0,0,1,1,18415375.0
Kolkata,2071.103696442779,3,3,8.974633974455344,1,Fully Furnished,Top,3,1,0,0,0,0,0,20325382.0
Kolkata,2078.6222738655124,5,2,7.28347739831318,0,Semi Furnished,Ground,2,0,0,0,1,0,0,15663492.0
Chennai,1414.2521998058803,3,2,22.347583307654585,0,Semi Furnished,Ground,3,0,1,0,1,0,0,11263446.0
Mumbai,1132.6644531615702,4,2,37.590485362915025,1,Semi Furnished,Top,4,1,0,0,0,1,1,15168733.0
Kolkata,1977.967911165381,3,1,1.5958025780028051,2,Fully Furnished,Top,4,1,0,0,1,0,1,22056166.0
Lucknow,2091.7745512908023,3,2,25.99974440847179,1,Semi Furnished,Ground,2,0,0,0,0,0,1,10575227.0
Kolkata,917.6683257438026,3,2,40.27332943147291,1,Semi Furnished,Mid,5,1,0,0,1,1,1,6062279.0
Chennai,898.0431755168099,3,3,17.404753443516327,1,Unfurnished,Mid,2,0,0,1,1,1,0,8267683.0
Hyderabad,1612.6283409917999,4,2,80.0,1,Semi Furnished,Top,2,1,1,0,1,0,0,13227593.0
Lucknow,1814.680316714446,3,2,6.120493523506782,2,Unfurnished,Top,5,1,0,0,0,0,1,12184594.0
Chennai,1350.4654573849725,3,2,26.60672537627804,1,Fully Furnished,Top,4,0,0,1,1,1,1,12938155.0
Pune,1839.6469099911747,3,2,16.799186271096993,0,Semi Furnished,Top,4,0,0,0,0,1,1,17524997.0
Pune,1144.9316965813089,2,3,5.860763555832311,1,Fully Furnished,Ground,1,0,0,1,1,0,1,12860812.0
Delhi,442.6532004631322,4,2,18.29525786211957,1,Fully Furnished,Ground,2,0,0,2,1,0,1,5713605.0
Bangalore,1288.049463833702,3,2,10.688676427550888,1,Fully Furnished,Top,1,0,0,2,0,1,0,16761398.0
Mumbai,1531.6160732565506,4,2,3.141825473199221,2,Fully Furnished,Ground,4,0,0,0,0,1,1,28541656.0
Ahmedabad,1362.0800200517717,3,3,2.8652227968965436,0,Fully Furnished,Mid,2,0,0,1,1,0,0,11708576.0
Jaipur,920.6983681702574,4,2,18.744956096258264,1,Unfurnished,Mid,2,1,1,0,0,1,1,6018901.0
Chennai,592.1755120605912,4,2,18.66830066552252,1,Unfurnished,Top,2,0,0,1,1,0,1,5363219.0
Hyderabad,1242.955597816051,3,1,11.350053612552738,1,Fully Furnished,Mid,3,1,0,1,0,0,0,11996797.0
Jaipur,1948.8278858248718,4,3,10.439737963874704,2,Fully Furnished,Top,3,1,0,0,0,0,0,17172426.0
Hyderabad,2128.098719706841,2,3,2.977467372140857,1,Semi Furnished,Ground,4,1,0,1,1,1,1,20067541.0
Jaipur,2093.8566920692274,3,1,8.413009289850843,1,Fully Furnished,Top,2,0,0,2,0,1,0,18897026.0
Chennai,1092.0452324257235,4,3,30.765437861683207,2,Unfurnished,Mid,4,0,0,0,0,0,1,7644297.0
Ahmedabad,923.146838184818,2,2,28.93713982718386,0,Unfurnished,Top,3,1,0,0,1,0,0,5314472.0
Jaipur,1748.3173074899478,3,2,16.222739587610217,1,Unfurnished,Ground,3,0,0,0,0,0,1,8281311.0
Chennai,1817.5500057989625,4,1,80.0,1,Unfurnished,Ground,2,0,0,1,0,0,1,11009231.0
Kolkata,1700.0848026002486,4,3,33.548919399816576,2,Fully Furnished,Top,3,1,0,0,1,0,0,14602825.0
Ahmedabad,492.9683628811183,3,2,2.3538502142491,1,Unfurnished,Mid,1,1,1,0,1,1,0,4059474.0
Lucknow,1066.5577075582667,3,3,7.640809956431488,1,Unfurnished,Top,3,0,0,0,1,0,1,6820059.0
Hyderabad,1485.1556048570108,3,1,2.12237317122786,0,Unfurnished,Top,3,1,0,1,0,0,0,13933415.0
Pune,1743.6090973152136,3,3,9.412909127009053,2,Semi Furnished,Mid,2,0,0,0,1,0,1,18529945.0
Bangalore,1883.6536813012435,3,1,22.467295923597142,1,Fully Furnished,Top,3,0,0,2,0,0,1,20323931.0
Pune,1572.12676114102,3,2,2.5402870804594166,1,Unfurnished,Ground,4,0,0,0,0,1,0,13925489.0
Ahmedabad,1665.391903269118,3,2,31.856800079901966,0,Unfurnished,Ground,2,0,0,1,0,1,1,7963312.0
Lucknow,1542.432729180552,2,2,12.626710920761141,1,Fully Furnished,Mid,2,0,0,0,1,0,1,10551766.0
Hyderabad,1842.8096871092414,2,2,20.731216030561704,0,Unfurnished,Ground,3,0,0,1,0,1,1,11341388.0
Lucknow,1656.4328257454554,2,2,0.6931065877777053,2,Unfurnished,Ground,3,1,0,1,0,1,1,10317748.0
Jaipur,1532.8688300236438,3,4,1.478060253113636,2,Unfurnished,Mid,3,0,0,0,1,1,1,13273184.0
Hyderabad,1365.8156004313096,4,2,14.54779317231826,0,Semi Furnished,Top,2,0,0,1,1,0,1,12716837.0
Jaipur,1540.6457125212405,1,2,27.32016440562123,1,Unfurnished,Top,1,1,0,0,0,1,0,7768390.0
Chennai,1742.2956894196375,2,2,31.056047807196997,1,Unfurnished,Mid,1,1,0,1,1,0,1,11901480.0
Ahmedabad,1633.7376944490306,3,2,17.489047907557563,2,Fully Furnished,Mid,1,1,0,1,1,0,0,13304860.0
Chennai,1690.413209172627,3,1,3.36476460707098,1,Fully Furnished,Top,4,0,0,0,0,0,1,18219199.0
Delhi,2171.3609306755925,2,3,3.254099649917747,2,Semi Furnished,Ground,2,1,0,1,1,0,0,31655517.125
Lucknow,1632.5819613732938,2,2,31.97527107765837,1,Fully Furnished,Top,2,0,0,1,1,0,0,9018223.0
Jaipur,1175.5007397634213,2,3,1.802635567707949,0,Fully Furnished,Ground,5,1,0,1,1,1,1,9578224.0
Kolkata,1941.8033929970845,3,2,17.37882000626998,1,Semi Furnished,Ground,4,0,0,0,0,1,0,12364787.0
Chennai,816.9008311655413,2,4,11.437678786751533,1,Unfurnished,Mid,1,1,1,2,1,0,1,8192081.0
Delhi,959.2933096303564,3,2,8.207679290883075,0,Fully Furnished,Ground,3,1,0,1,0,0,1,14254175.0
Mumbai,1667.9236323600346,3,1,8.706241700540918,0,Fully Furnished,Mid,3,0,0,1,1,0,1,25423145.0
Pune,1758.1983338932894,3,2,43.56299175804581,2,Semi Furnished,Ground,1,1,0,0,1,1,0,14972634.0
Hyderabad,877.4743882480025,2,4,29.647123925692725,1,Fully Furnished,Top,3,0,0,2,0,0,0,7656488.0
Delhi,1308.591259506625,3,2,30.035414713268775,0,Fully Furnished,Ground,5,0,0,1,1,1,1,13272640.0
Ahmedabad,1196.9580838901707,3,1,7.828761368348832,2,Unfurnished,Top,3,1,0,1,1,1,0,9204190.0
Chennai,1256.6618385592017,4,2,1.6972148321951308,0,Semi Furnished,Mid,3,0,0,2,1,0,1,12840962.0
Ahmedabad,1971.798888136473,2,3,80.0,0,Unfurnished,Mid,3,1,0,0,0,1,1,11167210.0
Pune,1853.2527317736262,3,1,2.355827433303373,1,Unfurnished,Ground,3,0,0,0,0,0,1,16277566.0
Kolkata,1490.4389100731462,3,2,10.872116857945672,2,Unfurnished,Top,4,0,0,0,0,0,0,10585476.0
Lucknow,1227.0190364425362,2,3,4.61050204787769,1,Semi Furnished,Ground,1,1,0,1,0,0,1,7918746.0
Lucknow,825.1751648899296,4,3,10.723006236281153,1,Fully Furnished,Mid,4,0,0,0,1,0,0,6443120.0
Ahmedabad,2210.092469390974,3,3,5.456209716654141,0,Unfurnished,Top,4,0,0,0,0,0,0,15459796.0
Jaipur,1796.0569501424593,3,4,34.07889479170913,1,Semi Furnished,Mid,1,1,0,1,0,0,0,11457995.0
Kolkata,1146.6654479634299,2,1,51.79127440824573,1,Fully Furnished,Mid,1,1,0,1,1,1,1,8364186.0
Lucknow,1859.7997488124456,2,2,7.916125524626697,2,Semi Furnished,Ground,3,1,0,1,0,1,1,12645892.0
Kolkata,1464.888189712687,3,3,1.0916194234165735,1,Unfurnished,Ground,3,0,0,0,0,1,0,11989115.0
Delhi,1356.4452475688286,3,3,16.330052605895418,0,Semi Furnished,Ground,5,1,1,0,0,0,0,16081842.0
Kolkata,1717.6057641448012,3,3,7.08911879919551,1,Unfurnished,Ground,2,1,0,1,1,0,1,15252152.0
Bangalore,1129.2508750436375,3,3,63.99692387437209,0,Semi Furnished,Mid,3,1,0,1,0,1,0,10695766.0
Pune,1328.121740244945,3,2,1.404357871765748,2,Unfurnished,Mid,3,0,1,0,0,0,0,14150286.0
Lucknow,1560.730532099773,3,1,1.9026177429547113,0,Fully Furnished,Top,3,1,0,0,0,1,1,12750702.0
Kolkata,1250.2744035573933,1,2,18.030775471818103,0,Semi Furnished,Ground,3,0,0,2,1,1,1,8227306.0
Ahmedabad,1834.542605133762,3,3,21.32258203928041,1,Semi Furnished,Top,3,0,0,0,0,0,0,12176372.0
Mumbai,2434.5332518391306,3,2,9.55423653698787,0,Fully Furnished,Ground,1,0,0,1,1,0,0,31655517.125
Bangalore,1122.8509336964287,3,3,4.870681534328847,1,Unfurnished,Top,4,1,1,1,1,1,0,16806781.0
Bangalore,667.4373518479778,2,2,5.561826422417874,1,Unfurnished,Top,2,0,0,2,0,0,0,7404394.0
Jaipur,499.1299162618692,2,1,6.186733314858891,1,Unfurnished,Ground,2,0,1,0,0,0,0,2872871.0
Kolkata,1424.7659292525088,2,2,3.828842621003892,1,Fully Furnished,Ground,3,0,0,0,1,0,0,12300661.0
Jaipur,1168.4177049369086,4,3,28.521192605016125,2,Semi Furnished,Mid,3,0,0,2,0,1,0,7709599.0
Jaipur,1603.9302505335404,3,2,1.0093699204179598,1,Semi Furnished,Mid,3,0,0,1,0,0,0,12175053.0
Mumbai,1566.2988360130505,1,3,7.845442437028676,2,Semi Furnished,Ground,3,1,0,1,1,1,0,25598178.0
Delhi,698.391576692952,2,2,20.65128912214603,0,Fully Furnished,Ground,3,1,0,0,1,0,1,8038643.0
Kolkata,592.558085259297,2,2,0.05749215433187774,0,Unfurnished,Ground,3,0,0,0,1,1,0,4083153.0
Chennai,1647.9666201730477,3,1,31.56001201148691,1,Unfurnished,Ground,2,0,1,0,0,0,1,10423508.0
Lucknow,1567.7144173599786,2,3,18.37759995475826,0,Unfurnished,Top,5,1,0,1,1,1,1,9739119.0
Jaipur,1287.0910008167243,3,2,1.1430780035495418,1,Semi Furnished,Top,3,1,0,0,1,0,1,11389654.0
Pune,671.4282074338477,3,3,33.80643665377513,2,Fully Furnished,Top,2,1,0,0,0,0,0,6790424.0
Hyderabad,1735.6956313824953,4,2,10.021112072376027,1,Unfurnished,Top,3,0,0,0,0,0,1,15023224.0
Pune,2135.9497727119715,3,2,15.843611653112234,1,Unfurnished,Mid,4,1,0,1,1,0,0,17821458.0
Mumbai,1638.9912201094612,3,2,32.060302941408715,1,Semi Furnished,Ground,2,1,1,1,1,0,1,21189871.0
Mumbai,1076.2630547174676,3,1,31.949954375739683,0,Unfurnished,Top,2,0,0,0,0,1,1,10457420.0
Ahmedabad,1522.2760827855757,3,2,7.882595875041724,1,Semi Furnished,Top,3,1,0,1,0,1,0,13116234.0
Delhi,816.9429595331576,4,2,4.07101959500663,0,Unfurnished,Ground,2,0,0,0,1,0,1,9581890.0
Lucknow,2028.9803569193964,3,3,4.464401245606728,0,Semi Furnished,Top,4,1,0,1,0,0,0,14854187.0
Jaipur,1540.9221672647693,3,2,21.78276845907389,0,Semi Furnished,Top,3,1,0,2,0,0,1,10544520.0
Pune,615.921544123384,3,2,39.767329042939835,2,Unfurnished,Mid,1,0,0,0,0,0,1,4170631.0
Hyderabad,1349.6628197781588,5,1,1.1245822121364362,0,Semi Furnished,Top,5,1,0,0,0,0,0,13462755.0
Mumbai,1731.6507551171153,3,2,0.2270049976823713,1,Unfurnished,Ground,3,1,1,2,0,1,1,28781869.0
Mumbai,1333.4761895122388,4,2,25.96858094038665,0,Unfurnished,Top,4,1,1,1,1,1,1,19923693.0
Delhi,1362.052139279913,2,4,7.331134069284821,1,Fully Furnished,Mid,3,1,0,0,1,1,1,21749033.0
Hyderabad,887.7988964763641,3,3,4.853768749119187,1,Unfurnished,Mid,3,0,0,0,1,0,0,8206246.0
Hyderabad,1783.270493540828,4,3,3.1307317245969486,1,Unfurnished,Ground,3,0,0,2,0,1,1,16533365.0
Delhi,1175.7653999904312,3,2,6.380746126393866,1,Fully Furnished,Mid,3,0,0,0,1,1,1,17388935.0
Mumbai,421.77731149748365,5,1,53.350982154294044,2,Fully Furnished,Top,2,0,0,0,1,1,1,6491644.0
Lucknow,1314.371314664803,2,2,56.63603325782307,1,Semi Furnished,Ground,5,0,1,0,1,0,1,6445067.0
Kolkata,1990.5748577851764,4,2,6.041086752538267,0,Fully Furnished,Top,2,0,0,0,1,0,1,19874993.0
Kolkata,1306.5352767000263,3,2,49.73498026975586,2,Fully Furnished,Ground,3,0,0,0,0,1,0,8483860.0
Delhi,2368.99249256176,2,2,5.347198367433224,2,Semi Furnished,Mid,1,0,1,0,1,0,0,31655517.125
Hyderabad,1714.4839742742586,4,3,28.9117390706214,1,Fully Furnished,Mid,5,0,0,0,1,1,1,15056995.0
Jaipur,1669.379081140183,2,4,3.5739379605821693,1,Unfurnished,Top,3,0,0,2,1,0,0,12585563.0
Delhi,1435.8008670411955,1,2,26.272592180894936,0,Fully Furnished,Mid,4,0,0,1,0,0,1,12621530.0
Lucknow,1465.8568961178546,2,3,6.548077815291286,1,Semi Furnished,Top,3,1,0,2,1,0,1,11544489.0
Delhi,1368.288182440248,3,3,3.2671828237290734,1,Unfurnished,Mid,4,1,0,0,0,1,0,16964961.0
Bangalore,1348.8653039587368,5,2,40.94981533761633,2,Semi Furnished,Mid,3,0,0,0,0,0,1,12499981.0
Pune,1765.4335810335745,2,3,3.61549550529465,0,Fully Furnished,Top,3,1,0,0,1,1,0,23203781.0
Hyderabad,1032.0843851047173,3,2,72.11889303860305,1,Unfurnished,Mid,3,1,0,0,1,1,1,6397209.0
Ahmedabad,962.0530856378701,2,3,1.7239909586271136,1,Fully Furnished,Ground,1,0,0,2,0,1,1,8359541.0
Ahmedabad,938.4024745623112,3,2,0.1510699409595907,1,Semi Furnished,Mid,2,1,0,0,1,1,0,8303902.0
Hyderabad,2522.827273838577,2,2,30.69515603876235,1,Semi Furnished,Ground,5,1,0,1,1,1,0,17489906.0
Lucknow,1765.17145083529,2,2,13.2502544300078,2,Fully Furnished,Ground,3,0,0,2,1,0,0,11489999.0
Bangalore,1652.2461008400724,2,3,8.213026245328203,1,Semi Furnished,Ground,4,0,0,1,1,0,1,20263990.0
Bangalore,971.2426648532843,3,1,1.2827788849162236,2,Fully Furnished,Ground,2,1,1,1,1,0,0,14121634.0
Mumbai,1811.6711503374142,4,1,12.83119910617721,0,Semi Furnished,Ground,3,0,0,1,1,0,0,22271674.0
Pune,1441.7143267733356,3,2,7.506338486482417,0,Semi Furnished,Mid,1,0,0,0,0,0,1,12071633.0
Kolkata,1607.0844705658749,2,1,9.913740825714804,2,Semi Furnished,Mid,3,1,0,1,0,0,0,11999631.0
Chennai,1011.689842068222,3,3,14.929678791620624,0,Semi Furnished,Top,4,1,0,2,1,0,1,9835272.0
Lucknow,1580.1344287087884,4,3,15.322002535993366,1,Unfurnished,Top,3,0,0,0,0,0,1,8977112.0
Chennai,1288.0832308967583,2,3,48.509553117969325,1,Unfurnished,Top,1,1,1,1,1,0,1,10369446.0
Chennai,1117.1944214849061,2,3,15.965485432502861,1,Fully Furnished,Top,2,1,0,0,0,0,1,11427908.0
Hyderabad,1867.0531679036244,2,3,6.219195500263751,1,Fully Furnished,Ground,3,0,0,1,0,0,0,16703133.0
Ahmedabad,731.1460957349988,3,3,5.998945476648256,1,Fully Furnished,Mid,4,0,0,0,0,1,1,6843465.0
Ahmedabad,1782.3881321570752,3,3,9.727224174407661,2,Fully Furnished,Ground,2,1,0,0,1,0,1,15806098.0
Kolkata,1842.2430667764982,3,2,4.502954873115746,0,Semi Furnished,Top,3,0,0,2,0,1,1,18085700.0
Hyderabad,1060.1781622243798,2,2,7.08462973147991,1,Semi Furnished,Ground,2,0,0,2,1,0,0,9022935.0
Chennai,1089.8357694337662,3,4,27.688113707771194,1,Semi Furnished,Top,1,0,1,1,1,0,1,10329623.0
Jaipur,1388.487159366799,5,3,29.466172018387898,1,Fully Furnished,Top,3,1,1,1,1,0,0,11422737.0
Ahmedabad,1641.0181052311102,2,3,14.824555889275443,0,Unfurnished,Top,3,0,1,0,1,0,1,11805935.0
Lucknow,1423.5725040928874,4,1,13.114315437658043,1,Fully Furnished,Top,2,0,0,0,1,0,1,11501579.0
Lucknow,1716.7812300959397,3,3,8.355657057864411,0,Unfurnished,Mid,3,1,0,1,1,1,1,12055881.0
Mumbai,2381.4898262686993,2,3,15.154856181254367,1,Unfurnished,Top,2,0,0,2,0,1,0,29910675.0
Delhi,1246.141615425143,3,2,24.602582035943417,1,Semi Furnished,Mid,3,0,0,2,1,0,1,14522203.0
Jaipur,642.4100146482897,4,1,20.082407956453146,0,Semi Furnished,Mid,3,0,0,1,0,0,0,3488667.0
Ahmedabad,1912.9617915153267,3,2,0.5415520965486427,1,Fully Furnished,Top,4,0,0,2,1,1,1,20329133.0
Bangalore,2341.6572879637647,4,3,19.702909235744784,1,Fully Furnished,Mid,3,0,0,0,0,0,0,29756099.0
Ahmedabad,1696.384181525562,2,3,19.09168185495967,0,Unfurnished,Top,2,0,0,1,0,0,1,10189367.0
Mumbai,956.125662323166,3,3,1.5635927746313947,1,Unfurnished,Top,4,1,1,0,0,1,1,17122625.0
Lucknow,1438.0538183823996,4,2,2.442149835227472,2,Semi Furnished,Top,4,0,0,2,1,0,1,12445279.0
Chennai,940.7382578941839,4,3,23.261063195479473,2,Unfurnished,Top,1,1,0,0,0,1,1,8365657.0
Bangalore,1821.4277469814738,3,2,12.28030157580977,1,Unfurnished,Mid,1,1,0,0,0,0,0,18555632.0
Hyderabad,824.3547986507828,3,2,25.858343629862663,0,Fully Furnished,Ground,2,1,0,1,1,0,1,6352998.0
Pune,1349.9356065859001,1,2,3.0637990516654385,0,Fully Furnished,Ground,4,0,0,0,1,0,0,13729731.0
Chennai,997.8310868530468,2,4,0.4663977968202491,1,Unfurnished,Top,2,0,0,0,0,0,1,9508733.0
Pune,1563.412342567481,2,2,2.6500151362465227,1,Unfurnished,Top,3,1,0,1,1,1,1,18791857.0
Jaipur,1316.829161431121,2,2,9.03781143099081,0,Unfurnished,Top,3,0,0,2,0,0,1,8438726.0
Delhi,1588.381051625132,2,1,11.11279079892553,1,Fully Furnished,Ground,3,1,0,1,1,1,1,21821368.0
Bangalore,1511.1752774831828,3,2,29.24738488557083,2,Fully Furnished,Ground,4,0,1,1,0,0,0,16279111.0
Kolkata,1006.6704861379449,5,3,18.892310718735004,1,Semi Furnished,Top,3,0,1,0,0,0,1,9961410.0
Bangalore,1813.438531764511,3,2,69.67526565856355,1,Semi Furnished,Mid,3,1,0,0,0,1,1,16175938.0
Ahmedabad,1475.6171740784423,3,2,1.229862420274657,0,Semi Furnished,Mid,2,1,0,2,0,1,1,12515125.0
Lucknow,1005.7354960670498,5,3,2.092743089875899,1,Semi Furnished,Ground,3,1,0,2,0,1,1,8643906.0
Ahmedabad,2620.4632781028963,2,2,1.3219078880869186,1,Fully Furnished,Mid,3,0,0,0,1,1,1,23201609.0
Ahmedabad,1738.2150833585624,3,3,11.597734837721006,1,Semi Furnished,Mid,2,1,1,1,1,1,1,16397963.0
Jaipur,1423.3697233003472,3,2,4.656294762043806,1,Fully Furnished,Top,3,0,0,2,0,1,1,13443290.0
Chennai,2207.602263350912,2,4,17.262782363075996,1,Fully Furnished,Mid,3,1,0,1,1,1,0,23229843.0
Kolkata,2420.9078046933037,3,1,2.1353975355730044,1,Semi Furnished,Top,3,0,0,0,1,1,0,21663737.0
Kolkata,1427.3252888430575,2,3,1.6336922569471992,0,Fully Furnished,Top,3,1,0,1,0,0,1,16481769.0
Ahmedabad,1673.698743217381,2,3,9.247389184420447,2,Unfurnished,Top,2,1,1,0,1,1,1,15679695.0
Pune,1005.9985909985296,2,2,7.0716304270107955,2,Semi Furnished,Top,3,0,0,1,0,0,0,11180138.0
Jaipur,1426.4036246159942,4,2,26.50584913284938,1,Semi Furnished,Mid,3,0,0,2,1,0,0,8088189.0
Ahmedabad,1400.468723120065,3,2,27.261151531316635,0,Unfurnished,Ground,3,1,0,1,0,1,0,7638872.0
Delhi,1592.413516810827,3,1,1.8737349575414166,0,Semi Furnished,Mid,2,1,0,1,1,0,0,22467890.0
Lucknow,1666.3802393185051,3,2,25.095475586876496,2,Fully Furnished,Ground,2,0,1,2,1,1,0,11769312.0
Chennai,1779.9142244140298,2,4,12.457372607930937,2,Fully Furnished,Ground,2,1,0,0,0,1,1,17730614.0
Hyderabad,1618.8213281499795,3,2,10.504337575860015,0,Fully Furnished,Top,4,1,0,0,0,1,0,18484634.0
Delhi,894.6286866854177,3,2,1.4933836011674442,1,Semi Furnished,Mid,4,0,0,1,0,1,0,12956148.0
Pune,1030.7664471294574,2,1,20.184818041960476,1,Unfurnished,Ground,4,1,0,1,0,0,1,8087917.0
Bangalore,1226.7961902681636,3,1,0.9222882959332651,1,Unfurnished,Ground,4,0,0,2,0,0,1,12076383.0
Bangalore,1358.8797040383856,2,2,4.879549790213776,1,Semi Furnished,Mid,3,0,0,1,0,1,1,16882489.0
Delhi,2025.3871452360568,2,4,1.504459244956313,1,Fully Furnished,Ground,3,0,1,0,1,0,0,31655517.125
Ahmedabad,918.5305065735436,4,3,11.34985697776293,0,Fully Furnished,Mid,2,1,0,1,1,0,1,8505100.0
Hyderabad,1321.2924759146501,3,2,15.54428628430075,0,Semi Furnished,Top,3,0,0,2,0,0,1,11149882.0
Mumbai,1976.504749107025,3,2,33.22619021442742,0,Semi Furnished,Ground,3,0,1,1,0,1,0,22799570.0
Mumbai,1350.061262751694,3,2,19.856663791054885,2,Fully Furnished,Top,2,1,0,0,0,0,0,20692607.0
Pune,1730.207824921412,3,3,48.70311176052254,1,Semi Furnished,Ground,1,0,0,1,1,0,1,12633209.0
Ahmedabad,1430.2289785360483,3,3,21.466227672423866,1,Unfurnished,Top,3,0,0,1,0,0,0,8821139.0
Kolkata,1628.3916286623614,3,3,5.308890241845933,1,Unfurnished,Ground,3,0,0,1,1,1,1,12940036.0
Kolkata,1385.7637280952297,3,1,11.897324401014853,2,Semi Furnished,Mid,1,0,1,2,0,1,0,12206622.0
Chennai,1833.532736364177,5,3,9.185668757625752,0,Fully Furnished,Top,4,1,0,1,0,0,0,23100732.0
Hyderabad,727.4717962967824,5,1,12.519580231898608,0,Unfurnished,Mid,3,1,0,0,0,0,1,5756801.0
Hyderabad,1318.3439958057274,3,2,12.732612632006557,0,Semi Furnished,Ground,1,1,1,1,1,1,0,12866245.0
Bangalore,1648.286338347154,4,3,18.165015945086694,2,Fully Furnished,Top,2,1,0,1,1,0,1,26902955.0
Jaipur,1766.8476240030964,3,2,1.3004338243148337,1,Semi Furnished,Top,3,0,0,0,0,1,0,14629329.0
Pune,2246.476311376914,3,1,20.600383524192893,1,Semi Furnished,Ground,1,0,1,0,1,0,0,18710258.0
Mumbai,1304.4876665672118,2,2,2.3277814565379664,0,Semi Furnished,Ground,3,0,0,1,0,0,1,17254364.0
Pune,2239.7408809304366,3,2,0.3983525507984031,1,Semi Furnished,Ground,3,0,0,0,0,0,0,21776711.0
Kolkata,1170.4880866701646,4,1,10.975374745464043,0,Semi Furnished,Mid,4,1,0,0,1,1,1,9463262.0
Kolkata,2164.3232057723217,4,2,13.06535007580188,1,Fully Furnished,Top,4,1,0,2,1,0,1,24743641.0
Delhi,1908.7335633491862,4,2,0.5320928709912821,0,Unfurnished,Top,4,0,0,2,0,0,1,27072747.0
Chennai,1043.2707101838887,2,3,10.86557799092488,1,Fully Furnished,Mid,1,0,0,0,1,0,0,10406747.0
Hyderabad,1653.5196186259109,3,1,11.471910257945424,1,Unfurnished,Top,3,1,0,2,1,0,0,14915483.0
Lucknow,1474.3820822339042,2,3,0.8088444118403245,2,Semi Furnished,Mid,2,1,0,0,0,0,1,11123722.0
Pune,1812.7922968375003,3,2,18.650337785785382,0,Semi Furnished,Mid,3,1,0,0,1,1,0,15040251.0
Kolkata,1388.3642057833451,3,2,3.5413366784326903,1,Fully Furnished,Ground,5,0,0,1,1,0,1,12535018.0
Jaipur,1346.3768871691343,3,2,23.73166187804064,2,Fully Furnished,Mid,2,1,0,1,1,0,0,10306207.0
Bangalore,2184.5472913814256,3,2,5.5838382636889365,0,Unfurnished,Top,4,1,0,0,1,0,1,26817924.0
Mumbai,1450.6395527721636,3,3,9.748227508027675,1,Semi Furnished,Top,5,1,0,2,1,0,1,27768385.0
Chennai,1913.211162095883,2,1,33.36366387134555,1,Fully Furnished,Ground,5,1,0,1,1,1,0,15114365.0
Jaipur,1387.3242574779001,2,3,24.612339524168153,0,Semi Furnished,Top,4,0,0,2,1,0,0,9211898.0
Chennai,2333.331629613762,4,3,22.839519384155956,0,Semi Furnished,Mid,3,1,0,0,1,1,1,21568850.0
Delhi,1160.8326853322533,1,1,2.6230563406162823,0,Semi Furnished,Top,2,0,0,1,1,1,1,15797468.0
Lucknow,1192.9282343764075,1,2,0.7400973185669116,1,Unfurnished,Mid,3,0,1,0,0,0,1,7437922.0
Kolkata,2262.2585905579517,4,2,13.961891346820144,0,Semi Furnished,Top,3,1,0,2,0,1,1,21880276.0
Bangalore,1277.5268045523735,5,1,7.932085577092133,0,Unfurnished,Top,2,0,0,0,1,1,1,14816748.0
Jaipur,2300.5371530821963,3,2,35.96617987164526,1,Fully Furnished,Ground,3,0,0,1,0,1,1,13940419.0
Chennai,1945.9202897974064,1,4,6.452360451403035,1,Fully Furnished,Mid,2,0,1,0,1,0,1,22665936.0
Hyderabad,1422.6751467195832,2,2,7.928438740819112,0,Semi Furnished,Ground,3,1,0,2,1,1,0,12359201.0
Delhi,593.3532639914207,5,3,11.198236544408143,1,Semi Furnished,Ground,4,1,0,1,0,0,0,7817094.0
Hyderabad,1490.3408478640822,4,3,23.87401895436061,2,Unfurnished,Ground,3,0,0,0,0,0,1,10519155.0
Bangalore,1550.8150267667124,3,1,4.685750885267365,0,Semi Furnished,Ground,4,0,0,2,1,1,0,17942012.0
Jaipur,2083.6088666521864,2,1,42.66337381965239,0,Semi Furnished,Mid,3,1,0,1,1,0,1,10425202.0
Delhi,2294.223588120056,1,3,11.645359651782197,0,Semi Furnished,Mid,1,1,0,0,1,1,0,27548373.0
Jaipur,1157.5064104281262,1,2,27.58062113258054,0,Unfurnished,Top,2,1,0,0,0,0,1,5944421.0
Kolkata,1900.5908819940914,3,1,11.186150907172262,1,Unfurnished,Top,4,0,0,0,1,1,0,14959037.0
Ahmedabad,1882.7010780066748,1,2,22.175697108411626,2,Semi Furnished,Ground,1,1,0,1,0,0,1,11597575.0
Delhi,2036.7063512052227,5,3,0.79184914107001,1,Semi Furnished,Mid,5,0,0,1,1,0,0,30761079.0
Hyderabad,1749.3449560677723,2,3,24.08262079308789,1,Fully Furnished,Top,4,1,0,1,0,0,0,14819241.0
Bangalore,528.7511545191151,3,2,11.133782953364948,1,Unfurnished,Ground,2,0,0,0,1,1,0,5084324.0
Lucknow,1422.2887837361202,2,2,8.951624969202001,0,Fully Furnished,Ground,2,1,0,1,1,1,0,9057617.0
Kolkata,922.1462125415424,3,4,1.7751610191588192,0,Semi Furnished,Top,3,1,1,0,0,0,1,9960930.0
Ahmedabad,1398.697113540963,2,3,20.296523164755445,1,Semi Furnished,Mid,3,1,0,0,1,0,0,9619932.0
Lucknow,1990.0021180669469,4,2,2.1090074136192163,1,Semi Furnished,Top,1,1,1,1,0,1,0,16638983.0
Mumbai,1652.5754179374862,3,3,3.2037994577225857,0,Semi Furnished,Top,2,1,0,1,0,1,1,29052444.0
Kolkata,2074.0454331987166,2,2,2.027389423388821,0,Unfurnished,Mid,3,0,0,0,0,0,0,13906998.0
Bangalore,1670.8769603567696,4,2,0.09895983397978424,1,Semi Furnished,Top,4,0,0,0,0,0,0,19937420.0
Chennai,850.8370301655486,3,2,16.266814912050666,1,Fully Furnished,Ground,2,0,0,0,1,1,0,7375541.0
Delhi,400.0,4,1,4.738014592482973,1,Fully Furnished,Top,3,1,0,2,1,0,0,6405119.0
Jaipur,1574.404380839795,4,3,2.428442014315296,1,Fully Furnished,Mid,4,0,0,2,1,0,0,15663631.0
Bangalore,1393.0367668244173,4,2,5.784330221100899,1,Unfurnished,Mid,2,1,0,1,1,1,1,17402366.0
Delhi,1011.527130309059,2,2,10.369773557855055,0,Fully Furnished,Top,3,0,0,0,0,0,1,13348453.0
Lucknow,649.686375174311,2,3,10.499934291665808,2,Unfurnished,Top,4,1,0,1,0,1,0,4414300.0
Jaipur,1132.6283932636454,5,3,6.863918319043281,0,Unfurnished,Top,2,1,0,2,1,1,1,10588856.0
Pune,1402.754257567612,3,1,10.245941129249685,0,Semi Furnished,Ground,2,1,0,2,0,1,0,14010139.0
Hyderabad,1832.9389118531951,2,2,8.361984784139096,2,Unfurnished,Mid,3,0,0,2,1,1,1,14851392.0
Mumbai,1594.31554078399,4,3,25.94574108921096,0,Unfurnished,Ground,3,0,0,1,1,1,1,18419271.0
Kolkata,2304.0336235863642,2,3,0.4509197249377436,1,Unfurnished,Ground,3,1,0,1,0,0,1,19457819.0
Bangalore,982.1979719773028,3,3,30.377724978098918,2,Semi Furnished,Ground,2,1,1,1,1,1,0,11743984.0
Mumbai,1940.5294460287166,4,2,4.194027201324892,1,Semi Furnished,Mid,3,1,0,1,1,1,1,31655517.125
Chennai,1523.649371564364,4,2,19.19026609257404,1,Semi Furnished,Mid,2,0,0,1,1,0,0,12980332.0
Delhi,1847.3345620592922,2,3,7.788906866071149,1,Fully Furnished,Ground,5,0,0,0,0,1,0,23553908.0
Delhi,1281.7425683672282,3,3,5.2291766077305875,2,Fully Furnished,Mid,3,0,0,2,1,1,0,22165240.0
Bangalore,2035.840186945295,3,2,14.33121929272316,1,Unfurnished,Mid,3,0,0,0,1,0,0,20435949.0
Ahmedabad,1647.6123791726213,3,1,21.97256013528472,1,Fully Furnished,Mid,2,0,0,0,1,1,1,11307257.0
Ahmedabad,1160.2775075411253,2,3,8.965822014273014,2,Semi Furnished,Top,5,1,0,0,1,1,1,10040142.0
Pune,1493.987985543406,3,2,9.425957063137217,2,Fully Furnished,Mid,1,0,1,2,0,0,1,19429882.0
Hyderabad,1380.2220705314503,3,2,0.9098945624270398,1,Semi Furnished,Mid,1,1,0,2,0,0,0,13493954.0
Jaipur,1744.5891753188969,3,2,38.65453580427761,0,Fully Furnished,Mid,1,1,0,0,0,0,1,9750827.0
Chennai,910.1116253127457,4,2,28.149635981998255,1,Semi Furnished,Ground,4,0,0,0,1,0,0,6955292.0
Mumbai,1485.3241489421528,3,2,7.612287793778503,0,Fully Furnished,Top,3,0,0,0,1,1,0,23886407.0
Ahmedabad,1697.6536263246653,2,2,21.719394452313544,1,Unfurnished,Top,5,0,0,2,0,0,0,9831813.0
Pune,1516.5116535965167,3,1,5.637411579738512,1,Fully Furnished,Ground,1,0,1,0,1,1,0,17055926.0
Pune,2173.470622194498,4,4,19.663451067425942,1,Fully Furnished,Mid,3,0,0,1,1,1,1,24287617.0
Bangalore,1887.0113870355262,3,3,10.90650841428944,1,Unfurnished,Mid,3,0,0,0,1,1,0,22357119.0
Chennai,1496.2596016296268,3,3,9.264105065054293,2,Unfurnished,Top,3,0,0,2,1,0,0,16678860.0
Lucknow,1608.3445487488366,2,3,0.8727493332451379,0,Semi Furnished,Mid,3,0,0,2,0,0,1,10507722.0
Jaipur,1647.8327757409998,3,3,50.46803064007254,0,Unfurnished,Top,3,1,0,2,0,0,0,9266745.0
Hyderabad,1701.649802083412,4,2,27.24775873041039,1,Fully Furnished,Ground,4,0,0,1,0,0,1,13271117.0
Kolkata,587.171002167696,4,1,23.65369454676712,1,Semi Furnished,Top,3,0,0,0,0,0,0,4213098.0
Bangalore,1349.2368521153264,3,1,5.455842926563401,1,Fully Furnished,Top,4,0,1,1,1,0,1,23163990.0
Jaipur,757.7804659032869,3,2,5.128699056428018,2,Semi Furnished,Top,4,0,0,0,1,1,1,6088430.0
Kolkata,2139.1404737297435,4,2,12.771353773255262,1,Semi Furnished,Top,4,0,0,0,1,0,0,18079803.0
Kolkata,1469.575239998536,5,4,28.083795810020433,1,Unfurnished,Top,3,0,0,2,1,1,1,13576682.0
Chennai,1403.3295251601887,3,2,40.91501189940843,0,Fully Furnished,Ground,3,1,0,2,0,1,0,10594192.0
Chennai,1948.3986660166177,3,2,4.698670984512876,1,Semi Furnished,Mid,1,0,0,1,1,0,0,18777260.0
Mumbai,1711.1623987249372,3,3,14.025025440988541,1,Semi Furnished,Mid,4,0,0,0,1,1,1,23522407.0
Pune,935.6827428103965,2,2,19.305034514471412,1,Semi Furnished,Top,2,1,0,1,1,0,1,9981091.0
Jaipur,1464.5473187363157,3,3,3.8503527195776828,2,Semi Furnished,Mid,1,0,1,1,1,1,1,13129488.0
Bangalore,1332.4165133868075,4,2,7.850271939031441,1,Unfurnished,Top,3,0,0,0,0,0,0,16035671.0
Delhi,627.733555696973,4,2,3.114115532367563,2,Unfurnished,Mid,3,1,0,2,1,0,1,8741032.0
Bangalore,1154.8618833813975,4,3,18.004945615443166,1,Fully Furnished,Mid,3,0,0,0,1,0,1,14767003.0
Mumbai,1408.229838991767,2,2,29.902826423952455,1,Semi Furnished,Mid,3,1,0,1,1,0,1,16668152.0
Hyderabad,1442.5245342540786,3,2,31.498871004736962,1,Fully Furnished,Mid,3,1,1,1,0,1,1,11415287.0
Pune,758.8842881613457,2,2,16.63397947970911,1,Fully Furnished,Ground,4,0,0,0,0,0,1,6357175.0
Delhi,2075.832791523738,2,3,6.396172504813575,0,Unfurnished,Top,4,0,0,1,1,0,1,24390925.0
Ahmedabad,1448.9484705542804,4,2,16.22811426690156,0,Semi Furnished,Top,4,0,0,2,0,0,0,10819892.0
Hyderabad,1518.7765383302815,3,3,29.955953222573058,0,Unfurnished,Ground,3,0,0,0,0,0,1,8809203.0
Chennai,1700.3208191699184,4,4,14.746711276236512,2,Semi Furnished,Ground,1,1,0,2,1,0,0,17835442.0
Kolkata,1105.9618730481643,2,2,7.988195820212573,1,Semi Furnished,Ground,3,0,0,0,0,0,0,6526790.0
Ahmedabad,1728.1779865663482,3,3,37.848990944096215,1,Fully Furnished,Ground,2,1,0,1,0,0,0,10513193.0
Bangalore,1316.4626769909084,3,3,27.046850308358316,1,Fully Furnished,Ground,4,1,0,0,0,0,1,14800997.0
Bangalore,1051.7072296764043,2,2,32.111489255946296,1,Unfurnished,Top,3,1,1,2,1,0,1,11046788.0
Chennai,1786.7237466776994,3,4,35.025387912402905,1,Unfurnished,Ground,4,1,0,0,0,0,1,11756443.0
Mumbai,2245.836929400904,2,3,7.5084842630156405,1,Semi Furnished,Top,2,1,1,0,0,0,0,31655517.125
Jaipur,1862.4146867429158,3,2,29.453064858622554,2,Fully Furnished,Top,3,0,0,2,0,0,0,13156677.0
Ahmedabad,1961.4887825702153,5,3,12.67175385086738,2,Fully Furnished,Mid,3,1,0,1,1,1,1,20317752.0
Ahmedabad,1239.6846967188505,4,2,0.583591427203781,1,Semi Furnished,Mid,2,0,0,0,0,0,1,11192710.0
Lucknow,701.1901354157718,5,1,15.15227913558051,2,Unfurnished,Mid,4,0,0,2,0,0,0,3722952.0
Hyderabad,2245.068761049921,4,3,9.540701047680555,0,Semi Furnished,Ground,3,0,0,2,1,0,1,21101224.0
Pune,2527.25744470238,4,2,4.826954548515231,0,Fully Furnished,Ground,2,1,0,0,0,0,1,29589764.0
Hyderabad,2271.403386884841,3,3,52.79117230204836,1,Unfurnished,Mid,2,1,0,1,1,0,0,15319302.0
Jaipur,1332.1070305101252,3,2,0.849680049304748,2,Semi Furnished,Ground,2,0,0,1,0,1,0,9412845.0
Bangalore,922.6828306355778,3,2,43.74754895613711,1,Fully Furnished,Mid,2,0,0,1,1,0,0,9414823.0
Bangalore,967.1586510902167,4,3,2.60221831093465,1,Unfurnished,Top,2,0,0,1,1,1,1,13536138.0
Bangalore,658.1337161929757,2,4,7.097846798088946,0,Semi Furnished,Top,2,0,0,1,1,1,0,8673627.0
Lucknow,1446.3106907949773,2,3,8.099573435760014,2,Unfurnished,Top,3,0,0,0,0,1,1,8852579.0
Bangalore,2302.8389790412275,4,3,19.696802697586083,1,Semi Furnished,Top,5,0,0,1,1,1,1,28811404.0
Jaipur,1429.1686840638783,1,2,3.6427188686516008,1,Fully Furnished,Mid,2,0,1,0,1,0,1,12255811.0
Chennai,1651.1614501741374,5,3,64.13998580904406,2,Semi Furnished,Top,2,1,0,1,0,0,0,14598594.0
Pune,2187.798482152104,3,2,20.735243446991653,0,Semi Furnished,Top,1,1,0,0,1,0,1,18831360.0
Jaipur,1297.9523440838002,3,2,23.406333630186346,1,Fully Furnished,Ground,2,0,1,0,0,0,0,8045147.0
Pune,2517.7657283597973,3,1,1.6879384559540649,0,Unfurnished,Top,3,1,0,0,0,0,1,23024878.0
Jaipur,2496.0472037487266,4,3,9.702888149997502,1,Unfurnished,Top,3,0,0,1,1,0,1,18872401.0
Bangalore,1434.4443306597586,2,1,43.6734453552904,0,Fully Furnished,Mid,2,1,0,1,0,1,0,13895805.0
Chennai,1211.2328679903935,4,1,4.722018868664431,1,Fully Furnished,Ground,2,0,0,2,0,1,1,13341901.0
Ahmedabad,1848.6190231951564,4,2,2.3565394498613017,2,Unfurnished,Ground,3,1,0,2,1,0,1,16493070.0
Hyderabad,1326.237528740571,2,2,9.965319196364797,1,Fully Furnished,Ground,3,1,0,0,0,1,0,11835225.0
Kolkata,921.7223914663318,1,3,39.97336713933044,1,Unfurnished,Ground,3,1,0,2,1,1,1,5541246.0
Chennai,2140.61932676149,2,2,10.00607066349292,1,Fully Furnished,Mid,4,1,0,0,1,1,0,21979636.0
Ahmedabad,2108.2236936385398,2,2,7.783731445763845,1,Fully Furnished,Mid,3,0,0,0,1,0,1,17357338.0
Mumbai,1577.7558018817804,2,2,15.75901227319107,2,Fully Furnished,Mid,2,0,1,1,0,1,0,26193530.0
Jaipur,868.567623135911,3,2,41.44171436395545,1,Fully Furnished,Top,2,1,0,0,1,0,0,5904514.0
Mumbai,885.236874391307,3,1,0.7545244127872871,1,Fully Furnished,Ground,3,1,1,1,1,0,1,18374645.0
Ahmedabad,1553.6146442095765,4,2,2.497825338702744,1,Fully Furnished,Ground,4,0,0,1,0,0,0,13341544.0
Chennai,1250.064482747484,2,2,2.1364944439136093,0,Unfurnished,Mid,5,0,1,0,0,0,0,10975674.0
Jaipur,1329.4535339291958,3,2,1.3379279253125027,1,Fully Furnished,Ground,2,1,1,1,0,0,1,11650331.0
Kolkata,2010.9815775300017,3,3,5.395322486638346,1,Semi Furnished,Top,2,1,0,1,1,0,0,19349901.0
Bangalore,1866.5896587112788,4,4,3.907017104052008,1,Unfurnished,Ground,4,0,0,1,0,0,0,20851103.0
Jaipur,2189.0713402488063,3,1,11.93405429730014,1,Semi Furnished,Top,2,0,0,2,0,0,0,14352576.0
Jaipur,1004.6883883113712,3,1,5.94660133462378,1,Fully Furnished,Ground,2,0,0,1,1,0,1,7495458.0
Chennai,1328.404215656644,4,3,7.793149221906138,2,Unfurnished,Ground,2,1,0,0,0,1,1,12537167.0
Chennai,1879.4908477300564,3,2,42.67473094585883,2,Semi Furnished,Mid,3,0,0,0,0,1,0,13501548.0
Ahmedabad,1724.0391705064458,2,2,2.537922894362444,1,Fully Furnished,Top,3,0,0,1,0,0,1,17191555.0
Delhi,2266.190191293811,3,2,7.376558127252018,1,Unfurnished,Ground,2,0,0,1,0,0,0,26525602.0
Jaipur,1710.2683529520345,4,3,4.4575408361681195,1,Fully Furnished,Ground,4,1,0,1,1,1,1,15458160.0
Hyderabad,2424.054552052776,1,3,11.949840585827491,1,Semi Furnished,Mid,3,0,0,1,0,1,0,18234809.0
Jaipur,1770.0089008615703,3,1,19.99620859408379,2,Unfurnished,Top,5,0,0,0,0,1,0,10012638.0
Ahmedabad,2031.0837237943301,3,1,25.473042942900417,0,Unfurnished,Top,2,1,0,2,0,1,1,13161584.0
Pune,1338.2425266077714,4,2,10.863274747614154,1,Unfurnished,Mid,4,1,0,1,0,1,0,12838350.0
Mumbai,1507.1436059419946,2,2,28.956697066421047,0,Unfurnished,Ground,2,1,0,0,0,1,0,13536673.0
Bangalore,1955.4722019197377,2,2,23.0620276795323,1,Unfurnished,Top,1,0,0,0,0,0,1,17801826.0
Delhi,2306.4890852965273,3,3,2.5618970823825538,0,Semi Furnished,Mid,2,0,0,1,0,1,0,31655517.125
Kolkata,1864.6184746553765,3,2,4.224083756804786,2,Unfurnished,Mid,3,0,0,1,0,1,0,13867193.0
Kolkata,1458.4141140326903,3,2,16.708349784310034,1,Unfurnished,Mid,4,0,0,0,1,0,1,9508057.0
Kolkata,2188.667514764171,3,2,55.210110011072004,2,Fully Furnished,Mid,1,0,0,1,1,1,0,16338773.0
Chennai,404.0106718600596,4,1,7.077191786143328,2,Unfurnished,Mid,4,0,0,2,0,1,1,3343416.0
Kolkata,788.8827492465632,4,4,3.916728564967407,1,Semi Furnished,Ground,3,1,1,1,0,0,1,8043098.0
Bangalore,1840.8171118341945,4,1,30.503197384201275,1,Semi Furnished,Top,1,1,0,2,0,1,1,18433186.0
Mumbai,1507.0541781265624,3,2,3.3398792751272293,0,Semi Furnished,Mid,2,0,0,0,1,0,0,22905591.0
Kolkata,1802.7568255620827,5,1,17.93056231790384,2,Fully Furnished,Ground,1,0,1,1,1,0,0,16308020.0
Jaipur,1532.203761215971,2,2,0.5227397223383492,1,Unfurnished,Ground,3,1,0,0,0,1,0,9553966.0
Jaipur,1785.4728473019363,3,3,0.2874443599275796,0,Semi Furnished,Mid,3,0,0,0,1,0,1,14503444.0
Chennai,1092.7985895034046,3,1,9.01034454693429,1,Unfurnished,Top,2,0,0,1,0,0,1,9561404.0
Bangalore,1785.2430430398454,4,2,16.030274906910794,0,Semi Furnished,Mid,1,0,0,0,1,0,0,18275751.0
Mumbai,1997.207264103792,3,1,2.304864964969039,1,Semi Furnished,Mid,2,0,0,1,1,1,1,29149046.0
Delhi,2110.2753019656166,4,3,21.651382761832334,0,Semi Furnished,Top,3,1,0,1,0,1,1,27294208.0
Ahmedabad,2506.7771473243497,4,2,2.067162027932445,1,Fully Furnished,Mid,1,1,0,1,0,1,0,25575076.0
Mumbai,1622.0492217511933,3,3,11.444142294268222,1,Unfurnished,Ground,4,0,0,0,1,0,0,20097814.0
Ahmedabad,1636.9555434235895,4,2,5.529026634605751,1,Unfurnished,Ground,1,1,0,1,0,1,0,12293558.0
Pune,738.4137679130761,2,3,20.930224980417634,2,Unfurnished,Top,3,0,1,2,0,1,1,7509492.0
Ahmedabad,1234.2942994307875,2,2,24.453547180330343,1,Unfurnished,Top,2,0,1,0,0,0,0,7202229.0
Hyderabad,1403.4589629966936,5,2,1.0256479863403625,1,Semi Furnished,Mid,1,1,1,0,1,1,1,16953513.0
Jaipur,2025.1597761381777,3,3,3.2091259479787007,2,Unfurnished,Ground,2,1,0,2,0,1,0,14524943.0
Bangalore,1194.4994379551854,3,2,33.47408827342294,2,Fully Furnished,Ground,3,0,0,1,1,0,1,12663236.0
Lucknow,1898.1700098744163,3,2,8.057873471744301,1,Fully Furnished,Mid,2,0,0,0,1,1,0,13176848.0
Chennai,1499.18914151831,1,2,9.71503357317159,0,Fully Furnished,Top,3,0,1,1,0,0,0,14671829.0
Hyderabad,1411.415942442619,3,1,2.7592724162391877,1,Unfurnished,Ground,3,0,0,2,1,0,0,11968120.0
Ahmedabad,1624.4469845666283,3,2,79.16242448212417,2,Fully Furnished,Ground,3,0,0,1,1,1,0,11432190.0
Kolkata,1304.4218138735787,2,2,38.468539599018776,1,Semi Furnished,Mid,4,0,0,1,0,0,1,7953602.0
Bangalore,1285.4813759536673,2,1,0.030400850989764496,1,Fully Furnished,Top,2,1,0,0,0,1,1,18751692.0
Hyderabad,647.6070471049428,3,2,12.002124878040945,2,Unfurnished,Mid,5,1,1,0,1,1,0,6043882.0
Chennai,1376.0228963360553,3,3,30.867242014932806,0,Semi Furnished,Ground,3,0,0,1,0,0,0,8899430.0
Jaipur,1260.0159269256367,2,2,8.44583261856711,0,Fully Furnished,Mid,4,0,0,0,0,1,0,8457164.0
Bangalore,1242.0095053254602,3,2,8.612186873008,2,Unfurnished,Mid,2,1,0,1,0,1,1,13253007.0
Chennai,1708.4365312950201,4,3,7.154750728621851,0,Unfurnished,Top,1,1,0,0,0,0,1,16208442.0
Pune,1829.315976395255,3,3,0.4387805176434015,1,Unfurnished,Mid,1,0,0,0,0,0,1,16308217.0
Pune,1616.0972523211638,4,1,23.429968164453662,2,Semi Furnished,Ground,3,1,0,0,0,1,1,14180251.0
Chennai,1997.7075952247374,4,2,9.153756951022935,1,Unfurnished,Ground,4,1,0,1,0,1,1,17641207.0
Hyderabad,1787.7809629151825,2,3,11.359387114242494,1,Fully Furnished,Top,1,0,0,0,0,1,0,17825864.0
Bangalore,1352.471905097179,2,2,4.429366553805554,1,Fully Furnished,Mid,3,1,0,0,0,0,0,18843964.0
Hyderabad,1268.5718571428101,3,2,22.995383943050605,1,Fully Furnished,Top,3,0,0,0,1,0,1,10872652.0
Delhi,1656.4111183834232,3,2,23.679888112660613,1,Unfurnished,Mid,3,0,1,0,1,1,0,19501380.0
Ahmedabad,1786.8835549509504,3,3,12.075293348223877,1,Unfurnished,Top,2,0,0,0,0,0,0,12540684.0
Delhi,2198.9221535157494,3,2,35.2495419997781,1,Fully Furnished,Mid,1,0,0,2,1,0,1,26273612.0
Pune,2095.586522470048,3,3,1.8475089630394677,1,Semi Furnished,Top,1,1,0,0,0,1,1,26085981.0
Jaipur,1229.2634967464155,1,4,23.170678490866603,1,Semi Furnished,Mid,2,1,0,1,1,1,0,7503237.0
Mumbai,1448.9968599363692,5,2,12.266517899011507,0,Semi Furnished,Ground,2,0,0,1,0,1,0,19948575.0
Ahmedabad,1835.508902458885,2,3,3.940221478607255,0,Semi Furnished,Mid,2,0,1,1,0,1,1,15289775.0
Pune,2033.998889029486,4,2,2.12870408389183,1,Unfurnished,Mid,2,1,0,2,0,0,1,21271114.0
Hyderabad,1969.4847343523961,2,2,5.371719131874979,2,Semi Furnished,Mid,3,0,0,1,0,0,0,18345543.0
Hyderabad,1468.0610835843268,2,3,29.102073977723155,1,Fully Furnished,Top,4,0,0,2,0,1,1,12947312.0
Hyderabad,872.9886737857418,2,1,23.240626409015363,0,Unfurnished,Ground,4,0,0,0,0,1,1,5071428.0
Jaipur,1000.5318118772043,5,2,15.540158843598721,0,Unfurnished,Top,2,0,0,2,1,1,1,7117877.0
Delhi,1636.316757159707,1,2,1.4200513989821102,1,Fully Furnished,Ground,1,1,1,1,1,0,0,26941793.0
Mumbai,1671.1127897121728,3,2,46.46004438643598,0,Fully Furnished,Top,5,0,1,0,0,0,1,25248739.0
Hyderabad,950.6603132828076,4,2,5.467153770296161,0,Semi Furnished,Mid,3,0,0,2,1,1,1,9845108.0
Lucknow,1522.2848054446358,3,2,14.009184371008358,1,Unfurnished,Mid,5,0,0,1,0,0,0,7990978.0
Ahmedabad,1815.6121784858915,3,1,24.3760319201921,1,Semi Furnished,Top,3,0,0,1,1,1,1,13188104.0
Bangalore,924.3866712464279,5,2,2.138250526854682,2,Semi Furnished,Mid,4,1,0,1,1,1,1,14892819.0
Lucknow,2052.4986009022073,4,2,15.841774655834296,2,Unfurnished,Top,3,0,0,0,1,0,1,14587143.0
Mumbai,1311.2344257200875,3,2,0.49243530278325653,1,Fully Furnished,Top,3,0,0,0,0,1,1,25357222.0
Jaipur,2128.8065562883257,3,2,1.6102592773980426,1,Unfurnished,Ground,3,0,0,1,1,0,1,15055210.0
Mumbai,1233.2737771120499,5,2,19.263846646785847,1,Fully Furnished,Mid,2,0,0,2,1,1,1,20636319.0
Bangalore,986.6872585579105,5,2,2.52773822822408,0,Fully Furnished,Mid,4,0,0,2,0,1,0,15307337.0
Ahmedabad,1270.9315050791402,3,3,8.791502846262002,1,Semi Furnished,Mid,1,1,0,1,1,0,1,11081910.0
Bangalore,1452.42593846134,4,1,4.281919119294013,0,Semi Furnished,Top,2,1,0,1,1,1,1,21900095.0
Chennai,1305.7600466142596,3,2,8.202739020339486,0,Semi Furnished,Ground,4,1,1,0,1,0,1,12820946.0
Ahmedabad,1391.9992892134433,3,3,1.2054702972836717,0,Unfurnished,Mid,3,0,1,0,1,0,1,9735465.0
Mumbai,1666.9825748380952,2,2,21.091368121800194,2,Unfurnished,Top,1,1,0,2,0,0,0,21304461.0
Hyderabad,1414.4103151018003,2,2,1.23509929749286,2,Fully Furnished,Mid,2,1,0,0,0,0,0,13993561.0
Mumbai,1466.9438030239965,3,2,27.294469333693225,1,Fully Furnished,Ground,2,0,0,0,1,0,1,18984641.0
Mumbai,645.386800398702,3,2,16.29768571808677,0,Unfurnished,Top,2,1,1,1,1,0,1,9385355.0
Ahmedabad,1695.8490080052363,2,2,8.082862458707641,0,Unfurnished,Top,2,0,1,1,1,1,0,13260392.0
Chennai,1455.398351154166,3,4,30.20329512371645,1,Fully Furnished,Top,3,1,0,1,1,0,1,15365724.0
Mumbai,2305.1464902414355,3,2,3.0893430300167597,1,Fully Furnished,Top,3,1,0,0,0,0,0,31655517.125
Lucknow,1030.217416373021,5,2,4.609381013803341,1,Unfurnished,Ground,2,0,0,1,0,0,1,6681432.0
Pune,595.8523357502428,4,3,2.2122583640188265,0,Semi Furnished,Top,3,1,0,2,0,1,0,7657715.0
Kolkata,1809.0342469650209,3,2,7.208537364762219,1,Unfurnished,Top,2,1,0,2,1,1,0,16518516.0
Kolkata,1673.2635091565003,4,2,64.83734181711615,2,Semi Furnished,Top,2,1,0,1,1,0,0,13132550.0
Mumbai,995.7834897344271,3,2,2.6336580677131156,0,Semi Furnished,Ground,3,0,0,1,0,1,0,12978392.0
Lucknow,735.1255224979543,3,2,26.665761552734057,1,Unfurnished,Mid,4,0,0,0,1,0,0,3561514.0
Hyderabad,2268.698365342145,5,3,15.828123554204307,0,Fully Furnished,Mid,4,0,0,0,1,0,0,22652511.0
Jaipur,2207.055195303391,3,1,0.23910762169577549,0,Semi Furnished,Ground,3,1,0,1,1,1,0,15979911.0
Jaipur,400.0,3,3,43.4764138807409,2,Unfurnished,Ground,2,0,0,1,0,0,1,1886428.0
Ahmedabad,1270.8884853717495,2,2,53.15417232269182,1,Semi Furnished,Top,3,1,1,1,0,0,1,8983688.0
Kolkata,2332.0960273919495,2,3,38.834160989230604,1,Semi Furnished,Ground,3,1,0,2,0,1,1,15731132.0
Mumbai,1261.9687211110665,3,1,10.44948844302603,1,Fully Furnished,Mid,1,0,0,1,0,0,1,18514298.0
Jaipur,1254.6938829866735,5,3,3.7341371728775883,2,Semi Furnished,Mid,3,0,0,1,1,0,0,10960477.0
Mumbai,1358.6203361853159,3,1,7.445575735657122,0,Unfurnished,Mid,3,0,1,2,0,0,0,16149312.0
Ahmedabad,939.5515131159203,4,3,14.286214003818063,0,Semi Furnished,Ground,3,0,0,0,0,0,0,6442399.0
Kolkata,647.6121278859779,4,2,7.142411324536134,2,Unfurnished,Ground,3,1,0,0,0,0,1,5335343.0
Bangalore,2026.2736553673744,2,3,18.473842425102745,2,Semi Furnished,Top,4,0,0,1,1,1,1,25275522.0
Pune,578.5315468761621,3,2,23.81335197801309,1,Fully Furnished,Top,3,0,0,0,1,0,0,5265407.0
Pune,1623.635726054378,3,2,3.524312188931221,1,Fully Furnished,Top,4,0,0,0,0,1,1,19706500.0
Jaipur,1943.289746378825,3,2,7.786443675962423,0,Semi Furnished,Top,5,0,1,1,0,0,0,14347037.0
Pune,774.3868505494208,2,2,47.460267333424675,2,Fully Furnished,Top,4,1,1,0,1,0,1,7956721.0
Bangalore,1037.8657987024642,5,2,4.311367609620718,1,Semi Furnished,Ground,4,0,0,0,1,0,1,14100710.0
Mumbai,2106.589594195795,4,3,6.379985925663148,0,Semi Furnished,Mid,4,0,0,1,1,0,0,31655517.125
Ahmedabad,1766.44586011352,3,1,0.544678079145519,1,Fully Furnished,Top,2,1,0,1,0,0,1,17604325.0
Bangalore,1191.3571465605564,3,2,6.060228320362958,0,Fully Furnished,Top,2,1,0,1,0,0,1,16196761.0
Ahmedabad,2101.1245016805856,2,2,6.952724448172922,0,Semi Furnished,Mid,2,0,1,1,1,0,0,14844706.0
Ahmedabad,2103.2678617271513,3,2,1.5776673123268687,0,Unfurnished,Mid,2,1,0,1,1,0,0,15402305.0
Kolkata,1634.5263465078535,4,4,0.021649365428258828,0,Unfurnished,Mid,2,1,0,0,0,0,1,13067392.0
Mumbai,1049.9198860631686,4,2,12.849309695251831,0,Fully Furnished,Mid,4,0,0,1,1,0,1,17561249.0
Lucknow,1293.2756482641023,3,2,5.382872767739963,0,Fully Furnished,Ground,2,1,0,0,0,1,1,9877961.0
Pune,1643.193371977695,3,1,0.2697689238643151,0,Unfurnished,Mid,3,0,0,1,1,1,0,16358953.0
Lucknow,1405.7025854262558,3,2,29.485726600198046,0,Unfurnished,Top,4,1,0,0,1,0,1,7252613.0
Kolkata,1969.4785891174256,3,2,13.170829568948818,0,Semi Furnished,Mid,2,1,0,1,1,1,0,17748946.0
Ahmedabad,735.1129599453319,2,2,2.816073315871934,0,Fully Furnished,Top,1,1,0,2,0,0,1,7269780.0
Jaipur,752.8682354668806,3,1,30.064635117668356,1,Semi Furnished,Ground,4,0,1,2,0,1,1,4187829.0
Pune,1590.4355557412161,3,2,4.387122500513783,1,Semi Furnished,Top,2,1,1,0,1,0,1,20939419.0
Pune,1254.2277930965477,1,2,3.870795333587692,1,Unfurnished,Ground,2,0,0,2,1,0,1,9603776.0
Mumbai,1186.4756926511295,2,1,33.754737247590946,0,Semi Furnished,Top,2,0,0,1,1,1,1,12549024.0
Chennai,615.9716404128014,2,2,2.9668505183807876,2,Fully Furnished,Ground,2,0,0,0,0,0,1,6083261.0
Delhi,1509.772922399091,3,4,31.677709926776906,1,Fully Furnished,Mid,4,0,0,1,0,0,1,18832114.0
Delhi,1473.6224459996172,3,4,24.36624049149222,1,Fully Furnished,Ground,3,1,0,0,1,0,0,17642996.0
Delhi,1826.7394909758705,2,3,5.561119931350673,1,Semi Furnished,Mid,2,1,0,0,1,0,0,24060217.0
Chennai,1534.4530665604861,2,3,0.5250387955663297,0,Semi Furnished,Ground,3,0,0,0,1,1,0,14607987.0
Mumbai,1433.6979608797517,4,2,1.2927356868442876,1,Fully Furnished,Mid,2,0,0,0,0,1,0,26795096.0
Chennai,2088.5003183951685,2,2,1.7400588069235736,1,Unfurnished,Ground,2,0,0,0,0,1,1,16508927.0
Delhi,843.766348275725,3,2,33.21845323049453,1,Unfurnished,Top,3,1,0,2,1,0,1,8862147.0
Kolkata,1768.194609423788,5,2,7.763624693603523,1,Fully Furnished,Top,3,1,1,1,1,1,0,22720325.0
Bangalore,664.4264176023256,3,3,0.4960591715470248,1,Semi Furnished,Top,2,0,1,0,0,1,1,11553843.0
Ahmedabad,1080.8190599995962,3,2,12.197501325465263,1,Semi Furnished,Mid,4,0,0,0,1,1,0,8248913.0
Chennai,893.6714336883431,3,2,3.4977615394267234,0,Semi Furnished,Top,4,0,0,2,0,0,0,8791601.0
Mumbai,1890.971267725959,1,2,4.020663304640865,1,Semi Furnished,Top,4,0,0,1,0,0,1,28376854.0
Mumbai,1467.294883202303,3,2,2.630339323899144,0,Fully Furnished,Ground,3,0,0,1,0,0,1,23027104.0
Lucknow,1493.2483777035116,3,2,21.533621812842398,0,Semi Furnished,Top,2,0,0,0,1,0,0,7875228.0
Bangalore,946.6335061352745,2,2,0.009196225521876426,1,Fully Furnished,Mid,3,0,0,1,1,1,0,14486509.0
Jaipur,1350.1532520335554,3,4,8.670092182649752,0,Fully Furnished,Mid,2,0,0,1,0,0,1,10748229.0
Pune,1118.2673483454441,4,2,1.3631744723819206,2,Semi Furnished,Ground,2,1,0,2,0,1,1,13214113.0
Delhi,1691.727507427108,2,2,12.05697838954477,1,Unfurnished,Mid,4,1,0,1,1,0,0,18579424.0
Jaipur,1004.4544323341931,3,2,6.369543367143091,1,Semi Furnished,Mid,4,1,0,1,0,0,0,6572139.0
Lucknow,2164.897182602538,3,2,0.4314187285764493,0,Unfurnished,Ground,1,0,0,1,0,0,0,12096029.0
Delhi,662.2097751879528,4,2,9.269878508973099,0,Unfurnished,Top,2,1,0,2,1,1,1,9956993.0
Bangalore,1096.7400837717194,4,2,12.679989316301976,1,Fully Furnished,Ground,3,1,1,0,0,1,1,15635177.0
Lucknow,2338.600254983048,4,2,4.268384948266769,1,Unfurnished,Ground,4,0,0,2,1,0,1,15276195.0
Delhi,1282.4306260189828,3,1,21.7552563924196,0,Unfurnished,Top,3,0,1,1,1,0,1,14798295.0
Bangalore,842.560667797794,2,2,6.9555233155791365,2,Fully Furnished,Ground,4,1,0,1,0,0,0,11487442.0
Hyderabad,1609.5357812688344,3,2,20.755257421564146,1,Semi Furnished,Mid,4,1,0,1,0,1,0,12602159.0
Jaipur,1262.3038788927288,3,3,12.977397105954811,1,Unfurnished,Ground,3,1,0,1,0,0,0,7593825.0
Jaipur,1082.0648721908472,3,1,30.517374612588686,2,Semi Furnished,Top,3,0,1,0,0,0,0,6354993.0
Pune,952.0645946006413,5,1,11.875457144368786,0,Fully Furnished,Top,3,0,0,1,1,1,1,12081690.0
Bangalore,2858.437593116735,3,3,3.0800553654462792,1,Unfurnished,Ground,3,0,0,1,0,1,0,30458616.0
Chennai,1374.2240499079319,3,1,25.93947859014216,2,Fully Furnished,Top,3,0,0,1,0,1,0,13265133.0
Hyderabad,537.2163198335614,3,1,22.920305727582043,0,Fully Furnished,Ground,3,0,0,0,0,0,0,3677662.0
Kolkata,2246.8548795027673,2,2,53.82509806402708,2,Fully Furnished,Mid,3,0,0,2,1,1,1,18437263.0
Delhi,1805.5354525552852,3,3,1.4738193215914193,1,Unfurnished,Mid,3,0,0,1,1,0,0,24446454.0
Hyderabad,1116.7667844901061,3,3,13.419082075960617,2,Fully Furnished,Top,3,0,0,1,0,1,0,11974302.0
Bangalore,1033.440455656929,5,2,10.149336557947011,1,Semi Furnished,Top,2,1,0,1,0,0,0,14258692.0
Ahmedabad,1836.7363980791154,3,3,16.669633454946652,2,Fully Furnished,Ground,3,0,0,0,0,0,1,14618010.0
Delhi,1376.5408362552728,5,2,58.81584130958865,1,Unfurnished,Mid,2,1,0,1,1,0,1,15819446.0
Mumbai,537.0110907774493,3,3,11.398027702184732,1,Unfurnished,Top,2,0,0,1,0,1,0,7325040.0
Jaipur,2393.6199823023344,2,1,17.3629539978288,2,Unfurnished,Mid,4,0,0,1,0,1,1,14195496.0
Bangalore,1283.0047688920215,2,3,6.397576042218759,1,Semi Furnished,Ground,2,0,0,1,1,1,0,15570732.0
Mumbai,2247.7858682412134,2,2,5.3280793876205745,0,Unfurnished,Mid,3,1,0,2,1,0,1,31655517.125
Pune,2139.2174789828578,3,2,6.126214518474537,0,Semi Furnished,Ground,3,0,0,0,1,1,0,20660893.0
Lucknow,999.4952277585928,1,2,0.5905940111867645,1,Fully Furnished,Top,3,0,1,0,0,0,0,7675412.0
Kolkata,2016.5949321815738,3,3,5.026651025571161,1,Semi Furnished,Top,2,1,0,0,1,0,1,21124074.0
Kolkata,1174.2787250681595,5,3,2.8482864899299893,2,Fully Furnished,Top,2,0,1,0,0,0,1,16465881.0
Mumbai,566.6497065980291,3,2,9.171516694730085,1,Fully Furnished,Top,2,1,0,2,1,0,0,11865403.0
Jaipur,1287.7009169889288,4,3,9.265719713259188,1,Fully Furnished,Ground,1,1,0,0,0,0,1,10705868.0
Pune,1698.8187508881394,2,2,21.737223729244416,1,Unfurnished,Ground,2,1,0,1,1,1,0,13139814.0
Ahmedabad,1268.631676001831,3,3,10.466115177720072,0,Semi Furnished,Top,3,1,0,2,1,0,0,11523084.0
Jaipur,1346.4758295374493,2,2,9.328636943687664,1,Unfurnished,Top,2,0,0,1,1,1,1,9310685.0
Hyderabad,2071.7830224643067,4,2,3.9521863629932867,0,Unfurnished,Mid,5,0,0,0,0,1,1,16883014.0
Kolkata,1553.2469901450459,2,2,28.70687381913007,0,Semi Furnished,Ground,3,0,0,2,0,0,0,8904293.0
Hyderabad,1078.3508443575238,3,2,1.4311677173697128,1,Fully Furnished,Mid,3,1,0,1,0,0,1,11963290.0
Delhi,1851.0151618336633,3,3,60.50944047166464,0,Semi Furnished,Ground,3,1,0,2,1,0,0,19578397.0
Chennai,1598.8377834771227,3,3,9.696100901370134,0,Unfurnished,Ground,3,1,0,1,1,0,1,13210590.0
Bangalore,400.0,4,3,3.086684131417614,1,Semi Furnished,Top,3,1,1,2,1,0,1,6927000.0
Pune,1714.1764568857243,2,2,6.5619559568094905,1,Fully Furnished,Top,4,0,0,2,1,0,0,22201048.0
Jaipur,1695.9143538580508,3,3,0.23234292685513502,1,Unfurnished,Mid,3,0,0,0,0,0,0,12320372.0
Kolkata,1510.06056479043,4,2,2.7322318024414303,2,Semi Furnished,Top,3,0,0,1,0,1,0,16309132.0
Hyderabad,1945.8502905347875,3,3,6.127190631297331,1,Fully Furnished,Top,5,0,0,1,1,1,1,24063541.0
Lucknow,1163.803207836749,3,2,12.125518184999562,1,Unfurnished,Top,3,1,0,0,1,0,0,7441701.0
Delhi,1668.2498944104505,1,2,2.0799827251944105,1,Unfurnished,Ground,2,0,0,1,1,0,0,18801579.0
Bangalore,716.5203144163236,4,3,16.9034772933066,1,Fully Furnished,Top,1,1,0,0,0,0,1,9179096.0
Bangalore,1703.545191699416,5,3,27.895098239508002,0,Semi Furnished,Top,2,1,0,1,1,1,1,20087155.0
Jaipur,2476.529847769948,3,2,12.74138821184713,1,Fully Furnished,Ground,4,1,0,0,1,1,1,20675794.0
Pune,1002.5718237662295,4,2,5.283873121922999,0,Unfurnished,Mid,1,1,1,2,1,1,1,12349228.0
Ahmedabad,1120.0989340061124,3,2,1.9412521881500517,0,Fully Furnished,Top,2,1,0,1,1,0,1,10632932.0
Lucknow,1144.992278554224,2,2,0.23485494830840353,1,Unfurnished,Top,4,1,1,2,0,0,1,8800770.0
Jaipur,1564.9991129007976,1,3,19.740465103474417,1,Fully Furnished,Ground,2,0,0,0,1,1,1,9717878.0
Hyderabad,968.4818635731409,3,3,14.852263202941094,1,Semi Furnished,Top,2,1,0,1,0,1,0,9475997.0
Chennai,1710.62368934549,3,1,9.702068882796233,1,Fully Furnished,Top,4,0,1,2,1,0,0,21640996.0
Mumbai,1923.4199727345826,4,2,1.613703865619208,1,Unfurnished,Ground,3,0,0,0,0,0,1,24569664.0
Ahmedabad,1767.173606726892,3,3,3.47945718424054,1,Semi Furnished,Mid,3,1,0,1,0,0,1,16948466.0
Pune,615.7922871809637,5,1,25.324968887680257,0,Unfurnished,Ground,2,0,0,0,1,1,0,4174282.0
Delhi,1997.5838325793031,3,2,9.804613046567777,1,Semi Furnished,Top,3,0,1,2,0,0,1,31417983.0
Ahmedabad,1968.6837071268399,3,3,49.38495346746295,0,Unfurnished,Mid,4,0,0,1,1,0,0,10778800.0
Kolkata,1915.0806861731521,2,3,80.0,1,Unfurnished,Ground,4,0,0,1,0,0,0,10453612.0
Pune,1686.4211243279126,3,2,24.194697140700658,1,Unfurnished,Top,3,1,0,0,1,0,1,14442573.0
Chennai,1610.0946571025663,4,1,4.4798027871181185,0,Semi Furnished,Top,2,0,0,2,1,0,1,17618301.0
Kolkata,2016.1946990631984,1,1,3.9422072450242416,1,Unfurnished,Mid,4,0,0,0,1,1,1,12624739.0
Ahmedabad,2461.756743801727,5,2,4.388094176720881,2,Fully Furnished,Mid,3,1,0,0,1,0,0,24944074.0
Mumbai,1023.479768317575,5,1,64.89613042675738,1,Unfurnished,Top,4,0,1,0,0,0,1,13719860.0
Mumbai,2039.062697897386,3,1,6.1272054980509,1,Unfurnished,Mid,2,0,0,2,0,0,0,25083408.0
Chennai,1456.8914509962735,3,3,18.385443052738317,1,Semi Furnished,Top,3,0,0,1,0,0,0,12814976.0
Bangalore,1435.1634739856997,2,3,47.91922878318302,2,Unfurnished,Mid,4,0,0,1,1,1,0,11400301.0
Lucknow,731.7346548089808,2,3,25.688359683090024,0,Unfurnished,Ground,2,0,0,0,1,1,0,3205718.0
Delhi,1357.6052952423024,2,1,13.654771894077896,1,Unfurnished,Ground,5,1,0,1,1,1,1,14168940.0
Bangalore,1001.3675210157924,3,2,2.7762599764642975,1,Unfurnished,Mid,2,0,0,0,1,1,1,11369632.0
Mumbai,1268.0727852470272,2,3,2.8844556077041386,2,Unfurnished,Mid,3,0,0,2,0,1,1,18535733.0
Mumbai,950.9068081109251,3,3,10.171605360289421,1,Fully Furnished,Top,4,1,0,0,1,1,0,18938421.0
Hyderabad,1275.545806343497,3,3,45.530979002436844,0,Fully Furnished,Top,2,0,0,2,1,0,1,11640344.0
Kolkata,1296.9448214882984,2,4,35.228445308881064,2,Semi Furnished,Top,3,0,0,1,0,1,0,9339837.0
Ahmedabad,1548.3774592194002,3,3,2.7262827819281976,0,Semi Furnished,Ground,2,0,1,1,1,1,0,12620489.0
Delhi,692.6250688543345,5,2,5.089257421915476,0,Fully Furnished,Ground,3,0,0,2,1,0,1,11210142.0
Chennai,777.2409261273383,3,2,13.330546253928677,1,Semi Furnished,Ground,4,0,0,1,1,0,1,7296481.0
Ahmedabad,1680.9571353652632,3,2,9.73495912214759,1,Fully Furnished,Mid,1,1,0,0,1,0,1,14516637.0
Hyderabad,1101.2809414649505,4,2,1.906643299133313,2,Fully Furnished,Ground,1,0,0,1,0,0,1,12953953.0
Mumbai,2037.2648951149656,3,2,6.914045409748271,1,Semi Furnished,Mid,4,1,0,1,1,0,1,31655517.125
Chennai,1612.6348610075233,4,3,46.421481953771405,1,Semi Furnished,Mid,4,1,0,0,1,0,1,12983173.0
Mumbai,1803.3810751032038,2,1,45.37501421435309,0,Unfurnished,Mid,4,1,1,1,1,1,1,19006569.0
Delhi,2205.346160210447,4,3,12.295148801303935,1,Fully Furnished,Ground,3,1,0,0,1,1,1,31655517.125
Kolkata,1345.1445940967137,3,1,15.128611275090162,1,Fully Furnished,Ground,3,0,0,2,0,0,1,10426859.0
Ahmedabad,1212.7566472918622,4,2,3.763624506566801,0,Fully Furnished,Mid,5,1,0,1,0,0,1,11351238.0
Ahmedabad,1935.8512927994068,2,3,20.319187198762048,2,Semi Furnished,Ground,3,0,0,0,1,0,1,12141192.0
Bangalore,1754.756781964843,4,1,0.8088647685240165,0,Fully Furnished,Mid,4,0,0,1,0,0,1,23669305.0
Chennai,1406.3348450893495,5,2,3.7400451329186852,1,Fully Furnished,Mid,1,0,0,0,0,0,1,15842398.0
Lucknow,2195.7289834779713,2,2,0.08851597124543466,2,Semi Furnished,Ground,3,1,0,1,1,0,0,15690922.0
Hyderabad,1393.8778450800346,5,3,7.3091087984501115,0,Fully Furnished,Mid,2,1,1,2,0,1,0,18287630.0
Lucknow,1516.3868187778908,2,3,28.482942411519566,0,Fully Furnished,Ground,3,0,1,1,1,0,0,8194581.0
Bangalore,1510.6113254171291,2,3,60.68886880700829,1,Unfurnished,Ground,2,0,0,0,1,0,0,10837452.0
Delhi,1032.7030525507644,3,3,16.52828349213152,0,Unfurnished,Mid,2,0,0,1,0,0,0,9924725.0
Hyderabad,1538.7926947431954,5,3,20.489536022818648,1,Unfurnished,Top,1,0,1,1,0,0,1,15053824.0
Kolkata,2198.380088699246,3,2,4.572414887715527,1,Fully Furnished,Ground,3,0,1,0,1,0,1,22438191.0
Lucknow,1722.4841576880879,3,2,11.019937902420162,2,Unfurnished,Mid,3,0,0,0,1,0,0,9903385.0
Kolkata,1515.5317131994657,3,2,20.009963788860723,2,Semi Furnished,Top,2,1,1,0,1,1,0,13866382.0
Lucknow,1419.1163594171655,5,2,10.315704315760149,2,Unfurnished,Top,4,0,0,2,0,1,0,10099986.0
Kolkata,1665.4335142031755,4,3,1.3907187391281892,0,Semi Furnished,Top,1,0,0,2,0,1,0,17269454.0
Lucknow,1874.8833142445926,2,2,20.256045059841703,0,Semi Furnished,Mid,4,0,0,2,1,0,0,10347118.0
Kolkata,1804.6194154448765,3,1,3.7185456484571917,0,Semi Furnished,Mid,2,1,1,0,1,1,1,18182181.0
Bangalore,1334.0675690890105,2,2,1.5420845810174018,1,Fully Furnished,Top,2,1,0,1,1,1,1,22876134.0
Pune,1662.3907970550572,3,2,9.752980655060256,0,Semi Furnished,Mid,2,0,1,1,1,0,0,17821553.0
Hyderabad,1739.9698705741393,2,3,1.1630851822917692,2,Fully Furnished,Ground,4,1,0,2,0,1,0,17256619.0
Chennai,996.4025062365108,2,2,14.89124699805523,1,Semi Furnished,Top,4,0,0,1,0,0,0,8780027.0
Delhi,1584.115270591847,4,3,15.344500448388898,1,Fully Furnished,Top,1,0,0,1,1,0,1,27891513.0
Jaipur,419.34805684881894,3,1,4.449873027187155,1,Semi Furnished,Top,2,0,0,1,0,1,1,3334537.0
Mumbai,1741.2668549105924,3,4,50.08789021916069,1,Semi Furnished,Top,3,1,0,0,1,0,0,23451009.0
Chennai,1830.1715272813408,3,1,26.09760622685931,0,Fully Furnished,Mid,2,1,1,0,0,0,0,14432171.0
Mumbai,1873.7730628932297,2,2,1.7410474749893106,0,Unfurnished,Top,4,0,0,1,1,0,0,25563978.0
Hyderabad,1302.4765739152162,3,3,20.70540765961694,1,Semi Furnished,Top,4,1,1,1,0,1,1,11860464.0
Chennai,1654.5234175120174,3,1,6.532866419174085,1,Semi Furnished,Top,4,1,0,0,1,0,0,16327520.0
Kolkata,2211.9769227705833,4,1,20.811736712797313,0,Unfurnished,Top,2,1,1,1,1,0,1,17042915.0
Kolkata,2206.8848241456294,3,1,24.20129687047752,2,Semi Furnished,Ground,2,0,1,1,0,0,0,15114615.0
Jaipur,1485.4136503867196,3,2,2.462122313362721,2,Fully Furnished,Top,4,0,0,0,0,0,0,13286502.0
Mumbai,1569.65981536478,4,3,16.263629883957645,0,Fully Furnished,Mid,3,0,0,0,0,0,0,23533530.0
Delhi,2055.4555723672165,4,2,29.787078028299945,1,Semi Furnished,Ground,3,0,0,2,0,0,1,20736659.0
Hyderabad,749.5989923689126,4,2,5.859540604787911,1,Semi Furnished,Ground,3,1,0,0,0,1,1,7419849.0
Kolkata,1338.4621286614877,5,2,1.2560778749493509,0,Fully Furnished,Top,2,0,0,0,1,1,0,17479277.0
Pune,2167.7852277683783,4,1,0.4146920533504614,2,Unfurnished,Mid,4,0,0,0,1,0,1,22887212.0
Bangalore,1987.600270842383,3,1,1.748023430309724,2,Semi Furnished,Ground,5,1,0,1,0,1,1,26713224.0
Bangalore,1684.6318888249523,4,3,0.0632218657354243,1,Fully Furnished,Ground,2,1,0,1,1,1,1,28318785.0
Lucknow,747.0837973346897,3,1,5.938944438361788,2,Unfurnished,Mid,2,0,0,2,0,0,0,4450876.0
Delhi,1475.044883479419,2,4,5.335743653777459,1,Semi Furnished,Ground,1,0,0,1,1,1,1,20321122.0
Bangalore,1205.0423018750334,3,2,1.753760049454275,1,Semi Furnished,Top,2,0,0,1,1,0,1,17053702.0
Lucknow,1665.5194514086068,2,3,15.79531760160306,1,Unfurnished,Ground,2,0,0,0,0,1,1,8361457.0
Mumbai,1095.3266576025599,2,3,72.25014665975841,0,Semi Furnished,Top,1,1,0,0,1,1,0,13890154.0
Kolkata,987.1383025126963,2,2,34.67838630822741,0,Semi Furnished,Mid,1,0,0,2,1,1,1,6290976.0
Kolkata,467.5673611581792,2,3,4.3723517012162585,1,Fully Furnished,Mid,3,0,1,1,1,0,1,5251294.0
Pune,2110.9023424883508,4,2,22.043941749027987,1,Unfurnished,Ground,3,0,0,0,0,0,1,14656748.0
Chennai,1300.1147442784713,4,2,41.43678720766497,1,Semi Furnished,Mid,5,1,0,2,0,0,1,10067817.0
Bangalore,1578.5728918512673,3,2,35.52514328440424,1,Fully Furnished,Top,2,1,0,2,1,0,1,19495546.0
Mumbai,1498.8809417629095,4,3,32.38370395356435,0,Semi Furnished,Top,3,0,0,1,0,0,1,17376147.0
Ahmedabad,966.2830335197503,2,2,23.15830020141203,1,Fully Furnished,Top,3,0,0,0,0,1,0,6416299.0
Bangalore,870.4675442759034,4,2,5.20068835107337,1,Semi Furnished,Ground,3,1,0,0,1,0,0,10977647.0
Delhi,997.3424370013822,3,4,1.3089303912598544,0,Semi Furnished,Top,3,0,0,1,1,1,0,17379682.0
Chennai,1138.4157805853035,2,2,10.03616834547763,2,Semi Furnished,Top,2,0,0,2,0,0,0,10877639.0
Bangalore,1683.3031235069025,2,2,0.8452403109746657,1,Semi Furnished,Mid,2,0,0,2,1,0,0,19991791.0
Mumbai,1102.1411682396943,3,4,80.0,0,Semi Furnished,Ground,2,0,0,2,1,0,0,12534278.0
Bangalore,2373.245315797311,1,2,6.654741960692081,1,Unfurnished,Mid,2,0,0,2,0,0,0,22854818.0
Delhi,2013.5755179465755,3,2,47.67317826256881,1,Unfurnished,Top,3,0,0,2,1,0,0,18068772.0
Ahmedabad,1904.179774832854,2,3,22.250076113499535,1,Unfurnished,Top,2,1,0,2,0,1,1,12611272.0
Hyderabad,1440.170548763425,2,2,7.947347947199232,2,Fully Furnished,Mid,2,0,1,2,1,1,1,16247604.0
Jaipur,2257.140367860242,2,2,1.8887454144449112,1,Unfurnished,Mid,2,0,0,0,0,1,0,15230436.0
Ahmedabad,1390.997184439438,5,2,4.061255205267251,2,Semi Furnished,Mid,1,1,0,0,1,1,1,13562799.0
Lucknow,1484.3692929228769,2,3,16.76897153815195,2,Semi Furnished,Top,2,1,0,0,1,0,1,9275619.0
Bangalore,1584.9872698746346,2,1,26.573636369370604,0,Unfurnished,Mid,3,1,0,0,1,1,0,12155363.0
Kolkata,1850.911520271672,3,2,58.26647640657004,0,Fully Furnished,Ground,2,1,0,0,1,1,0,12377816.0
Pune,1818.4540395014928,4,2,2.126256445831413,1,Semi Furnished,Ground,5,0,0,2,1,0,1,19605424.0
Kolkata,1262.4373607776984,3,2,2.5431059902124096,1,Fully Furnished,Mid,2,1,0,2,0,0,1,13123463.0
Ahmedabad,1233.5031402870231,4,3,0.6504952530285244,2,Semi Furnished,Ground,1,0,0,0,1,0,0,11445700.0
Kolkata,1819.9514785760423,3,2,4.523967242732182,1,Fully Furnished,Ground,1,0,1,1,1,0,1,18947876.0
Mumbai,1857.6182919456164,2,2,25.811194458997345,1,Fully Furnished,Ground,3,0,0,2,1,0,0,23326855.0
Kolkata,1303.3244375885636,3,2,3.3145048897669156,1,Fully Furnished,Mid,3,1,0,0,0,1,0,13415901.0
Chennai,706.405965160773,3,2,11.906608770197709,1,Semi Furnished,Ground,4,0,0,2,1,0,1,6350641.0
Hyderabad,1396.3419519958777,3,2,8.869888154125658,1,Semi Furnished,Ground,1,0,0,0,1,1,1,11512868.0
Bangalore,1811.7628994129293,3,2,5.914011009186375,0,Unfurnished,Top,2,0,0,1,1,1,0,21052934.0
Kolkata,2402.7084232098905,2,1,14.448628849633561,1,Fully Furnished,Mid,4,1,0,2,0,0,0,19484814.0
Delhi,901.0210188296691,3,2,10.467144172182806,1,Fully Furnished,Top,4,0,0,0,1,1,1,15140579.0
Hyderabad,1286.7143735847133,3,3,6.114182574407726,1,Semi Furnished,Top,2,1,0,1,0,1,1,14152314.0
Hyderabad,1305.2982192373117,3,2,17.51224518965939,0,Fully Furnished,Mid,4,1,0,1,1,1,1,13977331.0
Kolkata,2177.9026697157506,3,2,4.926898332521479,0,Fully Furnished,Ground,3,0,0,2,1,1,0,20272854.0
Hyderabad,1482.5292497706837,3,4,15.457997789479009,1,Semi Furnished,Top,2,1,0,1,0,0,1,14728150.0
Pune,1046.3367203138673,2,1,47.284341619321815,2,Semi Furnished,Ground,1,0,0,2,1,0,1,7908692.0
Kolkata,1779.3476414609095,4,2,19.58188912812093,2,Semi Furnished,Ground,3,1,0,0,0,0,1,12854946.0
Mumbai,1297.6807399795268,3,3,8.129573934061774,1,Semi Furnished,Ground,3,0,0,1,0,1,0,18808672.0
Ahmedabad,887.8063633210228,2,1,20.648684899858864,2,Semi Furnished,Mid,2,1,0,0,1,1,1,6155732.0
Chennai,1053.6133463619246,5,3,24.85123064411221,0,Semi Furnished,Top,2,1,0,2,0,1,1,11566633.0
Jaipur,2367.0209772113094,3,4,5.914327503437577,2,Fully Furnished,Top,1,0,0,0,1,0,1,23551378.0
Lucknow,1692.104610824731,3,1,18.318423176715672,1,Semi Furnished,Mid,4,0,0,2,1,0,1,10487294.0
Hyderabad,1553.8800277262715,2,3,8.547921584265872,1,Unfurnished,Ground,1,1,0,1,1,1,0,12159577.0
Mumbai,1375.053132093977,3,2,25.59935249274147,0,Fully Furnished,Ground,3,0,0,0,0,1,1,16281787.0
Bangalore,1646.0744210593994,2,1,5.2513982346908525,2,Unfurnished,Ground,4,1,0,1,0,0,1,16535691.0
Bangalore,1640.1179730012473,3,2,41.651281461930814,1,Semi Furnished,Mid,4,1,0,0,1,0,1,16812768.0
Lucknow,1646.084414103663,3,1,12.82747367390832,0,Semi Furnished,Top,3,1,0,2,0,1,1,11614500.0
Chennai,1557.4225451388766,3,2,6.538168423821525,1,Fully Furnished,Top,3,1,1,1,0,1,1,21972747.0
Hyderabad,1934.3991691527747,2,1,8.154656146561933,0,Semi Furnished,Mid,3,0,0,0,0,0,0,14826337.0
Pune,1511.5521730003654,4,3,6.4110283419361265,1,Fully Furnished,Top,3,1,1,1,0,0,1,21716117.0
Lucknow,1011.0305822236807,3,2,2.3716886442685055,1,Fully Furnished,Top,2,0,0,1,1,0,0,8453754.0
Chennai,1193.788554549566,3,2,1.0642639012329838,1,Semi Furnished,Mid,3,0,0,1,0,0,1,12110172.0
Hyderabad,510.4906532551439,4,2,5.824224539260656,2,Fully Furnished,Top,1,0,1,2,1,1,1,7008120.0
Mumbai,2513.4085580211963,3,2,9.206459492114186,2,Fully Furnished,Ground,3,0,0,0,0,1,1,31655517.125
Ahmedabad,1931.3772959763432,3,2,6.736951620148034,0,Fully Furnished,Ground,3,0,0,0,1,1,0,14708125.0
Pune,1084.9647524353816,3,3,0.21025932643742526,0,Semi Furnished,Mid,3,1,0,1,1,1,0,13045654.0
Jaipur,1359.07757530145,3,2,12.977059221021683,1,Fully Furnished,Ground,3,1,0,1,0,1,0,10607139.0
Bangalore,1181.5617628967834,3,2,2.3465878451335143,0,Unfurnished,Ground,4,0,0,2,1,1,1,13318037.0
Delhi,2271.2736056870585,3,2,3.554934725262067,2,Fully Furnished,Ground,3,1,0,0,0,1,1,31655517.125
Mumbai,790.0614178645355,3,3,1.9302651092871352,1,Fully Furnished,Top,2,1,0,0,1,1,0,16143385.0
Bangalore,1557.2380294093896,3,2,11.023066538809548,1,Semi Furnished,Top,3,0,0,2,0,0,0,19109078.0
Kolkata,1445.736078717576,2,2,1.4999454673738868,0,Fully Furnished,Ground,2,0,1,0,0,0,0,12937812.0
Delhi,1913.419315354557,3,3,4.442917996554201,1,Semi Furnished,Ground,2,0,1,1,1,0,0,31655517.125
Bangalore,1447.9953861376525,2,2,9.014228940902715,2,Fully Furnished,Mid,3,0,1,0,1,1,0,21404378.0
Chennai,620.8955616722824,3,3,2.753595025962995,1,Unfurnished,Ground,2,0,0,2,1,1,0,5815306.0
Pune,1374.4410826787796,3,3,8.865395371634232,2,Semi Furnished,Mid,4,0,1,2,1,0,1,17389289.0
Bangalore,1013.9188910283375,3,2,6.295022768102927,0,Unfurnished,Ground,3,0,0,2,0,0,0,11078515.0
Jaipur,1539.7897732782803,4,3,29.55581298654111,0,Fully Furnished,Top,2,1,0,1,1,1,0,11312638.0
Ahmedabad,2217.0885182601633,2,3,23.764099166147265,2,Unfurnished,Mid,2,0,0,0,0,1,1,13264759.0
Chennai,630.2873778838609,4,2,74.11926257944727,1,Fully Furnished,Ground,2,0,0,0,0,1,0,5118442.0
Mumbai,1099.8886323000481,3,1,11.29064698579753,0,Fully Furnished,Mid,2,1,0,0,0,1,1,16868459.0
Mumbai,1223.6535231082514,3,2,12.849013269087237,1,Fully Furnished,Ground,4,0,0,1,1,0,1,18911491.0
Mumbai,1309.1844522933943,3,2,43.962052211284565,1,Fully Furnished,Top,2,1,0,1,0,1,0,16904426.0
Mumbai,1870.062832052622,4,2,7.652193186460216,1,Fully Furnished,Mid,3,1,0,1,0,1,0,31655517.125
Ahmedabad,1413.2277912193063,3,2,12.16824445915569,2,Fully Furnished,Mid,4,0,1,1,0,0,1,13194289.0
Bangalore,1707.9013628602227,3,2,7.148428212041347,0,Semi Furnished,Top,3,0,0,1,0,1,1,21504702.0
Hyderabad,1187.1134781341118,4,3,11.840269691947643,1,Fully Furnished,Ground,2,0,0,2,1,0,1,11984818.0
Bangalore,1614.9621727089689,4,3,1.2632255244820734,1,Fully Furnished,Top,4,1,0,0,0,0,1,29752384.0
Kolkata,1888.8988154388576,1,1,22.97286080723933,1,Fully Furnished,Top,3,1,0,2,0,0,1,13602861.0
Pune,1133.8502251314558,4,2,63.27816891436965,1,Unfurnished,Mid,3,1,0,0,0,0,1,7687799.0
Delhi,1890.6790599032574,4,2,1.020014064875957,1,Unfurnished,Ground,4,1,0,0,1,1,0,25358439.0
Hyderabad,1526.1863843637843,3,2,24.219751853919508,0,Semi Furnished,Mid,3,0,0,2,1,1,0,11461033.0
Hyderabad,2022.7301202411263,4,3,4.150831306624499,1,Unfurnished,Mid,2,1,0,0,1,1,1,18609868.0
Bangalore,1399.2900499615132,5,1,3.301230885958861,0,Semi Furnished,Mid,3,1,0,0,1,0,1,19071096.0
Hyderabad,1690.6223275810494,3,2,17.731721532704682,0,Fully Furnished,Mid,2,1,0,2,0,0,0,14748725.0
Lucknow,1479.696884160735,2,2,0.6770356621526884,1,Fully Furnished,Top,4,0,0,1,0,1,1,12391436.0
Lucknow,1451.8938689797105,3,2,9.333044934924953,0,Semi Furnished,Ground,4,0,0,2,0,0,0,8503780.0
Kolkata,1629.465214112845,1,2,0.021682652428777045,1,Semi Furnished,Top,3,0,0,0,0,0,1,14000176.0
Delhi,1768.403734612452,2,2,12.124802846328707,0,Semi Furnished,Mid,2,0,0,1,1,0,0,20531377.0
Jaipur,875.2175440379974,3,1,9.300727936509213,1,Fully Furnished,Mid,3,0,0,0,1,1,0,6520471.0
Ahmedabad,2216.816804408939,3,1,37.0619689155332,2,Unfurnished,Mid,3,0,1,1,1,0,0,12836829.0
Bangalore,570.1684797251007,3,1,19.109058434861716,0,Fully Furnished,Top,2,0,0,0,1,0,0,6506355.0
Ahmedabad,1157.5939451305521,4,2,2.020229474968815,1,Semi Furnished,Top,2,1,0,0,0,1,1,11428154.0
Jaipur,1452.8654646175496,3,3,6.5668796359046,1,Fully Furnished,Ground,2,0,0,1,0,1,1,11162503.0
Bangalore,1706.1779845429742,4,2,40.23130099730708,0,Fully Furnished,Ground,3,0,0,1,1,1,0,17544859.0
Bangalore,2288.0862638706894,2,1,19.38300001682559,1,Fully Furnished,Mid,3,1,0,1,0,1,1,26324563.0
Delhi,570.8542558874464,4,3,13.53119958284485,0,Unfurnished,Top,5,1,1,0,0,0,0,8244747.0
Ahmedabad,1246.1529358051448,4,3,12.28309131148043,0,Unfurnished,Top,2,1,0,0,1,1,1,9787705.0
Lucknow,436.5832561003674,3,1,7.614921187598244,2,Fully Furnished,Mid,2,1,0,0,1,1,1,3752474.0
Mumbai,1515.8109869551238,2,2,13.199434932538756,0,Fully Furnished,Mid,2,1,0,0,1,0,1,22770761.0
Ahmedabad,1635.8417922500153,3,2,22.154083013143275,1,Semi Furnished,Mid,4,1,0,0,0,1,1,9157772.0
Pune,2295.3978710856263,4,1,2.046537118623937,0,Fully Furnished,Mid,2,1,0,1,0,1,0,28446113.0
Pune,1560.3173804467272,4,2,52.513926412476835,0,Unfurnished,Top,4,1,0,0,1,1,1,12399259.0
Bangalore,2022.0125647211898,3,4,4.104022442043636,0,Unfurnished,Mid,4,0,0,2,0,0,0,23190780.0
Mumbai,1791.9185407695295,3,3,8.906117767590404,1,Fully Furnished,Ground,1,0,0,0,0,1,0,28903323.0
Chennai,1282.3759014974157,2,4,0.34466398996003117,1,Unfurnished,Mid,2,1,0,1,1,0,0,13584044.0
Jaipur,795.5196266039803,3,2,11.98915064277361,1,Unfurnished,Mid,2,0,0,1,0,0,0,5382301.0
Kolkata,1637.5011491459054,5,3,7.215770808399271,1,Unfurnished,Mid,2,1,0,1,0,1,0,13903023.0
Mumbai,753.9489914273181,2,2,4.310349326708911,1,Fully Furnished,Ground,3,0,0,1,0,1,1,12774789.0
Kolkata,2147.603536334822,4,1,63.52921057024478,2,Semi Furnished,Top,3,1,1,1,0,1,1,18144103.0
Ahmedabad,1418.968948981588,4,3,8.382946064616112,2,Unfurnished,Ground,4,0,0,1,1,0,0,9873490.0
Ahmedabad,2097.5887057557084,5,2,8.024120358840287,1,Semi Furnished,Ground,2,0,0,0,0,0,1,16659936.0
Kolkata,1259.8927829338004,2,2,9.329242527184826,2,Fully Furnished,Top,2,0,0,1,0,0,0,13009287.0
Jaipur,1634.425393200496,2,3,1.8520828454492877,1,Semi Furnished,Ground,3,0,0,2,0,1,1,11709476.0
Mumbai,1604.6744286673443,1,2,7.4907725434992045,1,Semi Furnished,Top,2,0,0,0,0,0,0,21302752.0
Chennai,1477.4779409945381,3,2,6.151232083026351,1,Semi Furnished,Mid,3,0,0,0,1,0,1,15498478.0
Bangalore,1283.670243301704,3,2,9.385817885257007,2,Fully Furnished,Top,2,1,0,1,1,1,0,20644513.0
Delhi,1696.22800923526,2,3,29.13397453041062,1,Fully Furnished,Ground,2,0,0,2,1,1,1,19551668.0
Ahmedabad,1036.9183682583957,4,2,3.21248574226372,1,Fully Furnished,Mid,4,1,0,1,1,0,1,9718080.0
Pune,895.2823355204706,2,2,14.037430121810617,1,Fully Furnished,Ground,3,1,0,2,1,1,1,9532857.0
Jaipur,2121.4134466634137,2,1,0.575454808133061,2,Unfurnished,Mid,2,0,0,1,0,1,0,13416968.0
Delhi,1863.5839944460504,3,3,5.714349928350646,2,Fully Furnished,Ground,3,1,0,0,0,1,1,31655517.125
Chennai,1532.94580430112,2,2,9.598578933748577,0,Semi Furnished,Mid,2,0,0,1,0,0,1,11990099.0
Hyderabad,2332.5711912718907,2,2,1.157738227926606,1,Semi Furnished,Mid,1,0,0,1,1,0,1,21812914.0
Bangalore,1366.1172406375777,3,2,11.777882296978357,0,Fully Furnished,Ground,3,0,0,0,1,0,0,15551626.0
Ahmedabad,2161.35160999449,4,2,5.573035610621816,0,Unfurnished,Ground,2,0,0,0,1,1,0,14004756.0
Bangalore,1587.787042462911,4,2,74.02598996546718,2,Unfurnished,Mid,2,1,0,0,0,1,0,16036096.0
Delhi,987.6246249618049,3,2,14.95313982680393,1,Fully Furnished,Ground,2,0,0,2,0,0,1,13944394.0
Bangalore,2424.020095885425,3,2,4.199185056302616,1,Unfurnished,Ground,3,0,0,0,1,0,0,25191148.0
Hyderabad,1995.3554233120426,3,3,1.6250281258789006,1,Semi Furnished,Mid,2,1,0,2,0,0,1,22907956.0
Delhi,1439.4894844952178,3,3,0.6235806887576599,1,Unfurnished,Top,4,0,0,0,0,1,0,18551016.0
Ahmedabad,1863.5856297669745,3,1,1.427411726662479,0,Unfurnished,Mid,2,1,0,0,0,1,1,13740734.0
Mumbai,1298.1482830010466,3,2,17.094304836870204,0,Fully Furnished,Top,2,1,1,0,1,1,1,21338811.0
Pune,1914.574517529771,3,2,28.964524034636312,1,Semi Furnished,Ground,4,1,0,1,1,1,0,14165711.0
Delhi,400.0,3,2,2.5570767177070244,0,Unfurnished,Top,3,0,0,0,0,0,0,4529126.0
Lucknow,990.0993331527031,3,1,7.715840835427496,0,Unfurnished,Ground,2,0,1,1,0,0,0,5632037.0
Hyderabad,1989.6298721434814,3,2,6.559802248930769,1,Semi Furnished,Mid,3,0,0,1,1,1,0,18090108.0
Delhi,1375.1722308905403,4,1,15.514213806775167,2,Unfurnished,Mid,2,0,0,1,0,1,1,16065441.0
Delhi,1603.7711474443709,2,2,3.025829883148562,0,Semi Furnished,Mid,3,1,0,0,1,1,1,21361789.0
Lucknow,826.6071689422827,4,2,45.966370496530104,2,Unfurnished,Ground,1,1,0,2,1,1,1,4237640.0
Ahmedabad,2423.9334978510515,3,2,19.560012439195535,1,Fully Furnished,Ground,4,0,0,0,0,0,1,16233442.0
Delhi,2095.2648218588383,2,2,46.54037062225306,0,Unfurnished,Ground,3,0,0,0,0,1,0,16273678.0
Pune,1399.657390812335,3,2,4.872853492899162,1,Unfurnished,Mid,3,1,0,1,0,0,1,14258751.0
Bangalore,1297.6520715683369,3,3,13.290629525073276,1,Unfurnished,Ground,3,1,0,0,0,1,1,12503553.0
Ahmedabad,2014.8021807098467,4,2,19.766528458606,2,Semi Furnished,Top,2,0,0,1,0,0,0,16287235.0
Pune,2491.2352250844638,3,2,18.617656860435694,2,Semi Furnished,Mid,4,1,0,1,0,0,1,22119492.0
Ahmedabad,1976.8801279056768,3,3,0.3236583356392498,0,Fully Furnished,Ground,2,1,0,1,1,1,0,18372359.0
Pune,2585.9013336983007,3,3,80.0,1,Fully Furnished,Ground,2,0,0,2,1,0,0,23806019.0
Hyderabad,1038.824335469041,2,3,39.4788369328196,1,Fully Furnished,Top,3,0,0,0,1,1,1,7987852.0
Pune,1090.3065847506045,3,2,1.9132752804086244,0,Fully Furnished,Mid,5,1,1,1,1,0,1,14784809.0
Kolkata,905.5294409733257,3,3,11.764692961731376,0,Fully Furnished,Top,2,0,0,1,1,1,1,9315775.0
Pune,1720.8803248247398,3,3,5.665337096726552,1,Semi Furnished,Ground,5,1,0,2,1,1,1,21694074.0
Mumbai,1587.8017749021851,3,3,31.666338229665666,0,Fully Furnished,Ground,3,0,0,1,1,0,1,19761378.0
Mumbai,1424.0244382640071,5,1,17.936083471849127,1,Unfurnished,Top,4,0,0,0,0,0,1,18352116.0
Jaipur,1904.6293140616494,3,1,3.7947109738842086,2,Fully Furnished,Mid,3,0,0,0,1,0,0,15029565.0
Kolkata,2116.164302607332,4,3,0.5167156986552465,1,Fully Furnished,Ground,2,0,0,1,0,1,0,23086198.0
Kolkata,737.1687953565789,2,3,5.1741984929652745,2,Fully Furnished,Top,4,0,0,1,0,1,1,8234921.0
Bangalore,1201.5139860494423,2,3,0.5832530058720887,0,Fully Furnished,Mid,1,0,0,0,1,1,1,17090562.0
Kolkata,1910.07179706153,3,3,2.2852220582277005,1,Semi Furnished,Ground,3,0,0,0,0,0,1,16508068.0
Bangalore,1266.130658070709,2,2,15.164710777136326,2,Fully Furnished,Top,4,0,0,1,0,0,1,16157467.0
Jaipur,1100.896961820923,3,2,20.502380849153496,0,Semi Furnished,Top,4,0,1,0,0,0,0,7200091.0
Jaipur,2009.2687138251972,3,3,9.46715335609787,1,Fully Furnished,Mid,3,0,0,0,1,0,1,16919163.0
Hyderabad,855.24996513801,3,3,13.755160015516408,0,Semi Furnished,Ground,2,1,0,1,0,1,0,6823714.0
Mumbai,1349.2100961044475,3,3,2.541998710610356,1,Fully Furnished,Mid,3,0,0,1,1,0,1,24920525.0
Pune,1664.3220129024044,5,3,5.714408514605307,1,Unfurnished,Mid,3,1,0,1,0,0,1,19159830.0
Pune,1213.0900430449406,4,2,18.718026476683956,2,Semi Furnished,Ground,4,0,0,0,1,0,0,10823133.0
Lucknow,1891.5778280065874,2,1,6.8093823608510595,1,Semi Furnished,Ground,2,0,0,2,0,0,1,11585497.0
Lucknow,1215.5615124013154,3,3,6.434335495223541,2,Fully Furnished,Mid,3,0,0,0,0,0,1,9726635.0
Chennai,2204.3097467229595,2,2,3.234936019707257,0,Semi Furnished,Mid,2,0,0,1,0,1,0,18059244.0
Ahmedabad,1437.1268512521137,2,3,13.551538508376312,1,Semi Furnished,Ground,3,1,1,0,0,0,0,10231800.0
Hyderabad,1835.6350683526766,3,3,24.874586418325407,1,Semi Furnished,Top,2,1,0,2,1,0,0,15861168.0
Chennai,1873.0119764914082,3,2,9.50747556661398,1,Unfurnished,Top,2,0,0,0,0,1,1,16244904.0
Chennai,1186.2299986279636,2,3,1.8416572355496366,1,Fully Furnished,Ground,4,0,0,1,1,0,1,12745085.0
Delhi,473.2567256720556,3,2,27.33644426980249,2,Unfurnished,Top,3,0,0,0,0,0,0,4834944.0
Delhi,1680.3778773319175,3,3,1.1111112806353558,0,Unfurnished,Top,3,1,0,1,0,1,1,26954623.0
Chennai,1536.1441735624348,1,1,9.572141848480648,0,Fully Furnished,Mid,4,0,0,0,0,0,1,14011807.0
Kolkata,1777.9130137875636,3,3,4.538430198739064,2,Unfurnished,Mid,2,1,0,2,0,1,1,16476322.0
Ahmedabad,1386.736263808581,4,3,41.30783678407711,1,Unfurnished,Mid,2,0,0,1,1,0,0,8064793.0
Hyderabad,1284.786150599642,3,2,20.065031611590292,1,Semi Furnished,Top,2,0,0,0,0,0,1,10789842.0
Chennai,2504.2365054908496,3,3,12.534803193723635,0,Semi Furnished,Mid,3,0,0,1,1,0,0,23905036.0
Pune,763.8229692446112,2,3,16.528259352159182,0,Fully Furnished,Top,3,1,0,1,0,0,0,8607693.0
Ahmedabad,1866.9752391821191,2,3,11.412632581693373,0,Fully Furnished,Top,3,1,0,1,0,1,1,16504463.0
Delhi,1212.6990709083045,2,4,2.395507314752044,0,Unfurnished,Mid,3,0,0,1,0,1,0,14645424.0
Pune,1332.1106911297888,4,2,18.521567637563624,1,Fully Furnished,Ground,3,0,0,0,1,1,1,14063055.0
Delhi,1341.4485837130171,2,2,10.179020848732263,1,Fully Furnished,Top,4,0,0,1,0,1,0,20247228.0
Delhi,1098.2828629143714,2,2,15.08950959617399,2,Semi Furnished,Top,3,0,0,1,0,0,0,13998112.0
Ahmedabad,1785.6121051181199,1,4,0.6938269090279537,0,Unfurnished,Ground,4,0,0,2,1,0,1,12775032.0
Delhi,2195.321797974979,4,1,2.2978759663410284,1,Semi Furnished,Mid,2,1,0,2,0,0,0,30904955.0
Jaipur,1735.0068306233306,1,2,13.350958084300974,1,Semi Furnished,Top,1,0,0,0,0,1,1,10894594.0
Mumbai,1551.6909981060476,3,2,9.226936670871154,0,Semi Furnished,Ground,3,1,0,0,1,1,1,21644991.0
Jaipur,1006.7797504503767,3,2,3.859692212886628,2,Unfurnished,Ground,2,1,0,1,0,0,1,7016735.0
Mumbai,1758.4126329122255,3,3,4.131578377153218,1,Unfurnished,Ground,3,0,0,0,0,0,1,22534321.0
Lucknow,2578.1748158646496,2,2,14.981164096680075,2,Unfurnished,Mid,3,1,0,0,1,1,0,14539571.0
Lucknow,1309.6526881024538,2,3,0.9116564932907272,0,Semi Furnished,Ground,2,0,0,0,0,0,0,7872735.0
Delhi,1312.008210324067,4,2,8.544266153044362,0,Fully Furnished,Mid,1,0,0,1,0,0,1,16596953.0
Hyderabad,1219.4554345095014,5,3,11.106837040213017,1,Unfurnished,Ground,3,1,1,1,1,0,0,13841972.0
Hyderabad,1255.2928827527899,3,2,5.5256312689134806,0,Fully Furnished,Top,4,0,0,0,1,0,0,13236458.0
Mumbai,400.0,1,2,25.767865584724568,1,Semi Furnished,Top,3,0,0,0,1,0,1,4369123.0
Pune,1702.5176929278564,1,2,0.8766702164116992,2,Unfurnished,Ground,3,0,0,1,1,1,1,15325759.0
Ahmedabad,1077.223911822693,4,2,30.124436787344592,0,Fully Furnished,Top,2,1,0,0,0,1,0,7975420.0
Delhi,694.8684406040999,3,2,19.270314848991706,0,Unfurnished,Mid,3,1,0,0,0,1,0,7687601.0
Ahmedabad,1876.5949748662745,4,2,8.865747981511467,0,Semi Furnished,Ground,3,1,0,0,0,1,1,13630356.0
Jaipur,958.9911074790319,3,2,38.74786197392454,1,Unfurnished,Top,2,1,0,0,1,0,0,4674079.0
Hyderabad,1330.6654730581213,4,2,18.17192647554462,1,Semi Furnished,Ground,2,1,0,0,1,0,0,10628144.0
Kolkata,2233.22119559429,4,2,40.11459347847195,1,Semi Furnished,Top,2,0,0,0,0,1,1,15524556.0
Jaipur,795.3921009877432,4,2,9.596649390921456,1,Fully Furnished,Mid,1,0,0,0,0,1,0,6163583.0
Jaipur,733.700882701119,3,3,9.048859533870818,1,Semi Furnished,Ground,2,1,1,2,1,1,1,6639298.0
Mumbai,1634.653094781169,3,4,11.349058512105133,1,Semi Furnished,Top,3,0,0,0,1,1,1,27179194.0
Bangalore,2074.7436820051844,3,2,1.0149783264034145,2,Unfurnished,Ground,3,0,0,1,1,0,0,23098569.0
Jaipur,712.8291411340185,3,2,35.87030222628271,1,Semi Furnished,Top,2,1,0,0,0,1,1,4436034.0
Delhi,1703.8448684185885,3,2,16.52652628405719,0,Semi Furnished,Ground,3,0,0,1,1,0,0,18356549.0
Chennai,1790.499769980846,2,2,14.41875968010549,0,Semi Furnished,Mid,4,1,0,1,1,1,0,15209611.0
Chennai,470.4197581538399,3,3,39.14960840010248,0,Semi Furnished,Mid,4,0,0,1,0,0,1,3098788.0
Delhi,1899.25066895361,3,2,75.85924841702472,1,Fully Furnished,Top,3,0,0,1,1,0,0,24275496.0
Bangalore,1938.3029399210898,3,2,2.6760197964654346,1,Unfurnished,Mid,2,0,0,0,1,0,1,22438107.0
Bangalore,1344.1072133719877,2,2,20.734354913878757,0,Unfurnished,Mid,2,1,0,0,0,1,1,11636536.0
Mumbai,2126.173181149004,3,3,13.010550589372695,1,Semi Furnished,Mid,2,0,1,0,0,0,0,31655517.125
Hyderabad,2068.227787162423,2,2,9.270517381698538,1,Fully Furnished,Ground,3,0,0,0,0,0,1,16488373.0
Ahmedabad,1551.5589628586024,4,4,56.98885577937439,0,Fully Furnished,Ground,2,1,0,0,1,0,1,11792395.0
Bangalore,1274.2773048375332,3,3,28.48312397407799,1,Semi Furnished,Top,3,0,0,1,0,0,1,13150847.0
Kolkata,1013.5860537085214,2,2,17.897965180566842,1,Semi Furnished,Mid,4,1,0,2,1,1,1,8069988.0
Mumbai,1481.2182453169044,1,1,7.235423132691001,0,Unfurnished,Mid,4,0,0,0,1,1,1,17864189.0
Lucknow,1784.8794598520894,3,2,16.451046923945515,2,Unfurnished,Top,4,1,0,1,1,0,0,12053091.0
Pune,1337.9115694796794,2,2,11.379504216273773,0,Unfurnished,Top,2,0,0,2,1,0,1,12037791.0
Lucknow,401.249497368985,5,2,4.302605396723489,1,Unfurnished,Ground,4,0,0,0,0,0,0,2351715.0
Mumbai,2134.356947288285,3,1,8.97795834029695,2,Semi Furnished,Mid,3,1,0,0,0,1,0,30493910.0
Jaipur,1595.111610922447,2,1,3.5778933054427653,1,Semi Furnished,Mid,3,1,0,2,1,0,0,11520377.0
Ahmedabad,1310.187751661583,3,1,10.40982180691767,1,Unfurnished,Mid,2,0,0,0,1,1,1,8440113.0
Pune,1928.5791942116443,2,3,19.1072446309662,2,Unfurnished,Ground,4,1,0,1,1,1,1,18310093.0
Lucknow,2262.319298241378,4,3,0.5600184872989347,0,Semi Furnished,Ground,1,0,0,1,0,0,0,15571866.0
Pune,400.0,3,1,21.746802839400342,0,Unfurnished,Ground,1,1,0,1,0,0,1,2942693.0
Kolkata,1717.1318249610358,5,2,0.3029486509887027,1,Semi Furnished,Mid,2,0,0,1,1,0,1,16311565.0
Kolkata,786.6753945948263,3,1,10.924706175695125,2,Unfurnished,Top,3,0,0,1,0,0,1,6525582.0
Kolkata,1749.5552533994705,4,3,12.781324493869677,1,Semi Furnished,Ground,3,0,0,1,0,0,0,13320119.0
Mumbai,1563.9636011872897,2,4,21.484663586510464,2,Fully Furnished,Mid,4,1,0,1,0,1,1,26819259.0
Ahmedabad,1817.863263220275,3,2,21.471185011135997,0,Semi Furnished,Ground,2,1,0,2,1,1,1,12449273.0
Mumbai,1250.3761927526723,3,2,8.10524412965983,2,Fully Furnished,Top,2,0,0,1,1,0,0,23269656.0
Chennai,563.379944090424,3,2,1.030166313706052,2,Fully Furnished,Mid,3,0,0,2,0,0,1,7225635.0
Jaipur,1274.815904371666,2,2,17.73807033088359,1,Unfurnished,Ground,2,0,0,1,1,1,0,6973430.0
Jaipur,1703.4238175698915,3,3,10.730462627658415,2,Fully Furnished,Mid,3,1,0,2,1,1,0,17088382.0
Kolkata,2007.6961643376117,2,2,6.0757931712193605,0,Unfurnished,Top,1,1,0,1,0,0,1,15364736.0
Chennai,914.0843497637375,3,4,4.015717033493402,2,Fully Furnished,Top,3,1,0,0,1,0,0,12475770.0
Bangalore,2013.5302134365088,3,1,1.9133797712984966,2,Fully Furnished,Top,4,1,1,2,1,1,0,31655517.125
Bangalore,1176.0638551767393,3,3,5.246394304496486,0,Unfurnished,Top,2,0,0,0,0,0,1,13227531.0
Kolkata,1681.2249407972633,2,2,9.20089579821833,1,Semi Furnished,Mid,2,0,1,0,1,0,1,14133870.0
Lucknow,1245.0530235671836,3,2,9.740088769310159,1,Unfurnished,Ground,2,1,0,1,1,1,1,7834047.0
Mumbai,1591.0853138560508,2,3,13.110647839889678,0,Fully Furnished,Top,3,0,1,2,1,0,0,29303338.0
Kolkata,1945.9388172851372,5,3,6.752275502863038,0,Unfurnished,Mid,3,1,0,0,0,1,1,17454895.0
Hyderabad,886.4929613557321,2,3,37.866792359972486,0,Unfurnished,Top,4,0,0,2,1,1,1,6092474.0
Pune,1160.0470516265843,4,3,10.273805102516627,1,Fully Furnished,Top,5,0,0,0,1,0,1,15882538.0
Jaipur,1592.4812936710432,3,3,8.267555569218862,1,Fully Furnished,Mid,5,0,1,0,1,0,1,14757657.0
Bangalore,2700.791830515176,3,2,0.7405004565249873,2,Fully Furnished,Mid,2,0,0,1,0,0,1,31655517.125
Delhi,1068.405143916586,2,3,13.707471955302605,1,Unfurnished,Mid,3,0,0,0,1,1,0,11859495.0
Bangalore,2520.0669429984596,3,3,13.852333753885528,1,Unfurnished,Top,4,0,0,1,1,1,0,31655517.125
Jaipur,2502.2116518375856,3,2,13.130457823919116,0,Unfurnished,Top,3,0,0,0,1,0,1,16306908.0
Pune,1451.3444246492045,3,2,32.78495877726229,1,Semi Furnished,Ground,4,0,1,0,1,0,1,11200487.0
Jaipur,1350.9237369000498,2,3,21.589151962053805,2,Unfurnished,Top,3,0,0,2,0,0,1,8369703.0
Delhi,1153.9674006676541,4,3,30.30690873242728,1,Semi Furnished,Ground,3,0,0,2,1,1,0,11976420.0
Kolkata,1465.8987348336655,5,2,0.918919367462402,1,Fully Furnished,Top,1,0,0,0,0,1,1,16946293.0
Chennai,796.640283720221,3,3,5.743665342936057,1,Semi Furnished,Ground,1,1,0,2,0,1,0,8637975.0
Delhi,1461.8804913397012,3,3,5.756551081476663,1,Unfurnished,Ground,3,1,0,1,0,1,1,17115513.0
Jaipur,2248.4401369254283,3,2,16.05234306303121,1,Fully Furnished,Ground,3,1,0,2,0,1,1,16532852.0
Jaipur,1194.4574687616412,3,3,8.929831088635988,0,Semi Furnished,Mid,3,1,0,0,0,1,1,8037201.0
Hyderabad,1379.6378480054746,2,2,22.540575802565993,1,Fully Furnished,Mid,2,0,0,1,0,1,0,10385988.0
Hyderabad,649.4297628663791,3,1,7.2781129753048,1,Fully Furnished,Ground,4,1,0,2,0,1,1,6359722.0
Ahmedabad,1687.0310440655217,4,2,3.757867239434345,2,Semi Furnished,Mid,4,0,0,0,0,0,0,13646530.0
Hyderabad,1632.240842475687,1,3,5.157461095975405,1,Fully Furnished,Top,3,1,1,2,0,1,0,20710957.0
Mumbai,1531.8511798828854,3,1,3.022010169974775,0,Fully Furnished,Mid,2,0,1,2,1,0,1,28706877.0
Chennai,1391.5864748889283,4,3,3.307693189076422,0,Unfurnished,Mid,2,0,0,0,1,1,1,13873615.0
Pune,1353.6210406137727,2,2,3.666253150964562,2,Fully Furnished,Top,3,1,0,0,1,1,1,18379529.0
Delhi,1750.950116850336,2,3,0.24338457141137712,2,Semi Furnished,Top,4,1,0,0,1,0,0,28142601.0
Jaipur,1485.5916992056884,4,3,18.886366056501057,0,Semi Furnished,Ground,3,0,0,0,1,0,1,9005398.0
Ahmedabad,1657.485935777666,2,3,7.652446206223142,2,Unfurnished,Mid,4,0,0,1,1,0,0,10995318.0
Ahmedabad,1607.491408727274,2,3,0.34398417101414885,2,Unfurnished,Top,3,1,0,2,1,0,0,13794580.0
Pune,2061.713643547881,3,3,6.930711525163009,1,Semi Furnished,Top,3,0,0,0,1,1,1,22891141.0
Chennai,1838.4970486875272,3,2,35.36641405499908,1,Semi Furnished,Mid,3,1,0,2,0,0,0,13888248.0
Delhi,1596.4309215750952,4,2,10.73838810093105,1,Unfurnished,Mid,3,1,0,0,1,0,1,20756283.0
Bangalore,2259.21101532609,3,2,64.85864306695836,1,Semi Furnished,Ground,3,0,1,1,1,1,1,22963891.0
Hyderabad,1710.1342645282807,3,3,11.646609027273016,0,Fully Furnished,Mid,2,0,0,2,0,0,0,15486247.0
Kolkata,2152.4813443952094,3,2,49.371294162533516,1,Unfurnished,Top,4,0,0,1,1,0,0,13989858.0
Ahmedabad,1803.471304193319,5,2,3.3809549914173154,2,Unfurnished,Mid,4,0,0,0,0,1,1,14988549.0
Hyderabad,579.0404605342285,2,3,5.1359775013503715,2,Unfurnished,Ground,3,0,0,1,0,0,0,4372990.0
Hyderabad,2152.417381659665,2,3,18.058097648322278,1,Unfurnished,Mid,3,1,0,1,1,0,0,15365075.0
Mumbai,1567.5881206713345,5,3,64.93766164920031,1,Fully Furnished,Mid,3,0,0,0,1,1,1,22243341.0
Chennai,1474.022614549611,5,1,26.1700536355792,1,Unfurnished,Mid,4,0,0,1,1,0,0,11067978.0
Kolkata,1640.6741737447885,2,2,12.101635958633386,1,Unfurnished,Top,4,0,1,1,1,0,0,13319174.0
Bangalore,1327.5084190214664,2,2,1.3349702890046622,1,Semi Furnished,Top,4,0,0,1,0,1,1,16107249.0
Jaipur,1613.5144301944727,3,1,6.797294674148847,1,Unfurnished,Top,2,0,0,0,1,0,0,10022528.0
Mumbai,1204.0619668284537,1,2,1.3558585740291629,0,Semi Furnished,Top,4,1,0,2,1,1,1,20731369.0
Hyderabad,2137.1361293671853,3,2,5.593836810332433,0,Semi Furnished,Ground,3,0,1,0,1,0,0,19052994.0
Hyderabad,1443.205943189475,2,1,4.492111907003363,1,Semi Furnished,Top,3,1,1,1,1,0,0,15584430.0
Lucknow,1308.7080786387833,2,2,7.378961337064387,1,Fully Furnished,Top,5,0,0,1,1,1,1,10334354.0
Kolkata,1037.537092140363,3,2,27.235550858934896,1,Unfurnished,Ground,2,1,0,2,0,0,1,6686115.0
Kolkata,1634.3878945743209,5,1,2.4444325564893084,1,Unfurnished,Top,2,0,0,2,1,0,0,15240532.0
Lucknow,1593.553550062546,3,3,5.4806320206476205,1,Semi Furnished,Top,2,1,0,2,0,0,1,12186442.0
Kolkata,1694.2123068387532,3,3,4.5392403493281135,1,Unfurnished,Top,2,1,0,1,0,1,1,14112928.0
Hyderabad,986.3740562474355,5,3,5.267672195815041,2,Semi Furnished,Mid,2,1,1,1,1,1,0,12868215.0
Ahmedabad,699.4094005942135,3,2,6.708926352534574,0,Unfurnished,Ground,3,0,0,1,1,0,0,3980744.0
Delhi,1812.7956512532799,3,4,4.201895332299109,2,Semi Furnished,Top,4,0,0,1,1,0,0,30270061.0
Hyderabad,2242.3209309382537,3,3,42.86077141470854,0,Semi Furnished,Ground,4,0,0,1,1,1,0,14565914.0
Mumbai,986.8231888050519,2,2,8.173538394532535,1,Semi Furnished,Top,2,0,0,1,0,0,0,13266657.0
Chennai,2294.7206417808493,3,2,1.8174926305835506,1,Fully Furnished,Mid,3,1,0,2,1,1,1,28366634.0
Lucknow,1641.9555293681904,3,1,9.45705427460486,1,Semi Furnished,Top,4,1,0,1,0,1,1,11308583.0
Bangalore,1496.468547724585,2,3,3.05805533458476,2,Fully Furnished,Top,3,0,1,1,0,0,0,25595164.0
Jaipur,1301.225651727111,2,2,3.6526936254081646,0,Fully Furnished,Mid,4,0,0,1,0,0,0,9258580.0
Bangalore,807.7409902875016,3,3,5.032959971129094,1,Semi Furnished,Mid,4,0,1,1,1,1,1,12607609.0
Hyderabad,1993.8642579622997,3,2,1.9988547003456585,2,Fully Furnished,Ground,2,1,1,0,1,0,1,24940554.0
Mumbai,1112.1968192811985,2,4,19.15454804540052,0,Unfurnished,Ground,4,0,0,1,1,0,0,14020290.0
Hyderabad,1110.0966621311998,2,3,23.549398490436605,2,Fully Furnished,Top,3,0,1,2,1,1,0,13107757.0
Chennai,1995.9631549434773,4,4,7.520183574811426,1,Fully Furnished,Top,3,0,0,0,1,0,1,28323455.0
Ahmedabad,558.5082766641367,3,2,17.519075671964575,2,Fully Furnished,Mid,4,0,0,1,1,0,0,4471326.0
Jaipur,738.2010946659167,2,1,7.388752666562894,1,Fully Furnished,Top,4,1,0,0,0,0,0,6367106.0
Chennai,1490.932878245959,3,3,2.6882874384467295,1,Semi Furnished,Ground,3,1,0,0,1,1,1,17085609.0
Lucknow,1646.642214502426,2,3,7.59175244665279,1,Unfurnished,Mid,4,0,0,2,0,0,0,9570915.0
Lucknow,1742.367323984462,3,2,12.21235585056581,1,Unfurnished,Mid,5,1,0,2,0,0,0,10553228.0
Hyderabad,1349.1007533018735,3,3,0.6278741265546973,0,Fully Furnished,Mid,4,1,1,1,0,0,0,15780373.0
Mumbai,2765.184834320845,3,2,15.940761868090817,1,Unfurnished,Top,1,0,0,1,0,1,1,31655517.125
Chennai,1386.053720617083,3,1,20.357324158708813,0,Semi Furnished,Ground,4,0,0,1,1,1,1,10397261.0
Pune,1384.606923948639,2,2,29.488506509958217,1,Fully Furnished,Mid,4,1,1,1,1,0,1,14967984.0
Mumbai,1101.5066655930614,3,3,1.626654959335146,0,Fully Furnished,Ground,4,1,1,2,1,1,0,21923037.0
Ahmedabad,1561.9534082605355,2,2,0.0014039735767620825,2,Fully Furnished,Mid,3,0,0,0,0,0,1,15010889.0
Lucknow,1807.4806160233873,3,3,1.1413364989696027,1,Unfurnished,Mid,4,1,0,1,1,0,1,12768370.0
Hyderabad,2101.78902726673,4,1,38.67840019272201,1,Fully Furnished,Ground,1,0,0,2,1,1,1,16136952.0
Kolkata,755.357867779891,3,3,21.758060035675378,2,Fully Furnished,Mid,5,0,0,0,1,0,1,6199300.0
Lucknow,1377.0023308221496,5,3,27.066803702672782,1,Unfurnished,Top,2,0,1,0,1,0,1,8017020.0
Jaipur,1723.3518054045721,2,2,10.916507869478805,0,Semi Furnished,Ground,4,0,0,1,0,1,0,10435042.0
Delhi,1793.5287672972677,3,2,11.221017516359653,1,Unfurnished,Ground,4,0,0,1,1,1,1,21256120.0
Kolkata,1503.2743289022696,2,2,5.318135218211336,2,Semi Furnished,Mid,1,0,0,1,0,0,1,12942354.0
Hyderabad,1771.211984766051,3,3,27.74906687958797,0,Semi Furnished,Ground,4,0,0,0,0,1,0,12017232.0
Pune,1095.5180535370998,2,2,26.559035490357974,1,Semi Furnished,Top,4,0,0,1,0,1,1,9516028.0
Kolkata,2278.9527161591786,2,2,7.467933830344148,1,Fully Furnished,Mid,4,1,0,0,1,0,0,21038865.0
Jaipur,1996.3140514897148,2,2,5.990763597409143,1,Semi Furnished,Top,2,0,0,0,0,0,0,13591594.0
Mumbai,827.5361064674138,3,2,20.1125473576392,2,Fully Furnished,Top,4,0,0,0,0,0,0,12367330.0
Pune,962.4484759416222,2,2,0.397749253074237,1,Unfurnished,Top,3,1,0,0,0,0,0,9482569.0
Lucknow,976.539124946547,4,3,29.486218685850684,0,Semi Furnished,Ground,2,1,0,1,0,0,1,5059678.0
Pune,1838.9849854482643,2,2,8.865574898910452,2,Fully Furnished,Mid,4,0,0,1,1,1,1,22422781.0
Chennai,857.6361167912664,1,2,8.733327317754192,1,Fully Furnished,Mid,3,0,1,1,0,0,1,9211011.0
Jaipur,1334.4878328959596,3,3,16.588081796216656,1,Semi Furnished,Top,4,1,0,2,0,0,0,9162402.0
Kolkata,1727.352198208387,5,2,15.566258919837491,0,Semi Furnished,Top,3,0,0,1,0,0,1,14345163.0
Chennai,1466.9170327267827,2,3,4.638163779652801,2,Semi Furnished,Mid,2,0,0,2,0,1,0,14452023.0
Pune,1629.443757856353,2,3,43.044056909923796,0,Fully Furnished,Mid,2,1,0,0,0,1,0,13478829.0
Chennai,967.0986443256209,4,2,64.38825174557195,1,Fully Furnished,Top,2,1,0,0,1,1,0,9563147.0
Bangalore,1797.4271866986223,3,2,11.1978717144796,0,Semi Furnished,Mid,2,1,0,1,0,0,0,18900553.0
Jaipur,1193.3940537620017,3,2,12.361854962029312,2,Unfurnished,Top,3,0,0,2,1,1,0,8718652.0
Ahmedabad,1337.6901628010294,2,2,12.122242555299604,1,Fully Furnished,Top,4,1,0,0,0,0,0,11124654.0
Mumbai,1618.865863952993,3,2,9.97677744406484,1,Fully Furnished,Top,3,1,0,1,0,1,1,30741556.0
Pune,1551.539110765424,2,4,43.55743299262543,1,Unfurnished,Top,4,0,0,1,1,1,1,12351012.0
Jaipur,1511.9900095077965,3,2,4.210645519883915,2,Unfurnished,Ground,2,0,1,1,1,1,1,10712888.0
Ahmedabad,1124.6865890116221,4,3,1.7136338984287656,2,Unfurnished,Mid,3,0,0,1,1,0,1,8516982.0
Ahmedabad,1350.225294400404,4,2,39.79220240739803,1,Fully Furnished,Mid,3,0,1,2,0,0,1,10044639.0
Hyderabad,1501.091795418518,3,3,3.5936357344016012,2,Unfurnished,Mid,3,1,0,1,0,1,0,14073592.0
Chennai,812.4573834164576,4,3,20.743822048297364,1,Unfurnished,Top,3,1,0,1,0,1,0,7261949.0
Ahmedabad,1268.7335168433106,2,3,3.4199541981916184,1,Fully Furnished,Ground,2,0,0,0,1,0,1,11294200.0
Bangalore,1693.8399395164233,2,2,48.3530559320104,2,Fully Furnished,Mid,2,1,0,1,0,0,1,18320720.0
Jaipur,861.2816980773287,3,2,23.490057450103034,1,Fully Furnished,Top,2,0,0,1,1,0,0,5625683.0
Delhi,2078.29082579712,3,2,37.64749209990718,2,Unfurnished,Top,5,0,0,2,0,0,1,20261051.0
Delhi,2134.8066312999213,1,3,45.23437852812058,0,Semi Furnished,Ground,2,0,0,1,0,1,0,18568009.0
Pune,877.4247120199572,3,3,1.3230348490360027,1,Semi Furnished,Ground,4,1,0,1,0,0,0,9905263.0
Lucknow,2178.8098165250694,3,1,8.521230349108986,1,Fully Furnished,Top,1,1,0,0,1,1,1,19197533.0
Chennai,1428.2092056439328,3,3,15.66613788590894,1,Unfurnished,Mid,1,1,0,1,1,0,1,12356786.0
Lucknow,1709.2572795785275,4,3,24.326916926217216,0,Unfurnished,Top,3,0,0,2,1,1,1,9046062.0
Ahmedabad,1251.6744739358767,3,2,4.145628434426196,2,Unfurnished,Ground,3,0,0,1,1,1,0,8549311.0
Jaipur,1961.5224136133809,1,2,36.90699121980721,1,Fully Furnished,Top,4,0,0,2,0,1,0,11818199.0
Pune,1703.0470094243335,3,3,3.7457077095930873,1,Semi Furnished,Top,4,1,0,1,1,0,0,19624061.0
Kolkata,1092.9233717011982,3,2,30.168491635405967,1,Unfurnished,Ground,4,0,1,2,0,1,1,6423426.0
Ahmedabad,917.3990000173558,2,3,10.78351716744054,1,Semi Furnished,Ground,4,0,0,1,0,1,1,6286622.0
Chennai,769.8487823953886,3,3,10.867158368655781,1,Semi Furnished,Top,4,0,0,2,0,0,0,7115853.0
Delhi,1593.9708882163782,5,1,7.026208175111838,2,Unfurnished,Ground,4,1,0,1,1,0,0,20978149.0
Hyderabad,1786.2357058898679,2,2,1.6389423200183397,1,Fully Furnished,Mid,3,1,0,1,1,0,0,21419649.0
Jaipur,1825.4828393897208,2,2,6.394741219497284,1,Semi Furnished,Mid,2,1,0,0,1,0,1,13484969.0
Mumbai,1441.009452696311,2,3,8.346152739030192,1,Semi Furnished,Mid,4,1,0,1,0,0,0,21865065.0
Lucknow,921.501772167818,3,2,9.780684805413008,2,Semi Furnished,Ground,2,1,0,0,1,1,0,6440191.0
Pune,1158.9626009881085,4,2,20.154000535208148,1,Semi Furnished,Top,2,0,0,0,1,0,1,12473628.0
Lucknow,2076.174319480963,3,3,6.5095917546826305,1,Semi Furnished,Top,2,0,0,1,1,1,1,16525028.0
Jaipur,1257.6857176999592,3,1,7.828118090565203,1,Unfurnished,Top,3,0,0,1,0,0,1,8677993.0
Lucknow,1571.708815340738,3,3,35.482650121953505,1,Fully Furnished,Top,2,0,0,1,0,1,1,10249995.0
Jaipur,962.1747582125563,3,2,20.94924947180548,0,Semi Furnished,Mid,2,1,0,1,0,0,0,5894858.0
Lucknow,1668.2915227295175,3,2,0.3468151791489897,2,Fully Furnished,Top,3,0,1,2,1,0,0,16075624.0
Bangalore,1271.157719160461,2,2,25.076783147728424,1,Fully Furnished,Top,4,0,1,0,1,1,0,17304443.0
Kolkata,2023.3563568878817,3,2,68.99367427329446,1,Unfurnished,Ground,2,1,0,1,0,1,1,11456439.0
Ahmedabad,1886.7788531034066,3,4,42.143208187656626,1,Fully Furnished,Ground,4,0,0,1,0,1,0,11834373.0
Ahmedabad,1252.14702671255,1,1,27.114299726923463,2,Fully Furnished,Top,1,0,1,1,0,0,0,9229958.0
Chennai,1436.6679863261684,3,2,14.880324716030033,0,Fully Furnished,Mid,5,0,1,0,1,0,1,15335981.0
Mumbai,1224.4418799796856,5,2,4.889944090218745,0,Fully Furnished,Mid,3,0,0,1,0,0,0,20596724.0
Mumbai,790.2834017274951,3,2,15.938427308555752,1,Semi Furnished,Mid,2,0,0,0,1,1,1,10427058.0
Chennai,1071.2787852263916,5,2,17.84081878484896,1,Unfurnished,Ground,4,0,0,0,1,1,1,7934629.0
Hyderabad,1599.1086638604102,2,1,4.960057868851974,0,Unfurnished,Mid,2,1,1,0,1,1,1,14520765.0
Ahmedabad,1662.629749114791,3,3,4.422204110735232,1,Unfurnished,Ground,2,0,0,0,1,0,1,12174815.0
Hyderabad,1574.2739517963194,2,2,7.585677300964276,0,Fully Furnished,Mid,2,0,0,0,1,1,0,15430305.0
Jaipur,1349.1334730206822,2,2,15.372635382136417,1,Fully Furnished,Ground,3,1,0,2,0,0,1,9690984.0
Jaipur,1966.5333028604928,3,2,5.202190384926953,1,Semi Furnished,Ground,4,1,0,1,1,1,1,15222612.0
Delhi,1531.7709522804687,3,2,12.167698834379951,0,Fully Furnished,Ground,4,1,0,1,0,1,0,21786709.0
Lucknow,1851.6269140479735,4,1,34.42482063512561,0,Fully Furnished,Top,3,0,0,2,1,1,0,11681088.0
Mumbai,613.1124338987407,3,1,5.245496866341269,2,Unfurnished,Ground,5,0,0,1,0,1,1,7905133.0
Delhi,400.0,3,2,50.70933878590554,1,Fully Furnished,Ground,4,0,0,1,0,0,1,4465878.0
Kolkata,1641.89401391904,4,2,9.618228744348666,2,Unfurnished,Ground,3,0,0,1,1,0,1,12448284.0
Chennai,787.6171731392553,3,2,1.5955543403808738,1,Unfurnished,Mid,2,0,0,1,1,1,0,7440114.0
Chennai,1393.774148643472,2,2,0.8491805826543205,2,Unfurnished,Ground,3,0,0,1,1,0,1,11909274.0
Jaipur,1348.9514794876973,2,2,6.2026371938377105,1,Fully Furnished,Top,2,0,1,0,0,0,0,10976091.0
Ahmedabad,2293.7003012077685,3,1,4.4914411803192,0,Fully Furnished,Mid,2,0,0,0,1,1,0,18892575.0
Hyderabad,1699.9982764718031,3,3,27.840949680083416,1,Semi Furnished,Mid,3,1,0,0,1,0,0,13447485.0
Mumbai,1582.9295133993364,1,3,20.070474835740338,1,Unfurnished,Top,2,1,1,1,1,0,1,24960518.0
Delhi,1918.4955773168367,2,4,32.383283721968965,0,Semi Furnished,Ground,1,0,1,1,0,0,1,17287303.0
Hyderabad,1684.2487934195194,2,2,13.346685581188055,2,Fully Furnished,Ground,3,1,1,1,0,0,1,16810291.0
Delhi,1271.1615035057835,3,3,8.576087448849437,1,Fully Furnished,Mid,1,0,0,0,0,1,1,18606496.0
Lucknow,2035.73796512728,2,2,4.732335469577199,0,Fully Furnished,Top,3,0,1,2,1,1,0,18672734.0
Kolkata,945.1249360558629,2,3,13.12395127603339,2,Semi Furnished,Mid,4,1,1,1,1,1,0,9006594.0
Kolkata,1661.6235937667811,3,2,14.435993054578521,1,Fully Furnished,Mid,2,0,0,0,1,1,1,15029086.0
Hyderabad,726.2151029318444,4,2,7.487101585889341,1,Fully Furnished,Ground,2,0,0,0,0,0,1,7228865.0
Hyderabad,1601.9719287579976,3,2,41.37328813832387,1,Fully Furnished,Ground,4,0,1,1,1,0,1,12686840.0
Hyderabad,1596.4948208864648,3,2,15.322876680207496,1,Semi Furnished,Top,3,0,0,0,0,0,1,13857023.0
Delhi,2338.2274809573314,2,2,27.25442392946706,1,Semi Furnished,Mid,2,1,0,0,1,1,1,24148329.0
Lucknow,717.5130532791103,4,1,14.529192567851913,0,Fully Furnished,Top,2,1,0,0,1,0,1,5803859.0
Bangalore,1199.5564120730937,3,2,5.708736649988522,1,Unfurnished,Mid,4,0,1,2,0,0,0,13917100.0
Hyderabad,1911.341213287072,5,3,20.012313380142135,1,Semi Furnished,Top,3,0,0,0,1,1,1,18643556.0
Ahmedabad,1667.6586281986538,5,3,3.9254306755567008,1,Semi Furnished,Top,2,0,0,1,0,0,1,15233929.0
Mumbai,1590.1525256687514,4,2,13.617748033486473,1,Unfurnished,Top,1,1,0,1,1,1,1,23583112.0
Mumbai,1021.9321485207304,1,2,7.721659897511952,1,Semi Furnished,Top,3,0,0,0,1,0,1,14052434.0
Delhi,1204.5908259542853,3,1,2.435752353069647,1,Unfurnished,Mid,3,0,0,2,1,1,1,16200764.0
Hyderabad,2122.5205041116283,2,2,7.997105733306963,1,Unfurnished,Top,1,0,0,1,0,1,0,17698683.0
Jaipur,1474.245403123036,4,2,5.572061451694727,0,Unfurnished,Mid,5,0,0,1,0,1,1,10368529.0
Chennai,1687.6798480722366,4,2,1.7855048892326677,0,Unfurnished,Top,2,1,0,0,0,0,0,16789117.0
Bangalore,1442.4058356117605,5,3,26.044436795594418,1,Unfurnished,Ground,2,1,0,1,0,1,1,15397059.0
Ahmedabad,908.4572423751174,3,2,10.354744562152094,0,Semi Furnished,Mid,2,0,0,0,1,1,1,6301682.0
Lucknow,1966.9052130374982,3,1,6.377892521771081,0,Fully Furnished,Mid,4,1,0,0,0,0,1,13852379.0
Jaipur,1751.6161922662482,3,2,10.546879442986016,0,Unfurnished,Mid,5,0,0,1,1,1,0,11887589.0
Kolkata,2652.8184186835942,3,2,21.071954298938827,0,Semi Furnished,Top,2,1,0,0,0,1,0,20174990.0
Jaipur,992.2093101747275,3,3,0.2769723545746493,1,Fully Furnished,Mid,2,1,0,1,1,0,0,9811962.0
Delhi,1911.2864606002404,3,2,11.869729705305511,1,Fully Furnished,Top,3,0,0,0,1,0,0,31347507.0
Bangalore,844.2280169814994,4,2,9.784420356148575,0,Semi Furnished,Top,3,0,0,0,1,0,1,9696355.0
Pune,1578.6732838365388,3,3,33.5337398287107,0,Fully Furnished,Ground,2,1,0,0,1,0,0,14589190.0
Pune,1988.2532945315822,4,2,12.178003305421226,0,Fully Furnished,Ground,4,0,0,1,0,1,1,21727398.0
Hyderabad,463.9324419517566,4,1,2.2157212682040046,1,Unfurnished,Ground,3,1,1,0,1,0,1,4219081.0
Hyderabad,1397.533762879196,3,2,7.382099773712967,1,Unfurnished,Top,2,1,0,1,0,0,1,13491328.0
Delhi,1218.3951329786898,3,1,14.556031955551628,0,Semi Furnished,Mid,3,1,0,1,1,0,1,14002837.0
Lucknow,1149.0213508524391,3,2,0.7053333795496662,1,Unfurnished,Mid,3,0,0,1,0,1,1,7763264.0
Hyderabad,1692.6063261296772,3,3,32.39664704237249,0,Fully Furnished,Ground,3,0,0,1,0,0,1,11206209.0
Chennai,2060.3428532112976,2,2,1.0528342733281288,0,Fully Furnished,Mid,3,1,0,1,1,1,0,21953405.0
Bangalore,1433.3606423854224,3,2,0.4660320510217598,1,Unfurnished,Ground,3,1,0,1,0,1,0,16490023.0
Delhi,1602.7432137800101,5,3,0.030264121549186986,1,Semi Furnished,Ground,2,0,0,1,0,1,1,25265103.0
Mumbai,1557.154376529624,1,2,17.268072319955557,0,Semi Furnished,Mid,2,1,0,0,0,0,0,17187254.0
Kolkata,1500.9017531782072,3,4,9.129887166404677,0,Unfurnished,Mid,3,1,0,2,1,1,1,12304300.0
Delhi,955.3286811439468,4,2,1.6274429721185384,0,Semi Furnished,Top,4,0,1,2,1,1,1,16033704.0
Delhi,2054.2223008614465,3,3,29.090866543132535,1,Semi Furnished,Mid,4,1,0,2,0,1,1,20412934.0
Pune,1647.597684079418,3,3,3.3982453235021497,1,Fully Furnished,Mid,1,0,0,0,1,0,0,21391563.0
Ahmedabad,1697.4407450012889,3,3,5.925093476860825,0,Unfurnished,Ground,3,0,1,1,1,0,0,12494850.0
Lucknow,1096.7451854872088,3,1,2.9351415257774116,2,Unfurnished,Top,5,0,0,2,1,0,0,8022290.0
Ahmedabad,1270.3898010053797,2,2,39.20944515774501,0,Fully Furnished,Mid,1,1,1,2,1,0,0,8398137.0
Chennai,1411.9329011446107,5,1,21.286403316467986,0,Fully Furnished,Top,4,0,0,2,0,1,1,13425479.0
Mumbai,732.9376532755742,3,3,19.307783621712943,0,Unfurnished,Top,2,1,0,1,0,0,1,8511492.0
Pune,655.982837401161,3,2,0.6748981994375428,0,Unfurnished,Ground,4,1,0,0,0,0,1,5867453.0
Mumbai,1199.6260346807162,3,3,11.094204383398043,0,Fully Furnished,Ground,3,0,0,1,1,0,1,19287541.0
Chennai,1761.260383221195,2,2,12.850968512212349,2,Semi Furnished,Mid,3,0,1,0,1,1,0,16921545.0
Ahmedabad,1173.4313050350297,5,1,7.231649402569084,2,Fully Furnished,Ground,5,1,0,2,0,0,1,10827636.0
Delhi,990.5974012046432,4,2,5.823728142235018,1,Semi Furnished,Top,4,0,0,0,1,0,0,14651606.0
Hyderabad,1092.657173381165,2,2,28.652355001871733,1,Unfurnished,Ground,2,0,0,0,1,0,0,5937738.0
Hyderabad,1272.3287884273436,5,3,0.3492841353402173,1,Unfurnished,Ground,2,0,0,0,1,0,1,12131964.0
Jaipur,1323.070518589948,3,2,14.726639446087368,1,Unfurnished,Top,3,0,0,1,1,0,0,7904462.0
Kolkata,2582.760726103278,3,3,7.519242370767322,1,Unfurnished,Top,2,0,1,1,1,1,1,25355007.0
Lucknow,2027.3103142436591,3,2,16.44699953487978,1,Unfurnished,Ground,2,0,0,1,0,1,1,10692561.0
Chennai,2012.387056140864,2,3,3.3081579850635414,0,Fully Furnished,Ground,5,0,0,0,1,1,1,21295808.0
Kolkata,2084.290182136691,3,3,4.090115890011441,0,Unfurnished,Ground,3,0,0,1,1,1,0,15961380.0
Lucknow,1000.5895653329753,2,2,13.259306544991349,2,Unfurnished,Top,5,1,0,2,0,1,0,6283873.0
Kolkata,888.8176925063805,3,1,58.63432546153538,0,Unfurnished,Top,1,0,0,2,0,0,1,5115217.0
Ahmedabad,946.5648542329717,3,2,55.14453299801659,2,Unfurnished,Ground,1,1,0,1,1,0,1,5532011.0
Lucknow,2167.253066668919,4,1,4.294864595715528,1,Semi Furnished,Mid,3,1,0,0,0,0,0,14762991.0
Ahmedabad,1226.4041055587545,3,3,1.6196428420401778,1,Unfurnished,Top,3,0,0,2,0,1,1,10490682.0
Delhi,874.3219088803565,2,4,13.386534533783859,0,Semi Furnished,Ground,2,1,0,0,1,0,1,10189097.0
Pune,1284.5018998900935,4,3,8.170457847169414,1,Semi Furnished,Top,3,0,0,2,1,0,1,16354733.0
Ahmedabad,1380.6972341426863,3,3,21.512537082907244,1,Unfurnished,Ground,4,0,1,0,0,1,1,8691131.0
Hyderabad,1634.206636847281,3,2,11.261127204732782,1,Semi Furnished,Ground,4,1,1,2,0,0,0,16554079.0
Kolkata,1625.4755103560215,2,1,10.71822253178647,1,Unfurnished,Ground,2,1,0,0,1,0,1,10655906.0
Jaipur,1085.909718063246,4,3,15.596374096988132,1,Semi Furnished,Mid,2,1,0,0,1,1,1,7918435.0
Bangalore,1842.8281962568553,4,2,2.0273068173536544,1,Fully Furnished,Mid,2,0,0,1,1,0,1,29702208.0
Lucknow,1180.403233124921,4,3,16.959056882986793,1,Unfurnished,Top,3,0,0,0,1,1,0,7762161.0
Chennai,1421.8618316474785,4,3,10.056693146814409,2,Unfurnished,Top,5,0,0,0,1,1,1,14839549.0
Jaipur,1843.3870352516774,3,2,25.734236900195565,2,Semi Furnished,Mid,2,1,0,0,0,1,0,11265760.0
Hyderabad,1179.0892980278293,4,1,2.2398050609003723,1,Fully Furnished,Ground,3,0,0,1,0,1,1,13071804.0
Ahmedabad,1215.3242882094312,3,3,5.366140902592125,0,Unfurnished,Mid,5,0,1,0,0,1,0,9405623.0
Pune,1795.8340248465656,2,2,45.010079008850816,0,Semi Furnished,Mid,2,1,0,1,0,0,1,12924350.0
Delhi,1071.1334116974904,3,3,12.080396078676857,1,Semi Furnished,Ground,3,0,0,1,0,1,1,13797488.0
Bangalore,1307.6039881979646,3,2,39.739857704572934,1,Unfurnished,Top,2,1,0,0,0,0,1,11647438.0
Mumbai,1777.8710890214463,2,2,17.521128673736598,1,Semi Furnished,Mid,5,1,1,0,0,1,0,24146820.0
Jaipur,2527.0462207179876,1,2,39.14304747129891,1,Unfurnished,Top,2,1,1,1,1,0,1,14605825.0
Pune,1802.7022523813735,2,3,5.737064078386164,2,Fully Furnished,Mid,3,0,0,0,1,0,0,20403749.0
Mumbai,1736.3198814950058,3,2,1.4234609882404228,0,Fully Furnished,Mid,2,0,0,1,1,0,0,31655517.125
Bangalore,1765.4007918363648,2,2,24.310650437953566,2,Fully Furnished,Top,1,1,0,0,0,0,0,20296058.0
Chennai,963.4048629664753,2,2,24.48052617564839,1,Fully Furnished,Top,5,0,0,2,1,0,1,8209038.0
Chennai,1557.798369339954,3,2,14.467520998799694,0,Semi Furnished,Ground,3,0,0,0,1,1,1,12860333.0
Kolkata,1485.116755831799,5,2,12.997166477107196,2,Semi Furnished,Ground,3,0,0,1,1,0,1,13105929.0
Bangalore,1660.7922701863781,4,2,36.96036390989408,2,Semi Furnished,Mid,3,1,0,1,1,0,1,18967567.0
Bangalore,1558.2540262379355,3,2,2.9128480173875375,1,Unfurnished,Mid,2,0,0,1,1,1,1,17664726.0
Mumbai,1689.8498387085563,5,2,14.37772013666601,2,Fully Furnished,Ground,2,0,0,2,0,1,1,29911351.0
Pune,1344.266402550399,3,2,0.7657779186370224,2,Unfurnished,Ground,3,0,0,2,0,0,1,12592865.0
Lucknow,1529.3044586858964,3,2,2.277437043700294,1,Fully Furnished,Mid,4,0,0,1,0,1,0,11451105.0
Mumbai,886.085716971504,3,2,8.624392693493329,1,Unfurnished,Ground,3,1,1,1,1,0,0,11402982.0
Delhi,1340.0463609985432,3,2,25.822929493664986,0,Semi Furnished,Top,3,1,0,0,1,1,0,14953884.0
Chennai,2195.4167740883217,2,2,19.815055698199586,0,Semi Furnished,Mid,3,0,0,1,0,0,0,15819575.0
Chennai,1659.404169814128,3,4,54.78207587169746,1,Semi Furnished,Mid,2,1,0,0,0,0,1,13606381.0
Kolkata,1489.5394813084615,3,1,0.6882820167144343,1,Unfurnished,Mid,3,1,0,0,1,1,0,13329323.0
Delhi,2448.0616381271734,3,2,7.203287713350362,1,Semi Furnished,Mid,3,0,1,0,1,0,1,31655517.125
Chennai,819.5825108494604,4,2,2.5937235049332075,1,Semi Furnished,Top,3,0,0,1,1,0,1,9550366.0
Mumbai,945.2722222768901,3,3,0.5649249676937989,2,Fully Furnished,Ground,2,1,0,1,1,0,1,18212525.0
Delhi,2356.3557056381364,3,3,4.605981962999261,1,Unfurnished,Mid,2,1,0,0,0,0,1,31655517.125
Mumbai,1522.980468024467,3,2,4.2050734526573965,2,Unfurnished,Mid,1,1,0,1,0,0,1,22963422.0
Lucknow,1378.7084818551032,5,3,8.171624505535902,2,Semi Furnished,Mid,4,0,0,0,0,1,1,10648170.0
Lucknow,900.3978374521784,3,2,2.263759829768335,1,Unfurnished,Mid,2,0,0,1,1,0,1,6017914.0
Chennai,1723.8481331975058,4,1,10.0580973302728,0,Semi Furnished,Top,2,0,0,0,1,0,1,17955053.0
Chennai,1772.229934763731,4,2,37.904377375329545,0,Unfurnished,Ground,4,0,0,1,0,0,0,9612269.0
Pune,952.7528195825519,3,2,20.686143018337006,1,Fully Furnished,Top,3,0,0,0,0,1,1,9651458.0
Lucknow,1429.8622072247858,3,2,27.69424822220584,1,Unfurnished,Mid,2,1,1,0,1,1,1,7982273.0
Jaipur,1332.242083983467,2,2,24.50047288491585,1,Semi Furnished,Mid,2,0,0,1,0,0,0,6727438.0
Jaipur,1627.9885732093855,5,2,7.405259192144493,2,Unfurnished,Top,3,0,0,1,1,0,1,13754415.0
Kolkata,940.374878889678,2,3,18.514471873352555,1,Unfurnished,Mid,3,1,0,0,1,0,0,6132047.0
Lucknow,2125.9737272565785,3,2,21.0519886438116,1,Fully Furnished,Top,2,0,0,1,0,0,0,14038125.0
Mumbai,1957.9118907988022,3,1,3.4534308615138216,1,Unfurnished,Top,4,0,0,0,0,0,0,28317515.0
Mumbai,1318.412220633592,3,2,29.51982992820818,1,Fully Furnished,Ground,1,0,0,0,1,0,1,14690782.0
Hyderabad,1391.7906441808143,3,2,9.180349975877062,0,Fully Furnished,Ground,3,0,1,0,1,1,1,14958792.0
Delhi,1431.788924861192,4,1,0.24742556559165996,0,Fully Furnished,Ground,3,0,0,1,0,1,0,19010063.0
Ahmedabad,1110.8457234967482,3,1,15.466440163921613,0,Semi Furnished,Ground,4,0,0,1,0,1,1,7153315.0
Jaipur,1278.285290882482,5,2,16.940546445849975,2,Fully Furnished,Top,2,0,0,1,0,1,0,11493090.0
Chennai,1364.8648161626954,3,2,12.036473992562229,1,Unfurnished,Mid,3,0,0,2,1,0,0,11029133.0
Kolkata,2306.4341853535643,2,3,3.5817653937917413,1,Unfurnished,Top,3,1,0,1,0,0,0,20601641.0
Ahmedabad,1973.3091541652184,2,2,9.874753697439578,1,Fully Furnished,Mid,2,1,0,0,1,0,1,15531030.0
Bangalore,1967.3273536683118,3,1,7.665570951083074,1,Fully Furnished,Ground,3,0,0,2,0,1,1,26461796.0
Kolkata,1684.9628065021952,2,2,55.146008906012476,1,Fully Furnished,Mid,2,1,1,2,0,1,0,13400365.0
Bangalore,941.3364955343827,3,4,26.117002133174264,2,Semi Furnished,Mid,4,0,0,2,0,1,1,9951544.0
Lucknow,1479.2544477113104,2,2,21.52594300335254,1,Fully Furnished,Top,4,0,0,0,0,1,1,9810387.0
Bangalore,1985.2442298066899,3,2,2.9964178594759803,2,Fully Furnished,Ground,3,0,0,2,0,0,1,27717851.0
Bangalore,870.8676853163561,3,1,6.030465561241831,1,Fully Furnished,Top,1,0,0,2,0,0,0,11864184.0
Pune,1818.2766034366323,3,2,7.16356691370635,0,Fully Furnished,Mid,3,1,1,2,0,0,0,23581329.0
Pune,2661.304612631383,2,2,10.177648422292142,1,Fully Furnished,Mid,3,0,0,1,1,1,1,29924891.0
Pune,2030.908322994866,2,2,0.4603603501848154,2,Unfurnished,Mid,1,1,0,0,0,0,1,20830299.0
Lucknow,2207.0145677809937,3,2,13.484471507980192,2,Unfurnished,Top,2,0,0,0,1,0,0,12515229.0
Ahmedabad,1609.1693752210804,2,2,6.644153227454363,0,Unfurnished,Top,2,0,0,1,1,1,1,11869730.0
Kolkata,1983.965974382495,3,1,12.371992938581515,0,Semi Furnished,Top,3,0,0,2,0,1,1,17469728.0
Kolkata,1141.0733928229822,3,3,0.1352839925740427,1,Semi Furnished,Ground,3,1,0,0,1,1,1,11727209.0
Chennai,1897.9319061706133,2,2,5.816583932784948,0,Unfurnished,Mid,3,1,0,1,0,1,0,16541750.0
Pune,1827.1940670303816,3,3,21.958394511504324,0,Fully Furnished,Top,3,0,0,1,1,0,1,19307635.0
Lucknow,1644.9555870188315,3,2,10.429689427574784,0,Fully Furnished,Top,3,0,0,1,1,1,1,14135460.0
Chennai,2158.0037098592493,3,3,23.330449487162532,0,Semi Furnished,Top,3,0,0,0,1,0,0,16237426.0
Delhi,1230.6075810763057,3,1,18.007701548535106,1,Semi Furnished,Top,3,1,0,1,1,0,1,15576225.0
Chennai,1406.4712417631688,3,2,28.957108934197755,2,Fully Furnished,Top,2,1,0,1,0,0,0,13386716.0
Ahmedabad,1547.7310206791483,3,3,0.11207145457780167,0,Semi Furnished,Top,3,0,0,1,1,1,0,14225590.0
Jaipur,985.1945144552997,4,3,4.5434685615794255,1,Fully Furnished,Top,2,0,0,1,0,0,0,9456745.0
Bangalore,1613.465971900124,2,2,11.937726082386057,1,Unfurnished,Ground,5,0,1,0,1,0,0,16250484.0
Pune,640.5347935230765,3,3,42.457863989352894,2,Semi Furnished,Top,5,1,0,1,0,1,0,5933122.0
Jaipur,2023.4772672141046,3,3,17.081682164571113,1,Unfurnished,Ground,3,0,0,0,0,1,1,11507699.0
Chennai,1523.3186832829829,3,2,9.148334189847,0,Semi Furnished,Ground,1,1,1,1,1,0,0,15642726.0
Lucknow,1239.5535480481183,3,3,2.0913679408373786,2,Unfurnished,Mid,2,0,0,0,1,1,0,8387379.0
Bangalore,1082.8131938524393,3,2,10.195036926951786,2,Unfurnished,Mid,4,1,0,1,1,0,1,12910317.0
Kolkata,1382.7104851904062,3,2,8.726421055811842,1,Semi Furnished,Ground,2,0,0,1,0,0,1,9931967.0
Mumbai,1844.1298553862068,3,2,22.606149391056732,0,Semi Furnished,Ground,3,1,0,0,1,0,0,22550234.0
Bangalore,1773.8694893687803,4,2,7.99986857570887,0,Unfurnished,Top,2,1,0,0,0,1,0,21829708.0
Ahmedabad,1147.2310263607696,5,3,5.7593283828243225,0,Unfurnished,Ground,4,0,0,1,1,0,0,8341757.0
Ahmedabad,1076.9801636861828,3,2,1.4100402849472506,0,Fully Furnished,Top,4,0,0,1,1,0,0,10851551.0
Chennai,1828.4493531598237,4,1,0.7142545462926531,0,Unfurnished,Top,3,0,0,0,0,0,1,17442352.0
Delhi,1138.8262976924852,1,3,8.674110351378133,0,Semi Furnished,Mid,3,1,0,0,0,0,1,13414369.0
Ahmedabad,1529.9548870397518,3,3,6.389502125058592,1,Fully Furnished,Ground,2,0,1,0,0,1,1,14653416.0
Ahmedabad,1561.8773212621386,2,2,12.15614599642657,1,Fully Furnished,Top,3,0,0,0,0,1,0,13454609.0
Lucknow,1656.0310658633691,2,2,18.66819521210164,1,Unfurnished,Ground,3,1,0,1,1,0,0,8321943.0
Chennai,1929.1352150909358,3,3,0.6124363802723062,0,Fully Furnished,Top,3,1,0,0,0,0,0,21665875.0
Bangalore,868.5185315663387,3,1,10.28414815410117,2,Semi Furnished,Mid,5,1,0,2,1,1,1,12124426.0
Delhi,544.4203373697561,3,2,29.704469238208947,1,Semi Furnished,Top,4,1,0,2,1,0,1,6097141.0
Jaipur,1216.2763593858242,3,1,9.109127905290666,0,Unfurnished,Mid,3,0,0,2,0,0,0,6687825.0
Mumbai,2400.764203916093,3,2,11.048407035976663,0,Fully Furnished,Mid,5,1,0,2,1,0,1,31655517.125
Pune,2511.0870500436895,3,1,10.00610621294548,0,Unfurnished,Mid,3,0,0,1,0,0,0,20489856.0
Kolkata,2415.5885677829438,2,2,7.409353522924721,1,Unfurnished,Mid,1,1,0,0,0,0,0,16992845.0
Ahmedabad,1403.5093161196553,3,3,1.7500218272648222,0,Unfurnished,Mid,3,0,0,1,0,0,1,10081479.0
Chennai,608.9424590075856,3,2,2.0262383375460744,0,Fully Furnished,Ground,4,1,0,0,0,0,1,6807810.0
Pune,400.0,3,2,2.9601131139860892,1,Semi Furnished,Ground,2,1,0,0,1,0,1,4181386.0
Kolkata,1192.9809192252944,2,1,23.59403265364354,1,Semi Furnished,Top,3,0,0,1,0,0,1,8396883.0
Kolkata,1400.9631849253199,2,2,4.830631122034177,1,Fully Furnished,Mid,4,0,0,2,1,1,1,15000438.0
Jaipur,2150.3127005279794,3,2,44.383422252892665,1,Unfurnished,Mid,2,1,0,2,0,1,0,11280912.0
Jaipur,1933.9027297712228,3,2,24.92440832210388,0,Semi Furnished,Ground,3,0,0,1,1,0,1,9366535.0
Jaipur,1613.7025394958102,3,1,17.30588259146254,1,Unfurnished,Ground,2,0,0,1,0,0,1,9139270.0
Hyderabad,1055.0776145294292,2,3,19.115587262615943,1,Semi Furnished,Mid,4,0,0,0,0,0,1,7942810.0
Hyderabad,1019.6102208775549,3,3,0.7320597506577831,1,Unfurnished,Ground,3,0,0,1,0,1,1,8842288.0
Kolkata,1627.0638435357178,4,2,12.603471144497915,1,Unfurnished,Ground,3,1,0,2,1,0,0,12465690.0
Jaipur,1848.5254894198633,4,2,42.4677431328415,0,Unfurnished,Mid,1,1,0,2,1,0,1,10036021.0
Lucknow,1695.9406311227922,3,3,0.5984329728029542,0,Semi Furnished,Mid,4,1,1,1,0,0,0,12673356.0
Ahmedabad,982.7010201966726,2,3,5.15884576571989,0,Unfurnished,Mid,3,0,0,2,1,1,0,7483051.0
Pune,1825.3338143960432,3,4,0.7932840869139705,0,Semi Furnished,Top,4,0,0,1,1,1,0,24638731.0
Pune,1712.9554835507056,2,2,12.650539036576824,0,Semi Furnished,Mid,2,0,0,1,0,0,0,13269553.0
Hyderabad,964.6667969049108,3,3,1.8528779387283474,0,Semi Furnished,Top,4,1,0,1,0,0,1,9806257.0
Kolkata,1107.839514849872,2,1,9.787282482599203,1,Semi Furnished,Ground,2,0,0,1,0,0,0,7871384.0
Chennai,1844.2479872807833,4,2,19.09177663821587,0,Fully Furnished,Mid,2,0,1,0,1,0,1,19284812.0
Bangalore,1382.7462324270546,3,2,2.694770502732661,2,Semi Furnished,Ground,2,0,0,0,1,1,1,18530247.0
Bangalore,2294.5736508182285,3,2,21.11978511209942,2,Unfurnished,Ground,1,0,0,0,0,1,1,21535881.0
Hyderabad,1750.5646380322883,3,2,0.9313941013509992,1,Semi Furnished,Top,3,0,0,2,1,1,0,20214792.0
Chennai,1256.6844059053653,2,2,2.43115858686579,1,Unfurnished,Mid,3,0,0,1,0,1,1,11242298.0
Hyderabad,1494.8971998045336,3,3,4.929860413777281,2,Fully Furnished,Top,2,1,0,1,1,0,0,19846072.0
Bangalore,1531.6916963188592,3,2,23.851815414911638,1,Semi Furnished,Ground,3,1,0,0,0,1,1,15007364.0
Chennai,1135.804843379145,3,3,28.470494935641785,2,Fully Furnished,Top,2,0,0,0,1,1,0,11708413.0
Jaipur,1043.7059009111867,4,1,3.734226290822788,2,Semi Furnished,Mid,4,1,0,0,1,1,0,8579671.0
Kolkata,1850.6949469047497,2,2,1.5103022418205063,2,Semi Furnished,Mid,3,0,0,0,1,1,0,17064663.0
Pune,1922.6366485210478,4,2,28.25356111273314,1,Fully Furnished,Ground,5,1,0,1,1,1,1,17625581.0
Lucknow,1801.8907347764793,3,2,15.720246515600607,0,Unfurnished,Mid,2,0,0,0,0,1,1,9761355.0
Delhi,2257.659047161901,3,3,2.5770538310860527,0,Unfurnished,Top,2,0,0,1,1,0,1,31623778.0
Kolkata,1229.113381994199,3,2,12.237072667866638,1,Unfurnished,Top,2,0,0,1,0,0,1,9441901.0
Jaipur,2337.135383035565,4,2,30.879465793822128,1,Semi Furnished,Ground,2,0,0,0,1,1,0,13138512.0
Bangalore,1049.5394407229237,2,3,1.0807389167656312,0,Unfurnished,Ground,4,0,0,1,0,0,1,10745682.0
Jaipur,993.6572183157537,3,2,1.3115194579307272,0,Unfurnished,Top,2,0,0,0,0,0,0,7015966.0
Hyderabad,620.0205589253749,3,2,4.794977032254509,1,Semi Furnished,Ground,2,1,0,1,1,0,1,5456365.0
Chennai,1277.1023430865914,2,2,15.84460338984319,1,Fully Furnished,Top,1,1,0,0,0,0,0,12359989.0
Pune,1248.1388315852732,2,2,2.9403785420033084,1,Unfurnished,Top,5,1,0,0,0,0,1,11963888.0
Ahmedabad,1762.9686401273252,4,3,25.422257865358745,1,Fully Furnished,Top,4,0,0,1,1,1,0,14574713.0
Hyderabad,1621.9454708102255,2,1,20.820248256251514,1,Semi Furnished,Top,2,1,1,1,0,0,0,13921179.0
Kolkata,903.5133144904316,2,2,12.349003831024023,0,Semi Furnished,Ground,3,1,0,1,0,0,0,5891528.0
Hyderabad,1303.6368807870913,5,2,1.850622118976831,2,Unfurnished,Top,3,0,1,0,1,0,1,14097620.0
Kolkata,1314.2689894561572,3,3,66.6200628952288,0,Unfurnished,Mid,1,0,0,1,1,0,0,7295409.0
Ahmedabad,612.0088765190536,2,3,10.101157436357829,2,Fully Furnished,Ground,3,0,1,1,0,1,0,5586511.0
Mumbai,1009.5266364933152,3,2,9.02420223679808,2,Unfurnished,Top,2,0,0,0,1,1,1,15992935.0
Pune,1114.5931846929552,3,2,80.0,1,Fully Furnished,Ground,3,0,0,0,1,0,0,9119772.0
Lucknow,2216.812509910473,4,1,29.91198316709426,1,Semi Furnished,Mid,1,0,0,2,0,0,0,11375763.0
Lucknow,1595.7253579786764,3,2,9.142233635705104,1,Fully Furnished,Mid,3,1,0,1,1,1,1,12449855.0
Delhi,1831.0843769737498,4,1,8.1399822725371,2,Semi Furnished,Top,1,1,0,0,0,0,0,25222636.0
Jaipur,750.682251425394,2,3,1.5123852463569096,0,Unfurnished,Mid,3,0,0,2,1,1,1,5296009.0
Mumbai,2097.1072415069957,3,3,39.15944550528757,1,Fully Furnished,Top,3,0,1,1,1,1,1,31655517.125
Lucknow,2150.5510315120464,1,2,27.8468554262156,0,Fully Furnished,Top,3,0,0,1,0,1,1,11356737.0
Hyderabad,500.827516427687,2,2,5.566009414001917,2,Fully Furnished,Ground,3,1,1,0,1,0,1,4805033.0
Jaipur,1147.3416380420758,3,1,20.995028226956226,2,Unfurnished,Top,1,1,1,0,0,1,0,6718611.0
Mumbai,1747.882786507755,1,3,21.5783119163282,1,Unfurnished,Top,1,0,0,1,0,0,1,20173164.0
Chennai,1822.194226769091,3,3,3.879826265753864,1,Unfurnished,Top,2,1,0,1,1,0,0,20211662.0
Chennai,1160.7526347563892,4,2,14.265386140362292,0,Fully Furnished,Top,4,1,0,2,1,1,1,13604907.0
Jaipur,1347.2502684731735,3,2,4.416145854723806,1,Fully Furnished,Top,3,0,0,1,0,0,1,11929316.0
Kolkata,1201.3094694774286,1,2,23.401579283927372,1,Semi Furnished,Top,2,1,0,0,0,1,0,8867797.0
Kolkata,1555.2090234730597,3,2,2.5051651006080866,1,Fully Furnished,Top,3,0,0,1,0,0,1,17072407.0
Hyderabad,2098.5892657309564,4,1,16.58029428062697,1,Semi Furnished,Ground,3,0,0,0,0,1,0,15450681.0
Mumbai,1114.4789214293978,3,2,5.918138168380875,2,Unfurnished,Ground,2,0,0,2,0,1,1,15884853.0
Mumbai,2000.410248884207,3,1,0.5527928785737996,1,Semi Furnished,Top,4,0,1,0,1,0,0,31655517.125
Jaipur,1109.1639638265563,2,1,1.9807812109497918,2,Semi Furnished,Ground,4,0,0,1,1,0,1,7707689.0
Bangalore,1076.186393751558,1,1,15.958778273798744,1,Fully Furnished,Top,2,1,0,1,0,0,1,11845054.0
Chennai,1909.2973091716067,3,2,4.114861397101875,0,Fully Furnished,Top,3,0,0,1,1,0,1,22534937.0
Mumbai,1960.9681890038084,2,3,14.955817502994053,1,Semi Furnished,Mid,2,1,0,1,0,0,1,27008491.0
Jaipur,1925.704968381327,4,2,8.037592323066157,2,Semi Furnished,Ground,1,0,1,1,0,1,1,15882979.0
Ahmedabad,842.1012958909295,3,3,17.699619363982485,1,Unfurnished,Mid,4,1,0,0,1,0,1,5818380.0
Delhi,1267.0245109639745,3,2,10.187144154193858,1,Fully Furnished,Top,4,0,0,1,1,1,0,19890378.0
Ahmedabad,1911.4942960016606,4,2,5.534403583346563,2,Unfurnished,Top,2,0,0,0,1,0,0,16183405.0
Pune,1520.7709202819474,4,2,2.3641856162708277,2,Semi Furnished,Top,3,1,1,1,1,1,1,23893004.0
Hyderabad,963.1535769012679,3,2,6.25771273198335,2,Unfurnished,Ground,3,0,0,1,0,0,1,7921561.0
Mumbai,1729.1589695627208,4,1,15.113516550567507,1,Fully Furnished,Ground,2,1,0,1,1,0,0,25685685.0
Pune,1142.5963705042648,5,2,20.233447232342066,1,Semi Furnished,Ground,2,0,0,0,0,1,0,10799877.0
Lucknow,2397.262424196106,4,3,2.621367656037469,2,Semi Furnished,Ground,4,1,0,1,1,0,0,17613731.0
Pune,2272.4207312091294,4,3,16.37182782878086,1,Unfurnished,Mid,4,1,0,0,0,1,1,22743707.0
Jaipur,1802.0487131777836,3,3,2.9635901661224677,1,Fully Furnished,Mid,3,1,0,1,1,1,0,17707771.0
Mumbai,2180.503352384887,3,1,3.7619486317257427,1,Semi Furnished,Ground,1,0,0,1,0,0,0,31288028.0
Delhi,1532.3956750616906,2,2,11.367437368763502,1,Semi Furnished,Ground,4,0,0,0,1,0,1,17049632.0
Jaipur,1882.718747187508,2,2,5.120511319164223,0,Unfurnished,Mid,5,0,0,0,1,0,1,10509774.0
Jaipur,2238.8601476510376,1,3,16.25269769726136,0,Semi Furnished,Ground,4,0,0,0,0,0,0,11129919.0
Hyderabad,1622.7493408971563,2,4,46.777526495756796,1,Semi Furnished,Top,2,1,0,2,1,0,1,13416049.0
Hyderabad,1372.406414242858,3,3,2.418247282531042,1,Fully Furnished,Top,3,1,0,0,1,0,1,17476032.0
Chennai,647.6890209114421,2,1,12.677381379293543,2,Fully Furnished,Ground,4,1,0,1,1,1,0,6713018.0
Chennai,1458.433237139253,4,2,38.51764371771555,0,Unfurnished,Ground,2,0,1,0,1,1,0,9065071.0
Kolkata,1911.7115922811556,4,1,2.9134037576146783,1,Semi Furnished,Top,2,1,0,1,0,0,1,18761549.0
Bangalore,1972.816713783815,2,1,6.855740173450589,2,Fully Furnished,Ground,4,1,0,2,0,0,0,26834929.0
Mumbai,1752.182532859205,2,1,1.979278210482723,1,Unfurnished,Top,2,0,1,1,0,1,0,30349245.0
Mumbai,1229.35045251888,4,2,15.409914848263126,1,Fully Furnished,Top,4,0,0,1,1,0,0,23849551.0
Pune,511.5892155262047,4,2,16.591032038762773,2,Unfurnished,Ground,3,1,0,1,0,0,1,4949323.0
Mumbai,1252.3924509976325,4,2,16.367803254854714,1,Unfurnished,Ground,3,0,1,1,0,1,0,16516387.0
Mumbai,1347.8275644730243,5,2,11.717452972847777,1,Semi Furnished,Top,4,1,1,0,1,0,1,26410704.0
Bangalore,1343.535516404993,5,3,20.57172867454516,2,Unfurnished,Ground,1,0,0,2,0,1,0,15081514.0
Lucknow,1809.278178488962,3,1,0.5480505983830768,0,Unfurnished,Ground,3,1,0,1,1,1,0,11534790.0
Chennai,2492.83820550742,2,2,47.37852907609082,1,Fully Furnished,Mid,3,0,0,0,1,1,1,19239770.0
Chennai,1561.7646009205464,4,2,3.7672863454188037,2,Unfurnished,Mid,3,1,1,1,0,1,1,17630435.0
Delhi,1391.6341054217692,2,2,1.9441486957224554,1,Unfurnished,Top,2,0,1,1,0,0,1,18675475.0
Mumbai,1370.3890934979538,4,2,42.48789465196376,2,Fully Furnished,Top,4,0,1,1,1,0,1,23750397.0
Bangalore,1562.192383453857,3,3,26.617953698153993,0,Fully Furnished,Top,2,0,0,0,0,0,0,17597944.0
Chennai,1085.8531198258006,4,2,21.71427764306487,1,Fully Furnished,Mid,3,0,0,1,0,1,1,10475242.0
Bangalore,1560.0992793730275,2,2,1.6597121545854587,1,Fully Furnished,Top,2,1,0,1,1,1,1,25911706.0
Ahmedabad,1725.4061681659,3,2,24.717163441914302,1,Semi Furnished,Top,5,0,1,1,0,0,1,13413298.0
Lucknow,1604.843031787244,3,2,14.086618229352979,0,Semi Furnished,Mid,2,1,0,1,0,1,1,10229971.0
Mumbai,1728.7709670023905,4,2,19.746410293690168,0,Unfurnished,Top,4,0,0,0,0,0,1,19029078.0
Delhi,1716.8738046742676,2,2,57.29868714375545,2,Fully Furnished,Ground,2,0,0,1,1,0,0,18235364.0
Pune,614.0516588767781,4,2,3.2432857872962026,2,Semi Furnished,Mid,2,1,0,1,1,0,1,7466497.0
Chennai,1818.4350791977017,4,3,10.529245968274779,1,Unfurnished,Top,3,0,0,1,1,1,1,18462783.0
Ahmedabad,1164.492577168773,3,2,20.996892643758144,1,Semi Furnished,Top,4,0,0,1,0,0,1,8003281.0
Bangalore,952.080418498021,4,3,8.528313463632498,1,Semi Furnished,Ground,3,0,0,0,0,0,0,9580585.0
Hyderabad,947.7740860725019,3,2,0.8430496624949672,2,Semi Furnished,Mid,4,1,0,2,0,1,0,10701244.0
Jaipur,1716.7708052362646,2,2,1.7722779735073335,1,Unfurnished,Ground,1,0,0,0,1,1,1,11106558.0
Mumbai,1388.7125363875734,2,2,13.82301580800622,2,Semi Furnished,Ground,5,0,0,2,1,0,0,20136534.0
Mumbai,659.0156080072946,4,3,5.032178031792837,2,Unfurnished,Top,1,0,0,2,1,1,1,11170549.0
Ahmedabad,1739.0189075961416,3,3,2.22472742228351,1,Fully Furnished,Top,3,0,0,0,1,0,0,17059749.0
Bangalore,780.1959346005864,2,1,6.230277258524698,0,Fully Furnished,Top,2,0,0,1,0,0,1,9645230.0
Kolkata,1569.9106792591053,3,1,3.3655570308845215,1,Fully Furnished,Ground,4,0,1,1,1,0,1,15950407.0
Mumbai,1619.249462836527,3,3,0.3634600881037638,2,Fully Furnished,Mid,4,1,0,1,0,0,1,31655517.125
Kolkata,1942.7885408475224,2,3,2.4698297120977766,1,Semi Furnished,Top,3,1,0,0,1,1,1,20032728.0
Hyderabad,2390.842393233426,3,2,32.193718483684705,2,Semi Furnished,Ground,3,1,1,1,1,0,0,21005097.0
Ahmedabad,817.6618370497291,2,2,0.18165475909350431,2,Fully Furnished,Top,4,0,0,1,1,0,0,8272438.0
Bangalore,1473.7630719684753,2,3,22.29837188257333,1,Unfurnished,Ground,4,0,1,1,0,1,1,14518973.0
Bangalore,1361.8323524778914,3,1,21.00353268653099,1,Semi Furnished,Mid,3,0,0,0,1,1,0,12959651.0
Lucknow,1716.8748429804812,3,3,12.459875116076468,1,Semi Furnished,Ground,4,1,0,1,0,1,0,11580844.0
Jaipur,1607.8343854668092,1,2,3.5063911168087456,0,Unfurnished,Mid,3,1,0,2,1,0,0,10572798.0
Chennai,1323.72687863169,3,3,31.563296957990367,1,Unfurnished,Ground,3,0,0,2,0,0,0,8706416.0
Chennai,1279.5489056945723,2,1,9.667514509662626,0,Unfurnished,Mid,3,0,0,0,0,1,1,9302629.0
Pune,941.7745724079763,1,2,2.85299977689217,2,Fully Furnished,Mid,3,1,0,1,1,1,0,12144711.0
Delhi,1993.9307912032546,2,2,8.4060845495992,2,Fully Furnished,Mid,3,1,0,1,0,0,1,30893262.0
Ahmedabad,1729.6020907997647,2,3,3.252152762572739,0,Unfurnished,Mid,3,0,0,1,1,0,1,13233135.0
Hyderabad,1958.8840988975687,2,3,7.074262149075027,1,Fully Furnished,Top,3,0,0,1,0,0,1,19934465.0
Bangalore,1344.8019317622432,4,3,10.298168518192618,1,Fully Furnished,Top,4,0,0,1,0,0,1,20578212.0
Jaipur,1171.5822656527848,3,3,6.691983821661298,1,Unfurnished,Ground,2,1,0,1,0,1,0,7909613.0
Kolkata,960.8424666853861,2,2,16.05230878615135,1,Semi Furnished,Top,3,0,0,0,0,0,1,7003131.0
Ahmedabad,1679.4587918703298,2,1,41.21383062789571,0,Fully Furnished,Mid,1,1,0,1,1,0,1,10656452.0
Pune,980.1033877358827,2,2,6.419097061532161,0,Unfurnished,Top,3,0,0,0,1,0,1,9258536.0
Ahmedabad,2424.331534483275,4,3,6.5947822955708775,0,Unfurnished,Mid,2,1,0,1,0,0,1,19164465.0
Pune,846.1787094532798,3,1,20.108488651201107,2,Unfurnished,Top,3,0,0,1,0,0,1,7237376.0
Bangalore,1636.8300596062509,2,2,11.344210146793566,1,Semi Furnished,Ground,4,0,0,2,0,0,1,16327520.0
Delhi,2283.427353606893,3,1,8.401273759435382,2,Unfurnished,Ground,3,0,0,2,1,0,1,27262756.0
Pune,1799.5448796319045,3,1,25.214668376686785,1,Unfurnished,Mid,3,1,0,0,0,0,1,12036249.0
Bangalore,1587.8368562458897,1,3,33.25107514761064,1,Semi Furnished,Mid,3,0,0,1,1,0,1,13911031.0
Bangalore,1015.7581765190522,3,3,13.39544835353028,1,Unfurnished,Top,3,1,0,1,1,0,1,12077117.0
Delhi,809.1154057161481,3,2,3.0704083321160063,1,Fully Furnished,Top,3,0,0,2,1,0,0,14815316.0
Chennai,1885.025054458793,1,3,9.418424340719055,0,Semi Furnished,Mid,4,1,0,0,1,1,1,16970184.0
Ahmedabad,2253.073620387473,3,1,10.528904015176343,0,Semi Furnished,Ground,4,1,0,2,0,1,0,15069537.0
Mumbai,1280.5750047609142,3,1,8.489984883743668,0,Unfurnished,Ground,3,0,0,1,1,1,1,16336826.0
Mumbai,930.4692461918245,3,3,4.565952410904496,2,Fully Furnished,Mid,2,0,0,1,0,0,0,16839208.0
Kolkata,400.0,3,2,9.589029981186481,1,Semi Furnished,Ground,2,1,0,1,1,0,0,3218466.0
Kolkata,1009.6175781687311,3,2,8.873653689003863,0,Unfurnished,Mid,2,1,0,0,0,0,1,7131240.0
Mumbai,1443.17157875048,3,3,3.526221450330057,0,Unfurnished,Top,3,0,0,1,1,0,0,21350399.0
Hyderabad,2299.561620418367,3,3,35.06240850127959,1,Semi Furnished,Ground,2,0,0,0,0,0,1,15183323.0
Mumbai,1836.5668461164842,3,3,32.48688516439279,1,Semi Furnished,Ground,3,0,0,2,1,0,1,21216983.0
Kolkata,1652.5427023533764,2,3,21.3827912495558,1,Unfurnished,Mid,2,0,0,0,0,1,1,10641292.0
Jaipur,1299.9401693494344,3,2,7.686067483310911,2,Semi Furnished,Top,2,1,0,2,1,1,1,12076240.0
Kolkata,1208.417141372022,3,2,6.938674767860142,1,Fully Furnished,Ground,3,0,0,2,0,1,1,11939203.0
Hyderabad,2202.823798753982,3,3,18.90631556525439,0,Fully Furnished,Ground,5,1,0,0,0,1,0,18868367.0
Ahmedabad,1600.3692703791949,4,2,14.051964845808444,0,Unfurnished,Top,2,1,0,0,0,1,0,10483274.0
Mumbai,448.6996540394889,4,2,13.766814923722203,1,Fully Furnished,Top,2,0,1,2,1,0,1,9587040.0
Delhi,1163.2301760513785,2,2,1.9877476596415347,1,Unfurnished,Mid,2,0,0,2,0,0,0,13673771.0
Jaipur,1070.8919841141867,4,3,14.446167402037254,1,Semi Furnished,Ground,2,0,0,1,1,1,0,7432017.0
Bangalore,1226.8679954112677,3,2,34.820863960625985,1,Semi Furnished,Ground,2,0,0,0,0,0,1,11119774.0
Hyderabad,1781.4553301425426,3,3,1.345858945974358,1,Unfurnished,Top,2,1,1,1,0,0,1,20677250.0
Kolkata,1446.2775591028753,4,1,6.21390936163496,1,Unfurnished,Top,4,1,0,2,1,1,0,13661894.0
Delhi,1461.567296498169,3,2,10.670103876421141,0,Semi Furnished,Ground,3,0,0,0,0,0,1,15858707.0
Pune,2156.7365806626185,3,3,17.375887977718623,1,Unfurnished,Top,2,1,0,1,0,1,1,21278568.0
Chennai,1151.7694551066559,4,1,1.408643754136956,1,Fully Furnished,Mid,2,0,0,2,1,0,1,12464663.0
Mumbai,2432.0997629436747,2,2,30.930649779587814,2,Fully Furnished,Mid,3,1,0,1,0,0,1,31655517.125
Chennai,1164.3462043144568,2,3,0.6208576603016196,0,Fully Furnished,Top,3,0,0,0,0,1,0,12816283.0
Hyderabad,1544.5990983062857,3,3,29.246177414591475,1,Semi Furnished,Ground,2,0,0,2,1,1,0,10296957.0
Pune,1359.3982022986165,4,2,0.4206189424256545,1,Semi Furnished,Top,2,1,0,1,0,0,1,16354793.0
Pune,1561.7095667504805,4,2,2.5000891200500033,1,Semi Furnished,Ground,2,0,0,2,1,1,1,17481570.0
Pune,1722.2959975365645,2,2,24.165875406291228,1,Unfurnished,Mid,1,1,0,1,1,0,0,13251036.0
Bangalore,1716.9176200444383,4,2,29.509321472318327,2,Semi Furnished,Mid,2,0,0,0,0,0,1,16141417.0
Hyderabad,1123.44133468971,2,2,60.48392927573922,0,Semi Furnished,Mid,3,0,0,2,0,0,0,6569336.0
Ahmedabad,938.5426612762146,5,2,1.844635139922254,1,Fully Furnished,Ground,3,0,1,2,0,0,0,9581742.0
Chennai,2751.5858954528553,3,2,11.212501982578715,1,Semi Furnished,Top,3,1,0,0,1,1,1,27321111.0
Ahmedabad,1258.0078301997235,1,2,1.2044232732830253,2,Unfurnished,Ground,5,0,0,0,0,1,0,8418659.0
Delhi,1849.6062193359933,1,1,2.5512880530724065,0,Unfurnished,Ground,3,1,1,2,1,0,1,23214406.0
Lucknow,696.1793447384016,2,1,2.8763786279552357,1,Fully Furnished,Mid,4,0,0,1,0,1,0,5282541.0
Jaipur,1360.1936400476616,2,4,0.9822965773849036,0,Fully Furnished,Top,4,1,0,2,0,0,0,13049867.0
Jaipur,1436.4003080087784,4,4,33.521065990285805,2,Unfurnished,Ground,4,0,0,0,1,0,0,7707943.0
Ahmedabad,1736.4075349639163,2,2,2.026226358958793,1,Fully Furnished,Top,2,0,0,0,1,1,0,16995828.0
Lucknow,400.0,5,3,14.887085294554318,0,Fully Furnished,Ground,3,1,0,0,0,0,1,2953635.0
Lucknow,1583.0703065391654,3,3,14.742351182917487,1,Unfurnished,Ground,1,0,0,0,0,0,1,7446981.0
Mumbai,925.1292723160536,3,1,3.321772355472896,1,Fully Furnished,Mid,3,0,0,1,0,1,0,15148240.0
Delhi,1662.1728555974619,2,2,80.0,0,Unfurnished,Mid,2,0,0,0,0,0,0,12574237.0
Hyderabad,981.8354015809185,4,2,6.401122708083291,2,Unfurnished,Mid,2,1,0,1,0,1,0,8413166.0
Lucknow,1072.2586520372092,3,2,35.32308389506692,0,Unfurnished,Top,4,0,0,0,1,1,0,5293751.0
Kolkata,1363.1861948033659,4,2,44.430033402352706,1,Fully Furnished,Ground,3,0,1,2,0,1,0,10017996.0
Jaipur,973.8352651984023,5,3,44.63565514274442,1,Unfurnished,Mid,5,0,0,0,1,0,1,5018075.0
Kolkata,1262.2327766323226,2,3,20.965644275473796,2,Semi Furnished,Top,3,0,0,2,0,1,0,9919169.0
Delhi,903.3121157283424,2,3,4.391524889291182,0,Semi Furnished,Top,2,1,0,1,0,1,0,12899550.0
Lucknow,583.4147741506363,4,3,1.9286755037439514,1,Semi Furnished,Ground,2,1,0,1,0,0,1,4615008.0
Chennai,2008.9785262146797,4,3,12.655539166121297,0,Fully Furnished,Mid,3,0,0,0,0,1,0,22764352.0
Jaipur,851.9756535880358,3,2,6.695223702551511,2,Unfurnished,Mid,2,1,0,0,1,0,0,5962030.0
Mumbai,1410.6595561960082,3,2,26.671311448103005,0,Semi Furnished,Mid,5,1,0,1,0,0,0,15593255.0
Mumbai,1876.4455407468924,3,2,20.49679087857725,1,Unfurnished,Mid,2,0,0,0,1,1,0,20520714.0
Pune,1192.5279487419784,3,3,4.85416370688683,1,Fully Furnished,Top,1,0,0,0,1,0,1,16177608.0
Bangalore,1087.417050127231,2,2,0.257424841442706,0,Fully Furnished,Mid,2,1,0,0,0,1,1,14061376.0
Lucknow,1613.1190443337107,3,3,4.063667581236859,0,Semi Furnished,Mid,4,1,0,1,1,1,1,11912415.0
Delhi,2058.966911363576,2,4,12.559267872267599,0,Fully Furnished,Top,3,0,1,0,1,0,1,31655517.125
Jaipur,915.3423674567656,3,2,1.2343874717829582,2,Fully Furnished,Ground,4,0,0,2,1,0,0,8281787.0
Bangalore,1424.9260839912806,5,2,16.10612902421472,1,Unfurnished,Ground,2,1,1,0,1,0,0,15741299.0
Delhi,633.7527025163363,4,3,16.707242069631256,2,Unfurnished,Top,3,0,0,0,0,1,1,8433402.0
Ahmedabad,1303.3994981589049,4,1,2.7839944596569484,0,Semi Furnished,Top,3,0,0,2,1,1,1,11555707.0
Lucknow,1517.1023422690378,4,1,13.606926293374633,0,Semi Furnished,Mid,2,1,0,0,0,1,1,9844699.0
Hyderabad,1072.6876791224672,3,3,14.00809451050272,2,Unfurnished,Ground,3,1,0,2,1,0,0,8646334.0
Hyderabad,1271.5040830873843,4,3,9.750687401305552,1,Fully Furnished,Ground,3,1,0,2,1,0,0,14909933.0
Lucknow,795.8866158462749,4,2,45.94277023112345,1,Semi Furnished,Mid,2,0,0,2,1,0,1,4158927.0
Pune,1538.539305690747,4,3,1.7170815103742225,2,Unfurnished,Mid,1,0,0,1,1,0,0,17740189.0
Pune,2027.847124441575,3,2,7.828947435893151,2,Fully Furnished,Mid,2,0,0,1,0,1,0,24619873.0
Hyderabad,951.4280651147682,2,2,32.17356619686788,0,Fully Furnished,Mid,3,0,0,0,1,1,0,6455773.0
Chennai,1188.6641167238085,1,2,7.324078661201532,0,Fully Furnished,Top,3,1,0,2,0,1,0,14166809.0
Jaipur,1751.2731232270908,2,2,8.291380013608684,0,Semi Furnished,Top,3,1,0,1,0,0,1,11762467.0
Hyderabad,2106.045359661368,5,2,16.551683873879156,2,Semi Furnished,Mid,2,0,0,1,1,1,0,19544626.0
Chennai,753.4050938955344,3,3,16.42962601887784,1,Unfurnished,Ground,3,0,0,0,0,0,1,5266643.0
Bangalore,1415.6076312920254,4,2,0.3475242355793449,1,Unfurnished,Ground,2,0,1,0,0,1,1,17978878.0
Chennai,1641.5654111597626,3,2,9.123749771264212,2,Unfurnished,Ground,3,1,0,1,0,0,1,14397235.0
Bangalore,1448.971804685576,3,2,6.0859936651766295,1,Unfurnished,Ground,4,0,0,0,0,0,0,13388487.0
Delhi,400.0,1,1,14.820637979897025,0,Unfurnished,Ground,3,0,0,1,1,0,1,3537768.0
Kolkata,1750.545004654386,2,3,12.168907215931807,1,Semi Furnished,Mid,2,1,1,1,1,1,0,17519999.0
Delhi,2259.668175545322,3,1,15.784304271656724,0,Fully Furnished,Ground,4,1,0,1,0,0,1,28368736.0
Hyderabad,1558.3308755847518,3,2,15.909666547156382,1,Fully Furnished,Top,2,1,0,1,0,0,0,16944830.0
Bangalore,984.4469733528683,2,2,4.41298615721689,0,Semi Furnished,Top,3,0,0,0,1,0,0,11855627.0
Hyderabad,1243.4363768178584,4,3,4.244692494881878,0,Fully Furnished,Ground,1,1,0,0,0,1,1,12390603.0
Lucknow,2384.9565338277966,3,2,6.937257092360341,2,Semi Furnished,Top,3,1,0,1,0,0,0,16977651.0
Jaipur,1954.9812704302794,4,2,4.155256401577936,2,Fully Furnished,Mid,3,1,0,1,1,1,1,19754218.0
Mumbai,1820.0133091921646,2,4,17.223723833349574,2,Fully Furnished,Ground,3,0,0,2,1,1,0,28181039.0
Hyderabad,1678.206291767188,3,1,13.852221920608393,0,Unfurnished,Mid,4,0,0,0,1,1,1,12013375.0
Jaipur,1169.4314439045138,2,2,3.6576001714284607,2,Semi Furnished,Top,3,0,0,1,1,1,1,10275710.0
Chennai,1399.7144096721158,4,4,32.32603530652508,1,Fully Furnished,Ground,1,0,0,1,0,1,0,13008336.0
Delhi,1461.038632160742,3,3,9.26120936746472,2,Semi Furnished,Mid,5,1,1,1,1,1,1,24520361.0
Chennai,1774.787158032222,3,3,2.0382103645630587,2,Semi Furnished,Mid,1,1,0,1,0,0,0,18787186.0
Mumbai,2254.4594471334517,4,1,3.5922495914550816,2,Unfurnished,Mid,3,0,0,1,1,0,1,31655517.125
Bangalore,2059.169068396564,1,1,11.64305969243038,0,Unfurnished,Mid,3,1,0,0,1,0,0,18697664.0
Lucknow,790.3078221019797,1,1,6.196956547488661,1,Unfurnished,Mid,4,0,0,0,0,1,1,4055230.0
Jaipur,1611.9974844505243,4,4,28.57949386201436,1,Fully Furnished,Top,3,0,0,0,1,0,0,11659395.0
Lucknow,1868.3816725839486,3,4,10.240095617702146,0,Fully Furnished,Ground,4,1,0,1,0,0,1,12421829.0
Kolkata,1809.4301650723178,2,2,37.028674367770904,1,Fully Furnished,Mid,4,0,0,1,1,1,0,12919043.0
Hyderabad,1185.3831183062903,3,2,1.6108800148860911,0,Fully Furnished,Mid,2,0,0,0,0,1,0,12060641.0
Bangalore,2858.437593116735,1,1,16.56612679508516,2,Unfurnished,Top,3,0,0,1,0,0,0,30092033.0
Kolkata,861.4577188344406,2,2,32.54507023741952,2,Semi Furnished,Ground,3,1,0,2,0,0,1,5308105.0
Ahmedabad,958.405776666975,3,2,5.19939420990619,1,Semi Furnished,Ground,2,1,0,1,0,1,0,7629790.0
Hyderabad,1616.7975406307883,4,3,2.187314957894832,1,Semi Furnished,Ground,2,0,0,2,1,0,0,16493003.0
Chennai,2558.4015274819267,3,3,9.14987872671802,0,Fully Furnished,Ground,4,0,0,0,1,1,1,27637737.0
Delhi,1081.9025746479147,3,3,48.792007072354906,1,Fully Furnished,Ground,5,0,0,0,0,1,0,12067433.0
Jaipur,1367.085817176504,4,2,15.054793144404512,0,Fully Furnished,Top,3,0,0,2,0,0,0,11778982.0
Mumbai,2038.6468365078463,3,3,15.491397931574811,1,Semi Furnished,Mid,3,0,0,0,0,1,1,28967106.0
Mumbai,1491.0689225561332,3,3,16.698333900473227,2,Fully Furnished,Ground,2,0,0,2,0,1,0,24391617.0
Chennai,1332.698072734852,4,2,0.6086018747720205,1,Semi Furnished,Ground,2,0,0,2,1,0,0,14789406.0
Pune,1782.81645094336,2,2,8.849379965550488,1,Fully Furnished,Mid,3,0,0,1,1,0,1,19864677.0
Mumbai,1636.2589951147966,3,2,1.2111894932057565,0,Semi Furnished,Mid,1,1,0,0,1,1,0,26272507.0
Jaipur,2015.2193928183956,5,3,5.693864892719215,0,Fully Furnished,Ground,3,0,0,1,1,0,0,18646707.0
Chennai,2145.7344445326817,5,4,25.855823848312372,1,Unfurnished,Top,2,1,0,0,1,0,1,20908266.0
Bangalore,1653.5015300026807,2,2,16.018480008825364,0,Fully Furnished,Mid,3,1,0,0,0,0,1,18175065.0
Mumbai,1645.8663626891546,2,3,80.0,1,Semi Furnished,Mid,2,0,0,0,1,1,1,18586932.0
Lucknow,1607.0554911430668,2,1,2.83392967284377,1,Semi Furnished,Top,2,0,0,0,0,0,1,10439216.0
Chennai,1744.5652783246437,3,3,7.588920453343607,1,Semi Furnished,Mid,3,1,0,1,0,1,1,19021230.0
Jaipur,1527.585318935732,3,3,24.88259098677714,1,Unfurnished,Mid,2,0,0,2,0,1,0,8305229.0
Lucknow,1499.6957588388552,3,2,3.6442945752761715,1,Unfurnished,Ground,1,0,1,1,0,0,0,8521133.0
Hyderabad,2098.3135604136214,4,3,2.503607798541872,1,Semi Furnished,Mid,3,1,0,0,0,1,1,23056681.0
Hyderabad,2258.0580901775215,3,2,8.36908753479013,0,Semi Furnished,Mid,3,0,0,0,0,0,0,17715887.0
Mumbai,746.2235276832896,4,2,7.26096606760627,0,Semi Furnished,Top,2,0,0,2,0,1,0,11613708.0
Lucknow,1505.0105758702846,2,2,58.83560147892237,2,Fully Furnished,Mid,3,0,0,0,1,0,1,7690531.0
Delhi,1155.6527832773827,1,2,9.139027628793492,1,Semi Furnished,Top,2,0,0,0,1,0,0,14995259.0
Hyderabad,1344.514266756964,3,3,29.59343099242234,1,Fully Furnished,Top,2,1,0,0,0,0,0,12133706.0
Delhi,1701.2581048676607,2,1,32.834228866264596,1,Unfurnished,Top,4,1,0,0,1,1,0,16204735.0
Bangalore,1834.7191857712342,3,2,2.577343766812318,0,Unfurnished,Mid,3,1,0,1,0,0,0,19858021.0
Chennai,1443.9367781943276,4,3,18.845042236169746,0,Semi Furnished,Top,2,0,0,1,1,0,1,13752420.0
Kolkata,543.3298326385985,2,1,4.877792393362361,1,Unfurnished,Ground,4,0,0,1,1,0,1,3646095.0
Jaipur,1017.4772097119102,3,1,1.4929791601799736,1,Fully Furnished,Mid,4,0,1,1,0,0,0,8629067.0
Chennai,1948.249835100083,3,2,31.156254188903326,1,Fully Furnished,Mid,2,0,0,2,1,1,0,16694337.0
Jaipur,400.0,1,2,5.188845182926183,0,Semi Furnished,Top,1,0,0,1,0,1,1,2639350.0
Lucknow,2093.713575841,3,2,6.355177115113893,0,Semi Furnished,Top,3,0,0,0,1,0,1,13526563.0
Bangalore,1760.6149953222707,4,2,5.873189773560437,1,Unfurnished,Top,3,0,0,0,0,1,1,19841859.0
Ahmedabad,2158.088040765011,3,1,3.352693473091329,1,Semi Furnished,Top,3,0,0,1,1,1,1,17766590.0
Mumbai,1400.7154065595198,3,2,8.550764460639757,2,Semi Furnished,Ground,3,1,0,1,0,0,1,20174067.0
Jaipur,469.2972879885476,4,3,8.38692514740303,0,Semi Furnished,Mid,3,0,0,1,1,0,1,3319931.0
Jaipur,1715.181320753249,4,3,7.882786331954959,2,Fully Furnished,Top,5,0,1,0,1,0,0,18719838.0
Lucknow,2137.3265620191705,2,2,37.20734079235387,2,Unfurnished,Ground,4,0,0,0,0,1,0,8609048.0
Delhi,1962.3609027567104,3,4,6.227087918917131,1,Semi Furnished,Top,2,0,0,1,1,0,0,31101613.0
Chennai,1168.6542582559823,3,3,0.4627486643744396,1,Semi Furnished,Ground,3,1,0,0,0,0,1,11677698.0
Ahmedabad,1543.3805377313233,3,4,2.9481999458688164,2,Semi Furnished,Mid,3,0,0,1,1,1,1,14356954.0
Pune,1233.581865610038,3,2,19.174900839400646,0,Fully Furnished,Ground,3,0,1,1,1,0,0,13080014.0
Mumbai,1090.366767905314,2,3,13.405417152740055,1,Fully Furnished,Top,4,1,0,0,1,0,1,18637000.0
Kolkata,1977.6942855899256,3,3,45.465668286206366,0,Semi Furnished,Mid,2,0,0,0,1,1,1,12307935.0
Pune,901.2338443674189,3,2,17.78389661760378,1,Unfurnished,Top,3,0,0,0,0,0,1,7788901.0
Chennai,1053.0917847091937,3,1,3.239571365457417,0,Fully Furnished,Mid,4,0,0,0,0,1,1,10673285.0
Mumbai,947.9871832638073,4,3,1.9284855933515752,2,Semi Furnished,Top,1,1,0,1,0,0,1,19411809.0
Jaipur,754.8762383504767,4,1,11.033299415600746,1,Unfurnished,Ground,4,0,0,0,1,1,0,4420396.0
Kolkata,1573.2071459213016,3,2,16.41614012794622,2,Semi Furnished,Mid,4,1,0,2,1,0,0,12152944.0
Delhi,2080.751524240988,3,2,2.7162960820462456,0,Unfurnished,Ground,2,0,1,1,1,1,0,26314477.0
Ahmedabad,1407.561621877367,3,3,13.807983604854808,1,Fully Furnished,Ground,2,0,0,1,1,0,0,11864734.0
Delhi,747.1260997179168,3,3,30.040394950086437,1,Unfurnished,Top,2,0,0,0,0,0,0,6577369.0
Bangalore,1919.9722698710139,5,2,19.505544660086965,1,Fully Furnished,Mid,2,0,0,0,1,0,0,23758701.0
Lucknow,2342.850877017486,3,3,16.368194608302083,2,Fully Furnished,Ground,3,0,0,1,1,0,1,15022642.0
Mumbai,1176.8788379267028,2,2,23.362010345432537,1,Unfurnished,Top,5,1,1,1,1,0,1,15962207.0
Delhi,1260.7228666411409,3,3,1.6486076921957609,0,Fully Furnished,Top,2,0,1,2,0,0,1,24322883.0
Pune,1757.830315041697,3,2,3.41916564930926,2,Unfurnished,Ground,2,0,0,1,1,0,1,16399520.0
Lucknow,2310.936873892526,3,3,0.5826639139070043,1,Unfurnished,Ground,2,1,1,1,1,0,0,17275448.0
Delhi,1240.0829271373868,3,2,2.3494202333332628,0,Fully Furnished,Ground,4,0,0,1,0,1,1,16025865.0
Hyderabad,833.7751095008975,2,2,36.65917878806553,1,Fully Furnished,Top,3,1,0,0,0,1,1,7505696.0
Bangalore,1815.7093031362033,1,2,3.7682258223987803,1,Fully Furnished,Mid,2,1,0,2,0,1,0,26319792.0
Chennai,1899.5340365711497,3,3,16.274955707930857,1,Fully Furnished,Top,4,1,0,2,1,0,0,23433658.0
Ahmedabad,1503.0657252176134,3,4,17.643771703084205,1,Fully Furnished,Ground,4,0,1,1,1,0,1,14180623.0
Bangalore,1220.9333701712746,2,2,15.548320456657093,1,Semi Furnished,Top,3,1,1,0,1,1,1,16642037.0
Lucknow,1997.1893654960231,4,2,12.108889827851911,0,Semi Furnished,Mid,2,1,0,2,1,0,1,14195465.0
Hyderabad,1764.0180022739821,3,3,9.986784599128947,1,Semi Furnished,Top,2,0,0,0,0,0,0,17107105.0
Mumbai,1115.7822415482535,4,3,8.1688605759896,1,Semi Furnished,Top,2,1,1,1,0,0,1,21459506.0
Pune,1524.5473656528357,2,2,37.315423391198394,1,Semi Furnished,Top,2,0,0,1,0,0,1,11139997.0
Ahmedabad,824.1462339876767,2,1,0.14339867343923166,0,Unfurnished,Top,2,0,0,0,0,0,0,5042933.0
Ahmedabad,1842.94522821896,3,2,0.8246002206136763,1,Fully Furnished,Top,4,1,0,1,0,0,1,19598937.0
Bangalore,1368.883215308572,2,2,10.174246964019819,2,Semi Furnished,Ground,1,0,1,0,0,1,1,16568214.0
Lucknow,1282.1445838076315,4,2,6.018587590066186,2,Unfurnished,Mid,3,0,0,1,0,0,1,8597613.0
Mumbai,1483.5627574237828,1,2,7.869563898213868,1,Unfurnished,Ground,1,0,1,2,0,1,0,18111590.0
Jaipur,1520.153849665124,3,1,80.0,0,Semi Furnished,Top,2,0,0,0,1,1,1,8157170.0
Hyderabad,1947.4650307827803,4,3,22.383805787134964,1,Semi Furnished,Top,3,1,1,0,1,1,1,19532663.0
Jaipur,1795.5452656626107,3,4,31.48339727180686,0,Semi Furnished,Top,2,1,0,2,1,1,1,12451108.0
Pune,1421.7953606035987,2,3,6.896631284668177,1,Semi Furnished,Mid,5,1,1,1,0,1,1,16411390.0
Mumbai,1881.8340748594976,3,3,4.107879667190753,1,Unfurnished,Ground,1,0,0,0,0,0,1,24282027.0
Mumbai,1700.3686268458066,3,3,21.914652350141136,1,Fully Furnished,Ground,2,1,1,0,1,1,0,28239551.0
Hyderabad,1286.7001818569815,2,2,24.720817473690648,0,Fully Furnished,Top,4,1,0,2,1,1,1,12070684.0
Kolkata,1437.640920881757,3,2,11.974230690986486,1,Unfurnished,Ground,5,0,0,1,1,1,0,10389606.0
Jaipur,1425.8885555784395,4,1,33.94203268117327,2,Semi Furnished,Mid,5,0,1,2,1,0,1,9408408.0
Delhi,1752.6306715871008,4,3,51.31729317868903,1,Fully Furnished,Ground,4,1,0,1,1,1,0,20698333.0
Ahmedabad,1316.4886926391791,1,4,9.552089063251056,1,Semi Furnished,Top,5,0,0,1,0,0,0,9398004.0
Kolkata,1304.7954067891833,2,3,3.7782903241957904,0,Fully Furnished,Ground,4,1,0,0,1,0,0,12306792.0
Delhi,2484.3786547169793,2,2,10.91959243264114,1,Fully Furnished,Ground,1,1,0,0,0,0,1,31655517.125
Lucknow,1969.867740873552,3,3,68.39323796911398,1,Fully Furnished,Ground,4,1,0,1,0,0,1,11952351.0
Hyderabad,1119.6996677874304,3,3,5.199317501786908,1,Unfurnished,Ground,3,0,1,0,0,0,1,10107380.0
Lucknow,1785.4704969710992,4,2,14.419294939879284,1,Semi Furnished,Mid,3,0,0,1,0,1,1,11537344.0
Ahmedabad,1559.1750328275887,3,3,17.761751895935642,1,Fully Furnished,Top,1,0,0,0,1,0,0,13966893.0
Chennai,1695.7755876300469,2,2,3.610618473302146,1,Fully Furnished,Ground,3,0,0,1,1,1,1,19766916.0
Delhi,1568.6706622825523,3,3,13.317703901894003,0,Fully Furnished,Ground,3,1,0,1,0,1,0,21733508.0
Kolkata,2094.8213227426177,2,1,5.664255003961661,0,Semi Furnished,Ground,4,0,1,0,1,0,0,15034873.0
Delhi,1672.810172325723,2,2,28.883780512863073,2,Fully Furnished,Mid,2,0,0,0,0,0,0,17840511.0
Delhi,1468.9556508928563,2,3,18.816027121963508,1,Unfurnished,Top,2,0,0,1,0,1,1,17217989.0
Hyderabad,2021.0952884915087,2,2,26.25348518473087,0,Fully Furnished,Mid,3,1,0,1,0,0,1,16046757.0
Lucknow,1616.642520543936,3,2,3.3411993501072894,2,Fully Furnished,Top,2,1,0,0,0,0,0,13443951.0
Jaipur,1560.739289664529,3,2,0.5277983285196406,0,Unfurnished,Ground,4,0,0,2,0,1,1,9938201.0
Chennai,1657.0113012430572,2,3,28.509460584897738,1,Semi Furnished,Top,2,1,0,1,1,0,0,13611871.0
Hyderabad,1453.1954883168169,5,2,7.3348416795401175,0,Semi Furnished,Top,2,1,0,0,1,0,1,16601507.0
Pune,1504.6134964977346,3,3,2.9716871092672053,2,Fully Furnished,Top,3,0,0,0,1,1,0,21054807.0
Hyderabad,1206.6527056190637,2,3,1.4459350579545853,1,Semi Furnished,Ground,3,1,1,1,0,0,1,12378384.0
Ahmedabad,1124.4163901880606,2,2,10.900584468294483,1,Unfurnished,Mid,2,1,1,1,0,0,1,8467100.0
Chennai,1000.7148067587802,3,2,2.4400420997035295,1,Semi Furnished,Ground,2,1,0,1,1,0,1,10477126.0
Mumbai,804.008356601462,5,1,12.54459815781333,0,Fully Furnished,Mid,3,1,0,1,0,1,1,14242223.0
Pune,1060.1413193077217,3,2,19.49110471546434,1,Unfurnished,Mid,5,0,0,0,0,0,1,8056548.0
Bangalore,1412.8664827665373,4,2,11.487644718830904,1,Fully Furnished,Mid,5,0,0,1,0,0,1,18677701.0
Hyderabad,1551.5587912228184,3,2,35.10427055356278,2,Unfurnished,Mid,3,0,0,1,1,0,0,9636774.0
Delhi,1364.3517184261798,3,2,2.5363948587027867,2,Unfurnished,Mid,4,1,0,0,0,0,0,17743596.0
Jaipur,400.0,3,2,10.216899957359919,2,Fully Furnished,Ground,2,0,0,0,0,1,1,3347494.0
Mumbai,2287.293178881171,3,3,2.6723817664480074,1,Fully Furnished,Ground,2,0,0,2,0,0,0,31655517.125
Hyderabad,2043.2400614451908,3,2,31.300246653487307,1,Semi Furnished,Mid,3,0,0,0,0,1,1,12939634.0
Hyderabad,1722.8799256085645,4,3,40.37658823661511,1,Semi Furnished,Top,4,1,0,0,0,0,0,13751333.0
Kolkata,2453.745336276634,1,1,7.6622813979144055,1,Fully Furnished,Ground,2,0,0,1,0,1,0,18622847.0
Kolkata,1011.3179412581446,3,1,5.4738096509675405,1,Fully Furnished,Mid,3,1,0,0,0,1,0,9355558.0
Mumbai,2443.8125603130025,3,2,4.913319755269287,2,Semi Furnished,Mid,2,0,0,1,0,0,1,31655517.125
Lucknow,1017.392961624726,3,1,29.462508325657037,2,Fully Furnished,Top,3,0,0,1,1,1,1,6410220.0
Kolkata,1619.3689626456783,2,3,17.206418442217082,0,Unfurnished,Top,4,0,1,2,0,0,0,12146620.0
Delhi,863.0813374328978,3,2,31.878268664805216,1,Semi Furnished,Mid,4,1,0,0,1,1,1,8735999.0
Pune,1507.3470477721835,3,2,1.875233408896588,1,Semi Furnished,Top,3,0,0,0,0,1,0,16773695.0
Bangalore,1693.0832489991944,3,2,9.694753402979547,1,Unfurnished,Ground,2,0,0,0,1,1,1,17390197.0
Chennai,1422.6548344327227,4,2,16.913470150695925,1,Unfurnished,Mid,4,1,0,0,0,0,0,11735239.0
Bangalore,1856.9387220450687,3,2,34.1086177735547,2,Fully Furnished,Ground,2,0,0,1,0,0,0,16453180.0
Bangalore,1549.5072247436287,3,1,7.2194686872278515,1,Fully Furnished,Mid,4,0,0,2,0,0,0,20244384.0
Chennai,1238.7926358112454,5,1,5.633281583395064,0,Unfurnished,Ground,2,0,0,0,1,0,1,9886326.0
Kolkata,1216.5933410988305,4,2,36.62179636041093,1,Unfurnished,Mid,3,1,0,0,1,1,1,6969187.0
Mumbai,1905.4568863078482,2,2,0.7305015232029354,2,Semi Furnished,Ground,3,1,0,2,0,0,1,31655517.125
Chennai,1173.1289850965163,2,3,9.797232985400576,2,Semi Furnished,Top,1,1,0,2,1,0,0,13337053.0
Ahmedabad,1957.7014852424684,3,2,9.204689431853325,0,Semi Furnished,Mid,4,1,0,0,1,0,1,16233310.0
Lucknow,2111.3558964159656,3,1,2.3683521869351316,1,Fully Furnished,Mid,3,0,0,2,1,0,1,17109985.0
Pune,665.6430688269351,4,2,7.536665452406685,0,Semi Furnished,Mid,2,0,0,1,1,0,1,7170282.0
Jaipur,2066.4631936505175,4,2,19.23440750651416,1,Unfurnished,Mid,2,1,1,2,1,1,1,13980461.0
Kolkata,2530.21134922235,4,1,6.856155748845389,1,Semi Furnished,Ground,3,1,0,0,1,1,1,22559094.0
Lucknow,1626.0018806009643,2,1,5.558576158130763,1,Unfurnished,Mid,1,1,0,1,1,1,1,9924297.0
Chennai,1799.5420926474112,3,2,22.84171445476221,0,Unfurnished,Top,3,1,0,0,1,0,0,13552915.0
Ahmedabad,2018.5026621845793,2,2,67.26475937746059,1,Fully Furnished,Ground,3,1,0,1,1,0,1,13243487.0
Jaipur,1362.2588424104888,2,3,22.667824531938898,2,Fully Furnished,Mid,2,1,1,2,1,1,1,12018153.0
Pune,1591.140111768935,3,3,28.09551463047513,1,Semi Furnished,Mid,2,1,0,0,0,0,0,12517191.0
Pune,842.9002351884453,2,2,42.07686461426098,0,Semi Furnished,Ground,3,0,0,0,0,0,1,5615177.0
Kolkata,1569.3175142652256,3,1,24.27509620253688,0,Semi Furnished,Ground,2,0,0,0,1,1,0,9282737.0
Chennai,1749.0559978222707,3,2,58.948444136746424,0,Fully Furnished,Mid,2,0,0,1,0,0,1,14845286.0
Lucknow,1758.0815114632346,4,3,20.632349377262777,0,Unfurnished,Ground,2,1,0,1,1,1,0,9591455.0
Mumbai,2032.7123617987902,2,4,16.24946714590787,2,Unfurnished,Top,3,0,0,1,1,1,1,30318968.0
Lucknow,1112.5989109322354,4,1,17.730652739347082,1,Fully Furnished,Mid,2,0,0,1,0,1,1,7572800.0
Lucknow,1233.6966216632518,5,2,34.55105543561521,0,Semi Furnished,Mid,4,0,0,1,0,0,0,6033297.0
Pune,2447.7536729956773,4,3,17.23318826899823,0,Fully Furnished,Ground,4,0,0,0,1,1,1,26792002.0
Mumbai,1424.835813118145,4,3,21.48225827374305,2,Unfurnished,Top,2,0,0,1,0,0,0,20064757.0
Mumbai,1600.016893656164,3,1,3.650383938659485,1,Fully Furnished,Top,2,1,0,0,0,0,0,26111853.0
Kolkata,1466.4949791373895,3,3,36.56741716820067,1,Fully Furnished,Mid,4,1,0,1,0,1,0,10557655.0
Jaipur,1089.1595868474888,3,2,8.891744423305147,1,Unfurnished,Top,3,0,0,1,0,0,0,6493004.0
Hyderabad,2311.7646054459033,3,1,2.6343724068178047,0,Fully Furnished,Top,4,0,0,1,0,1,0,23268562.0
Bangalore,1236.1492940396972,3,2,24.125616528956524,2,Fully Furnished,Top,3,1,0,1,0,1,1,15236701.0
Bangalore,936.357238146535,4,2,6.610005224992104,0,Fully Furnished,Mid,1,1,0,1,1,0,0,13370968.0
Pune,1274.6298613486242,3,3,3.0523041481456787,1,Semi Furnished,Mid,4,0,1,0,1,0,0,15407696.0
Hyderabad,499.14699913723325,2,3,4.440778210083169,0,Unfurnished,Top,3,1,0,2,0,0,0,5054189.0
Jaipur,1174.356267508409,3,3,0.5336146346855205,1,Semi Furnished,Top,3,1,0,1,1,0,1,10292230.0
Hyderabad,1015.9357010738368,2,2,1.4249326575094055,2,Unfurnished,Mid,2,0,0,1,1,0,1,9100020.0
Kolkata,1808.7143154636622,3,1,13.470307383992537,1,Unfurnished,Mid,1,1,0,0,0,1,0,13417007.0
Lucknow,1163.2928802200638,1,2,30.173135767785123,1,Unfurnished,Ground,2,0,0,1,1,0,0,4368339.0
Pune,1943.9019677894244,3,2,8.927528827468937,1,Fully Furnished,Ground,2,0,0,1,0,1,1,23884493.0
Mumbai,2199.2419965346608,4,3,14.754824315209756,0,Semi Furnished,Top,3,1,0,1,1,1,1,31655517.125
Pune,1890.5876681437996,3,2,24.88991193240262,2,Unfurnished,Mid,1,0,0,1,0,1,0,13929362.0
Bangalore,1392.3058555699618,1,2,6.61876839832351,1,Semi Furnished,Mid,4,0,1,0,1,1,0,16367818.0
Jaipur,1570.5572483527965,3,2,15.933369508921398,1,Semi Furnished,Mid,2,1,0,1,1,1,0,11669491.0
Hyderabad,737.5075299279702,2,2,6.471726118959829,1,Semi Furnished,Top,4,0,0,0,1,0,1,6449352.0
Jaipur,1433.1103137393802,3,2,15.438337339938535,0,Semi Furnished,Ground,4,0,0,1,1,1,1,8421893.0
Kolkata,1069.7807659665834,3,2,3.6809854134577686,1,Fully Furnished,Mid,2,0,0,0,1,1,0,10312175.0
Pune,1847.1631905746494,4,3,57.14176223564118,1,Fully Furnished,Mid,2,1,0,1,0,1,1,17771133.0
Chennai,2786.3761946222367,1,3,1.1885342409379975,1,Unfurnished,Ground,3,0,0,1,1,0,0,25005735.0
Pune,1749.9108179869047,3,1,10.55502045245335,2,Unfurnished,Mid,3,1,0,1,1,1,1,16830021.0
Mumbai,504.42992552266674,4,2,5.059313207541856,0,Fully Furnished,Mid,1,0,0,2,0,1,0,8640465.0
Pune,1319.3849035428134,5,3,13.77581273444718,0,Unfurnished,Ground,1,1,0,1,1,0,1,11628928.0
Ahmedabad,1561.2454626872272,2,1,8.387296647473107,1,Fully Furnished,Ground,2,0,0,0,1,0,1,10818338.0
Kolkata,1543.678712630132,3,3,5.493642579363873,0,Semi Furnished,Mid,3,0,0,0,1,0,0,11673261.0
Delhi,1134.5934371956234,1,2,4.315983871324593,1,Semi Furnished,Mid,1,1,0,2,1,0,0,16473363.0
Kolkata,1622.6458713184677,3,2,3.02254021561578,1,Fully Furnished,Mid,3,0,0,2,0,0,1,16837977.0
Hyderabad,878.7495815403064,2,3,22.909529001574736,0,Unfurnished,Ground,2,1,0,2,0,0,1,6096910.0
Delhi,1027.5456386574665,4,2,3.769286645748094,0,Unfurnished,Mid,3,1,0,2,1,0,0,14954086.0
Hyderabad,1822.8988208018557,2,2,22.276889970550165,0,Fully Furnished,Ground,4,1,0,0,1,1,0,14297782.0
Hyderabad,992.168384560087,3,1,9.954950255407073,0,Fully Furnished,Mid,4,0,0,0,1,1,1,9071446.0
Mumbai,1769.1058027461286,3,1,1.124539335848356,0,Semi Furnished,Top,1,1,0,0,0,0,1,29998924.0
Mumbai,815.2681126719709,5,2,2.7128077138609945,0,Unfurnished,Mid,4,0,0,0,1,0,1,12862444.0
Lucknow,2382.4129418958682,3,2,33.51053497431192,1,Semi Furnished,Mid,3,0,1,0,1,1,0,13153957.0
Bangalore,1112.8650387979726,2,2,13.850327721814216,1,Fully Furnished,Mid,4,1,0,1,1,1,0,13497504.0
Lucknow,1388.166714098278,2,3,3.056239719826523,0,Unfurnished,Top,3,1,0,1,1,0,0,9457574.0
Lucknow,1665.306630545203,2,2,18.249029017044045,1,Semi Furnished,Ground,3,0,0,0,1,0,1,8463343.0
Bangalore,1217.3250237494528,4,2,25.99628134451286,0,Unfurnished,Mid,3,0,0,0,0,1,0,9105383.0
Chennai,1571.7029805356522,3,2,6.02179333757695,1,Unfurnished,Ground,2,1,0,0,1,0,0,13262265.0
Delhi,1787.6783622600628,3,2,12.199082779656363,1,Fully Furnished,Ground,2,0,0,0,1,0,0,21863572.0
Jaipur,1980.3066162517425,1,2,5.210418988414116,1,Semi Furnished,Top,1,1,0,1,1,0,1,13929630.0
Lucknow,1895.7487179864786,4,2,1.2517304350232015,0,Fully Furnished,Top,4,0,0,0,0,0,1,15317077.0
Pune,1414.094768098663,3,3,7.650116318106765,1,Semi Furnished,Mid,4,1,0,1,0,1,1,15598038.0
Pune,1426.6841129781988,5,2,20.880583588912213,2,Fully Furnished,Mid,4,0,0,0,0,1,0,15183116.0
Hyderabad,2674.5542790125164,3,2,9.206177894615372,1,Fully Furnished,Top,4,0,0,1,1,0,0,29422743.0
Bangalore,1974.944534124646,3,3,7.79469134985891,0,Fully Furnished,Top,5,1,0,1,0,1,1,31289527.0
Hyderabad,1039.0881718398932,3,1,6.835764952089553,2,Semi Furnished,Mid,3,1,0,1,1,1,0,10111635.0
Ahmedabad,1549.9940818827758,2,3,9.212733968662631,1,Fully Furnished,Mid,2,1,1,0,0,0,0,14193861.0
Ahmedabad,1332.4284306109037,3,2,5.7459207666038425,2,Unfurnished,Ground,3,1,0,1,0,0,0,10160069.0
Jaipur,1432.332883038445,3,3,14.208371718491106,0,Fully Furnished,Mid,2,0,1,1,0,0,0,10844740.0
Mumbai,885.2524211459561,2,3,0.985143193347251,1,Unfurnished,Top,2,0,0,1,0,0,1,12362000.0
Mumbai,1294.0383828070235,2,3,24.706175651468133,1,Semi Furnished,Ground,3,1,0,0,1,0,0,15214868.0
Bangalore,2405.7778865969567,2,2,2.8522871270879966,1,Unfurnished,Ground,1,0,0,0,1,1,1,23238079.0
Bangalore,1789.5381504377515,4,3,15.054089391683195,0,Unfurnished,Ground,1,1,0,0,1,1,1,18938061.0
Lucknow,400.0,2,2,8.96435143669794,1,Unfurnished,Ground,3,1,0,2,0,1,0,2360812.0
Ahmedabad,2108.3617462489733,3,3,22.274727657954056,1,Unfurnished,Ground,2,1,0,2,1,0,0,13079606.0
Lucknow,2044.8147614545805,2,1,26.24257238293766,1,Unfurnished,Ground,2,0,0,0,1,1,0,8319888.0
Mumbai,1320.3573478467918,3,1,3.426117730152917,1,Semi Furnished,Top,2,0,0,0,0,1,1,22214530.0
Delhi,1858.6317718916075,3,1,16.959866184857145,1,Semi Furnished,Top,3,1,0,0,1,0,1,23176753.0
Delhi,1070.3003945913997,4,2,3.1591027298823304,1,Semi Furnished,Mid,2,1,0,0,0,0,0,14831398.0
Bangalore,1264.8721418668213,2,1,1.985808040491168,0,Semi Furnished,Top,3,1,1,2,0,0,0,17243462.0
Hyderabad,2249.273180334927,3,2,39.95248544698851,1,Semi Furnished,Top,4,1,0,1,1,0,0,19116484.0
Mumbai,1364.1349800651458,3,2,2.6938825423828203,0,Semi Furnished,Mid,4,0,0,2,1,0,1,20687372.0
Delhi,565.1341690225045,5,3,3.884124610347479,2,Fully Furnished,Ground,4,0,1,2,0,0,1,10935195.0
Mumbai,1468.3483886093316,2,1,2.094518391673094,1,Unfurnished,Top,4,0,0,0,1,1,1,19593054.0
Kolkata,1460.7058035428215,1,2,9.531437382136984,1,Semi Furnished,Top,2,0,0,1,0,1,1,10931787.0
Pune,2099.18428468673,3,2,37.81248274678369,2,Fully Furnished,Ground,4,0,0,1,1,1,0,19398553.0
Ahmedabad,1507.16821108788,2,2,4.599013426005805,0,Semi Furnished,Ground,3,0,0,1,1,0,0,10033637.0
Lucknow,1289.2088442798536,1,1,11.70844932524367,1,Semi Furnished,Top,2,0,0,0,0,0,0,7170021.0
Mumbai,2022.528072615603,3,4,7.951623590241011,1,Fully Furnished,Ground,3,0,1,2,1,1,1,31655517.125
Pune,1560.3951162505552,3,2,6.14230953837999,2,Semi Furnished,Top,2,0,1,1,1,0,1,22725143.0
Kolkata,1124.9886592171415,3,3,12.734833535120604,1,Unfurnished,Ground,2,0,0,0,1,1,1,8448511.0
Lucknow,2077.4987802708088,3,2,12.27701367790766,1,Unfurnished,Mid,3,0,0,1,1,1,1,12374043.0
Mumbai,1596.8308822583997,3,3,6.679468588891373,0,Fully Furnished,Top,2,1,0,0,0,0,1,29997584.0
Bangalore,1501.462983339719,3,2,28.513235463107826,0,Semi Furnished,Ground,2,0,0,1,1,0,1,12021484.0
Pune,1588.9541957058273,3,3,0.8195691342088137,0,Unfurnished,Ground,4,1,0,0,1,1,1,16157495.0
Lucknow,964.6658142917015,3,2,1.33637683229728,1,Fully Furnished,Mid,2,0,0,0,0,1,1,7355254.0
Mumbai,1236.1731119108313,2,1,70.29775359870453,1,Unfurnished,Ground,4,0,0,0,1,1,0,11785603.0
Pune,1501.7913009163917,2,2,20.656030454059287,1,Fully Furnished,Ground,2,0,1,2,1,1,1,15906454.0
Kolkata,1402.66815248766,3,2,24.4391692188519,1,Fully Furnished,Ground,4,0,0,2,1,1,1,10685409.0
Mumbai,2136.2141914082977,3,1,13.845994834177542,2,Unfurnished,Top,3,0,0,2,1,0,0,31655517.125
Mumbai,1608.7029263635018,4,2,8.167298394150258,0,Semi Furnished,Mid,3,0,1,1,0,1,0,25246194.0
Mumbai,1927.4519613182013,3,3,14.882474046126537,2,Fully Furnished,Mid,3,0,0,2,0,1,0,31204470.0
Jaipur,1504.6976772879248,2,1,1.457325850699021,0,Unfurnished,Mid,4,0,0,0,1,0,1,9161927.0
Bangalore,2028.1442418730617,2,2,21.26796236190326,0,Unfurnished,Top,1,0,0,2,1,0,1,19078919.0
Kolkata,1698.763878286577,2,2,11.672181231190757,2,Unfurnished,Ground,3,1,0,1,0,0,1,11712302.0
Lucknow,1506.7102426942301,3,3,47.10509126038532,1,Fully Furnished,Top,2,0,1,1,0,1,1,9930766.0
Jaipur,1493.3584555204902,3,1,15.2199382862559,2,Semi Furnished,Mid,4,0,0,1,1,1,0,9571653.0
Hyderabad,1022.7806868545183,3,2,2.4676820223347637,1,Unfurnished,Mid,2,0,0,1,0,1,1,8687027.0
Jaipur,1753.4578600681552,3,1,9.738393203651686,2,Unfurnished,Mid,2,1,0,0,1,0,1,10567887.0
Ahmedabad,1479.8976327318105,4,2,0.8934199066528852,0,Fully Furnished,Top,3,0,0,1,1,0,1,15066785.0
Ahmedabad,1249.0040199093978,5,2,20.522665507646874,1,Semi Furnished,Top,3,0,0,2,1,0,0,10569944.0
Mumbai,2053.2308854060357,3,3,10.452254236014953,2,Fully Furnished,Ground,3,0,0,1,1,1,1,31655517.125
Jaipur,874.8919870525995,4,1,6.9222810633896525,1,Semi Furnished,Top,2,1,0,1,0,0,0,6259363.0
Hyderabad,1288.752052283783,3,2,51.89004953043708,0,Fully Furnished,Ground,3,1,0,0,0,0,1,9456670.0
Jaipur,2013.8593743897668,4,3,42.351541795729084,0,Semi Furnished,Ground,1,0,1,2,1,0,0,11296488.0
Bangalore,1657.7614704601267,4,2,45.8105927268963,2,Unfurnished,Ground,5,0,0,2,0,1,0,14705507.0
Bangalore,1476.0705361736213,5,2,3.745590507940454,1,Fully Furnished,Mid,3,0,0,0,0,1,0,22304273.0
Hyderabad,1625.5017715750732,3,4,19.56074265437217,1,Semi Furnished,Ground,2,0,1,1,1,0,0,13184809.0
Jaipur,1589.7070855244206,4,4,43.61091438407157,1,Unfurnished,Top,4,1,0,1,0,0,1,9606127.0
Pune,741.6687268570394,3,2,12.689939607872486,2,Unfurnished,Top,2,1,0,2,0,0,1,8059839.0
Bangalore,1325.3690573260192,2,2,3.6150376091807934,1,Semi Furnished,Mid,5,1,0,1,0,1,1,16205137.0
Bangalore,2308.2608272568746,3,3,25.540780562887086,2,Fully Furnished,Mid,3,0,0,1,0,0,0,24107089.0
Delhi,1170.3379326114161,4,1,31.793737438249515,1,Unfurnished,Mid,3,0,0,0,0,1,1,10925133.0
Jaipur,1340.849492947833,2,2,18.222240017498947,1,Semi Furnished,Top,2,0,0,1,0,1,1,8608739.0
Bangalore,1229.1896183454062,3,2,5.212603860177282,0,Fully Furnished,Top,3,0,0,0,0,0,1,18044311.0
Kolkata,1456.4923883409313,3,2,3.1736709520246804,0,Unfurnished,Ground,2,0,0,2,1,1,0,11094615.0
Jaipur,1208.438584337851,3,4,14.683259242999293,2,Semi Furnished,Top,4,1,0,1,1,0,0,10041220.0
Ahmedabad,1743.37075107903,4,3,9.889899701762872,1,Unfurnished,Mid,2,1,0,0,0,0,1,13071905.0
Delhi,1598.6567061451333,4,2,16.574710458651033,1,Fully Furnished,Ground,2,0,1,2,0,0,0,23386587.0
Bangalore,1886.773807553509,3,3,1.7766806790332108,1,Fully Furnished,Ground,3,1,0,1,0,0,0,25218724.0
Delhi,974.5294169055197,2,2,2.1912368778912197,1,Unfurnished,Mid,4,0,1,1,0,0,1,11757475.0
Ahmedabad,1329.8297585585483,3,3,6.76218385390253,0,Fully Furnished,Ground,3,0,0,2,0,1,0,10747308.0
Hyderabad,1387.1386841939325,3,2,4.491468112857725,1,Fully Furnished,Mid,3,1,0,1,1,0,0,16569452.0
Hyderabad,1727.8234550442974,3,2,14.48767641880781,1,Semi Furnished,Mid,2,0,0,2,0,0,0,13065426.0
Jaipur,1103.3894013964828,2,2,6.8720870771479845,2,Unfurnished,Mid,2,0,1,0,0,0,1,7216417.0
Ahmedabad,1957.8269021291721,3,2,17.27880931153889,1,Unfurnished,Top,2,0,0,0,0,1,1,13096248.0
Chennai,2093.2077952588043,3,2,21.96697846350341,1,Semi Furnished,Mid,1,1,0,2,0,1,0,17228794.0
Chennai,1005.563826182208,3,1,3.1084545616402,1,Fully Furnished,Mid,4,0,1,1,0,0,1,12200315.0
Jaipur,1254.563552553217,3,4,37.85293511956931,0,Unfurnished,Ground,2,0,0,1,1,0,1,6165712.0
Mumbai,1234.034245853954,3,3,23.20820728293399,0,Unfurnished,Ground,1,0,0,1,1,0,1,13305780.0
Delhi,2816.193102338749,2,2,14.783840552386566,0,Semi Furnished,Mid,4,0,0,1,1,1,1,31655517.125
Delhi,1285.0499473960567,5,3,35.94171392954473,2,Fully Furnished,Ground,5,0,0,0,1,0,0,14253937.0
Hyderabad,2338.812721078067,3,3,4.636011766806922,2,Semi Furnished,Top,3,1,0,0,0,0,0,22994732.0
Chennai,866.6840024466952,1,3,8.21528014517489,1,Unfurnished,Top,2,1,0,2,0,0,0,8296643.0
Lucknow,1005.1745169178182,3,2,1.3453750749587685,0,Fully Furnished,Ground,3,0,0,1,0,1,1,6989026.0
Bangalore,1156.6977340758995,4,3,9.13710477092588,0,Fully Furnished,Ground,2,1,1,0,0,0,1,15982392.0
Bangalore,1077.1553442767388,4,2,10.590469267610537,0,Semi Furnished,Ground,3,1,1,2,0,0,0,14136580.0
Bangalore,1366.0506329207506,3,1,14.359305329216124,2,Fully Furnished,Ground,2,0,0,2,0,1,1,15854354.0
Hyderabad,1145.610898639251,2,2,0.9927254655456277,1,Unfurnished,Ground,1,0,0,1,1,1,1,9312143.0
Ahmedabad,1090.3292036327132,3,2,0.49507098683856443,2,Unfurnished,Top,1,0,0,1,0,0,0,8664236.0
Pune,2079.235998236664,4,3,8.168067347474109,1,Unfurnished,Mid,3,1,0,2,0,0,0,22282456.0
Chennai,2111.8968112565826,3,3,3.1447742774534504,1,Fully Furnished,Ground,2,0,0,0,0,0,0,22898429.0
Chennai,1974.648249187658,4,3,21.331207238937928,1,Fully Furnished,Mid,2,1,0,1,0,0,1,20695224.0
Lucknow,1761.999477792164,2,3,16.572607442320727,0,Unfurnished,Ground,3,0,0,2,1,0,0,9334950.0
Delhi,1546.371532889776,2,2,5.914027296752561,1,Semi Furnished,Mid,2,0,1,1,1,0,1,20878216.0
Mumbai,1251.4846546670456,4,3,0.7029667195973163,2,Unfurnished,Ground,1,0,0,1,0,0,1,18642757.0
Jaipur,1023.4212476224541,3,2,3.0215312539375327,1,Semi Furnished,Ground,2,1,0,2,1,0,1,8902013.0
Delhi,1681.4978517163436,1,2,17.6492241324085,1,Unfurnished,Top,4,1,0,0,1,0,1,18689700.0
Ahmedabad,913.1848037266011,3,3,69.3269547292649,1,Semi Furnished,Top,4,0,0,1,0,0,1,6141608.0
Jaipur,1003.0395354123034,4,2,5.928127426562055,1,Semi Furnished,Top,4,0,0,0,0,0,1,8195124.0
Chennai,2076.456628102405,1,3,24.29204243645098,1,Fully Furnished,Top,3,0,0,0,0,0,0,18654486.0
Ahmedabad,2450.3245208610433,1,2,30.27197872208911,0,Semi Furnished,Ground,5,0,1,2,0,0,0,13592904.0
Jaipur,1696.6475690832403,2,3,0.7407038100689899,2,Fully Furnished,Top,2,1,0,2,1,0,0,17309141.0
Lucknow,2053.228576147322,4,2,37.193700547219656,0,Unfurnished,Mid,3,0,0,0,0,1,1,8520709.0
Lucknow,1377.0758412780083,4,2,9.4160866242785,1,Semi Furnished,Top,3,1,0,1,0,1,1,11167835.0
Kolkata,831.1629069561579,3,2,49.96480551960148,0,Semi Furnished,Mid,1,0,0,0,1,1,0,5466667.0
Pune,1806.085809309292,3,2,11.60091302878779,0,Unfurnished,Mid,2,1,0,0,0,1,1,16560628.0
Lucknow,1784.644661635032,3,1,4.0210058608864765,1,Unfurnished,Ground,4,0,0,0,0,1,1,10159260.0
Chennai,1535.834276940122,2,2,55.1354849332785,2,Semi Furnished,Top,4,0,0,0,1,0,0,12408124.0
Mumbai,1378.8122709474444,4,3,4.18192349164576,1,Semi Furnished,Top,1,0,1,1,1,0,1,28646836.0
Bangalore,1981.105289290549,2,2,32.116974982811676,0,Fully Furnished,Mid,3,0,0,2,1,1,0,18495765.0
Kolkata,1007.1334832862628,3,2,2.8515895580826003,1,Fully Furnished,Mid,3,0,0,1,0,1,1,10489690.0
Bangalore,1113.109710554671,3,2,16.84822787263728,0,Semi Furnished,Top,5,1,1,2,1,1,0,15491587.0
Pune,995.9467466197859,2,3,7.94736464124605,1,Semi Furnished,Mid,3,0,1,0,1,0,0,10492823.0
Jaipur,1542.4864813179136,3,3,53.6430003097251,0,Unfurnished,Ground,3,0,0,1,1,0,1,7388206.0
Hyderabad,956.0534939453709,3,2,3.0643233667766965,1,Unfurnished,Top,4,1,0,2,0,1,1,10417044.0
Lucknow,1157.8789097423783,3,2,7.883878483728947,0,Fully Furnished,Ground,3,0,0,0,0,0,0,7591205.0
Mumbai,1147.122218886401,2,2,15.315451775578863,0,Fully Furnished,Ground,4,1,0,1,0,0,1,16604421.0
Pune,1369.695833833021,2,1,56.994097340833925,2,Unfurnished,Top,3,1,0,0,1,0,1,9849479.0
Bangalore,756.3127767980116,3,2,5.433133635275492,2,Unfurnished,Top,3,0,0,2,0,1,1,8946795.0
Kolkata,1543.6024960186335,5,2,7.584363891296956,0,Unfurnished,Mid,3,1,0,1,0,1,0,13324483.0
Lucknow,2123.651825332339,2,2,9.292652293227517,0,Unfurnished,Ground,3,0,0,1,1,1,0,10470079.0
Chennai,1567.745686158381,5,2,4.369338382116282,1,Unfurnished,Top,2,0,0,2,1,0,1,18279041.0
Lucknow,2270.6605724006604,3,2,25.503138908351215,1,Unfurnished,Top,4,1,0,1,0,0,1,11154707.0
Kolkata,2166.9990929384626,4,2,1.4475909136906675,2,Fully Furnished,Ground,2,0,0,0,0,1,1,22848830.0
Kolkata,1888.8675236239274,2,3,18.30102120227209,1,Unfurnished,Mid,2,0,1,0,0,0,0,13670659.0
Hyderabad,1537.342921318443,3,3,11.451258472322538,0,Semi Furnished,Top,3,1,1,1,1,0,1,17438837.0
Lucknow,1511.2501941227197,2,3,4.154633007713196,0,Semi Furnished,Ground,3,0,1,1,1,1,1,10661656.0
Lucknow,1881.8998861816299,3,2,10.18364939329511,1,Semi Furnished,Ground,2,0,0,2,1,1,1,13095857.0
Hyderabad,1304.1646952479837,5,1,26.574861436188463,1,Semi Furnished,Mid,4,1,0,1,1,0,1,10197608.0
Ahmedabad,558.7396242662682,2,1,8.843747470527072,1,Fully Furnished,Top,2,0,0,1,1,1,0,4821466.0
Ahmedabad,1746.00202705148,3,2,1.9498837688161204,2,Semi Furnished,Ground,1,1,0,1,1,1,0,16307874.0
Jaipur,934.4656850325143,1,2,0.624865812938764,0,Fully Furnished,Mid,1,0,0,0,0,1,1,6544035.0
Ahmedabad,1018.9293859048076,3,3,22.56241085638315,1,Semi Furnished,Top,4,0,0,0,1,0,0,6974141.0
Delhi,1500.111973997894,2,4,6.016863929684676,2,Unfurnished,Top,3,0,0,1,1,1,1,21495663.0
Lucknow,1452.437561223265,2,3,40.15802107006213,2,Unfurnished,Top,2,0,0,1,0,0,1,7280307.0
Mumbai,793.9621968421849,3,3,14.401569723816044,1,Unfurnished,Top,3,0,0,1,1,0,1,11848552.0
Lucknow,1582.7457820665702,4,2,8.59806761015752,1,Unfurnished,Top,3,0,0,2,0,1,0,10225594.0
Delhi,1983.0698304305242,2,3,12.467699027834762,1,Fully Furnished,Mid,5,1,1,1,0,0,1,31008284.0
Delhi,935.8292148671086,2,3,9.163354057453073,1,Unfurnished,Ground,4,0,0,0,0,1,0,10051852.0
Bangalore,2136.24166542438,1,2,35.43679127552664,0,Unfurnished,Mid,2,0,0,1,1,1,1,16352341.0
Lucknow,719.914587435028,5,2,9.18794441614042,1,Fully Furnished,Ground,3,0,0,2,0,0,0,6103294.0
Pune,2558.662072185477,3,2,1.6483029718778293,1,Semi Furnished,Mid,2,1,0,0,1,1,0,31360687.0
Delhi,1294.3697847582584,3,2,13.63555800527198,0,Fully Furnished,Top,2,0,1,2,1,1,0,21303135.0
Mumbai,1572.8084984134457,3,2,14.631897260018253,1,Semi Furnished,Mid,2,1,0,0,1,1,0,22355953.0
Hyderabad,553.983213757165,2,3,21.743629758612993,1,Unfurnished,Ground,3,1,0,1,1,1,1,4056872.0
Jaipur,1468.9319667653458,3,2,40.609688946968085,1,Fully Furnished,Top,3,1,0,1,0,1,0,10662784.0
Bangalore,1614.241088859096,2,3,8.780050445245681,1,Semi Furnished,Ground,4,1,0,1,1,0,1,19472254.0
Hyderabad,1456.9189479502527,3,1,6.509742145371131,1,Fully Furnished,Top,2,0,0,2,1,0,1,16492134.0
Bangalore,1218.4594614738132,3,2,10.122862391446457,1,Semi Furnished,Top,3,0,0,1,1,1,0,16420465.0
Mumbai,1026.7177407360925,3,2,34.56864139248654,0,Unfurnished,Top,4,1,1,0,0,1,1,12622896.0
Kolkata,2065.2633097686557,2,3,58.66713727539067,0,Unfurnished,Ground,1,1,0,1,0,1,1,11005278.0
Lucknow,1515.403567498975,1,2,53.228942078852235,0,Unfurnished,Ground,3,0,1,0,0,1,1,6153403.0
Chennai,2270.3761882583863,4,4,3.914541065761292,0,Semi Furnished,Mid,4,1,0,2,1,1,1,28631248.0
Pune,1236.7588226025384,3,3,10.304356527200175,1,Unfurnished,Ground,2,1,0,0,0,1,1,11715348.0
Hyderabad,1282.6026533138916,2,3,4.505918540907808,2,Fully Furnished,Mid,4,0,0,0,1,1,0,13939282.0
Lucknow,1907.7971222980814,2,3,6.8825796317437575,1,Semi Furnished,Ground,3,1,0,0,1,1,1,13290507.0
Pune,688.512518998218,4,4,0.4829536153726648,2,Fully Furnished,Top,3,0,0,2,0,0,1,10865340.0
Kolkata,893.2683199235385,4,2,2.626039994728116,1,Semi Furnished,Mid,2,0,0,2,1,0,1,8029106.0
Chennai,2048.742485676582,5,3,7.589460772906512,0,Semi Furnished,Mid,3,1,0,0,1,0,0,21640130.0
Pune,914.0330353884026,2,2,6.804978631964248,0,Fully Furnished,Mid,4,0,1,1,1,1,1,9901903.0
Pune,590.4744923487261,3,2,4.903258850276167,1,Unfurnished,Mid,3,0,0,1,0,0,1,5600844.0
Hyderabad,2434.2635940365453,2,1,3.926503397122054,1,Fully Furnished,Ground,3,0,0,2,1,0,1,22318435.0
Ahmedabad,803.0911760628973,3,2,20.73188878423282,0,Unfurnished,Mid,3,0,0,0,0,0,0,3967828.0
Chennai,1592.0596991640848,2,2,5.233784345928438,1,Fully Furnished,Top,5,1,0,0,0,1,0,17074955.0
Lucknow,1534.5425963621356,2,2,18.390394648836182,2,Semi Furnished,Ground,1,0,1,0,1,1,1,9542245.0
Kolkata,400.0,2,3,6.897832064435391,0,Fully Furnished,Top,3,0,0,1,1,1,1,3883402.0
Chennai,1366.3414884160954,3,2,24.290751009458408,2,Fully Furnished,Ground,4,0,0,1,0,0,1,11349027.0
Mumbai,1724.2066247395549,3,2,2.7450270989070913,0,Semi Furnished,Ground,3,0,0,2,1,0,1,26163884.0
Ahmedabad,1677.1546907594302,3,3,2.5725738674946035,1,Unfurnished,Mid,2,1,0,1,1,1,0,13316398.0
Mumbai,1951.7603419017507,4,2,17.0761596268676,1,Unfurnished,Top,4,1,0,0,0,0,0,26594474.0
Kolkata,1306.254342547283,3,2,36.961610461963026,1,Semi Furnished,Top,4,0,0,0,0,1,0,9015717.0
Hyderabad,1856.2522210460804,3,4,2.314527703361596,0,Unfurnished,Top,3,1,0,0,1,1,0,18507237.0
Hyderabad,1155.335465959964,5,2,1.148431619877901,0,Unfurnished,Ground,3,1,0,2,0,1,1,11008873.0
Kolkata,794.7662917936125,3,2,40.917031410889514,1,Unfurnished,Mid,2,0,0,0,1,0,1,4916812.0
Bangalore,851.1358121593837,2,3,1.8720061769525391,0,Semi Furnished,Ground,2,1,0,0,1,1,1,10582459.0
Kolkata,768.9447724022926,5,1,4.322571277744239,1,Semi Furnished,Mid,3,1,0,0,1,0,1,7365300.0
Ahmedabad,2004.792983945597,1,2,39.78089761433889,2,Fully Furnished,Top,3,0,0,1,0,0,1,14733832.0
Delhi,742.7132454707217,3,3,24.362022751076623,2,Fully Furnished,Top,2,1,0,0,1,1,0,11121948.0
Hyderabad,1637.0194203246515,3,2,6.295540557788136,0,Fully Furnished,Top,2,1,0,1,0,0,0,17721494.0
Jaipur,1367.0379029637834,3,2,46.35978542848409,1,Unfurnished,Top,1,0,0,2,0,0,1,7648346.0
Ahmedabad,1448.6757132746843,3,2,12.591629941727868,1,Fully Furnished,Ground,3,1,0,0,0,0,0,11014056.0
Ahmedabad,2181.8036475998497,2,3,1.1248665955538684,0,Unfurnished,Mid,2,0,0,0,0,0,1,14096147.0
Ahmedabad,1280.7863163923632,3,3,18.21372512281896,1,Unfurnished,Top,1,1,0,1,1,0,1,8258679.0
Pune,1805.8007807748418,4,3,11.559411740546503,0,Unfurnished,Mid,2,0,0,0,1,0,1,18041839.0
Ahmedabad,1518.7816756905559,2,2,12.750104669189058,1,Fully Furnished,Mid,4,0,0,1,0,0,0,11090823.0
Hyderabad,1423.990547183651,3,3,77.00283846215775,2,Fully Furnished,Ground,2,1,0,2,1,1,1,12569149.0
Delhi,2649.984562193237,2,3,2.482219399805088,2,Fully Furnished,Ground,3,0,0,1,0,0,0,31655517.125
Delhi,779.3291271423152,4,2,16.041449488373665,1,Unfurnished,Ground,3,0,0,0,0,0,0,8031787.0
Ahmedabad,2144.5659177187226,3,4,9.2078632689652,1,Unfurnished,Ground,3,0,0,2,1,0,1,16955569.0
Mumbai,1828.2032827449862,4,3,4.7596115263189995,2,Semi Furnished,Mid,3,0,0,1,1,0,1,31655517.125
Hyderabad,1260.237502684108,2,2,17.740255102188737,1,Semi Furnished,Top,3,0,0,1,1,1,1,11467708.0
Hyderabad,2314.659258720806,2,3,16.548922519163646,1,Unfurnished,Top,1,1,0,2,0,1,1,19840233.0
Chennai,575.9449438057317,2,3,29.120792319480085,2,Semi Furnished,Mid,3,1,0,1,1,0,1,4993076.0
Lucknow,1239.1166713504642,2,2,31.66326923976434,0,Unfurnished,Top,2,0,0,1,1,0,0,5416746.0
Bangalore,895.7588978654619,3,3,12.37686368834675,0,Semi Furnished,Mid,2,1,0,0,1,0,1,10787803.0
Bangalore,1706.04173243573,5,3,5.908367911501336,1,Unfurnished,Mid,4,0,0,0,0,1,1,20885826.0
Mumbai,943.4679494064112,3,3,11.311954857278561,2,Semi Furnished,Top,3,0,0,1,0,0,1,15777868.0
Bangalore,1716.5319733706597,5,2,6.676858723003549,0,Unfurnished,Ground,2,1,0,1,1,0,0,18976271.0
Chennai,1406.781792089223,1,2,4.872580307655845,1,Fully Furnished,Ground,3,0,0,1,1,0,0,11768279.0
Kolkata,1260.323028671958,4,2,12.030220170012239,1,Semi Furnished,Top,5,1,0,1,1,1,1,13453501.0
Bangalore,1694.3236230166553,2,3,16.091281308490856,1,Unfurnished,Ground,2,1,0,0,1,0,0,14627965.0
Hyderabad,1365.689188030968,4,2,13.39488710478674,0,Fully Furnished,Top,4,1,0,0,0,0,0,14443315.0
Kolkata,955.6825784704806,2,1,46.32413631293386,2,Unfurnished,Top,3,1,0,0,0,0,1,6413817.0
Bangalore,2858.437593116735,4,2,5.320926563194745,2,Fully Furnished,Top,3,1,0,1,1,0,1,31655517.125
Hyderabad,1256.4164084854278,2,2,6.9863901759536295,1,Unfurnished,Ground,5,1,0,0,1,1,1,10215685.0
Hyderabad,400.0,3,3,16.523175820439423,2,Unfurnished,Mid,2,1,0,2,1,0,0,3427199.0
Ahmedabad,1078.9506551393056,3,3,13.757815541870027,2,Unfurnished,Mid,2,0,0,1,1,1,1,8028963.0
Delhi,866.3616558136349,3,2,0.027976853992875996,1,Semi Furnished,Ground,2,0,0,2,1,1,1,12797391.0
Mumbai,1913.0728080202578,3,1,5.6157217850742525,2,Fully Furnished,Ground,4,1,0,1,0,1,1,31655517.125
Chennai,1660.826329795793,5,2,4.390657456597478,2,Fully Furnished,Mid,2,1,0,0,1,1,0,21424732.0
Pune,1699.356400895172,3,2,27.480744700884795,0,Fully Furnished,Mid,2,1,0,0,1,0,1,16634546.0
Lucknow,1314.9887670813778,3,3,30.176601068103416,0,Semi Furnished,Mid,3,0,0,0,1,0,1,6495157.0
Bangalore,1360.3248764715393,2,2,5.008888181811506,1,Semi Furnished,Mid,2,0,0,1,0,0,1,15010689.0
Bangalore,1314.5344481961658,3,2,1.6149667422698493,1,Fully Furnished,Top,1,1,0,2,1,0,1,19942719.0
Kolkata,1459.403407932265,3,3,3.4450082708130587,0,Semi Furnished,Top,2,1,0,1,1,0,0,14561594.0
Kolkata,1917.6667176824176,4,4,2.9141218741602954,0,Semi Furnished,Mid,4,0,0,0,0,1,1,17332389.0
Lucknow,1668.0377062526732,3,4,4.066019990784955,2,Fully Furnished,Top,4,1,0,0,0,1,1,15699381.0
Bangalore,1750.0564148104334,3,4,4.01123059275651,1,Unfurnished,Mid,3,1,0,2,0,1,0,23207899.0
Jaipur,1749.7794541246014,2,3,9.80424337442666,2,Unfurnished,Ground,2,0,0,1,0,0,1,10204252.0
Chennai,1942.221218690869,2,3,5.77702857840486,2,Fully Furnished,Top,3,0,0,0,0,0,1,22801582.0
Bangalore,1644.0750207701274,3,3,12.308632836198656,1,Semi Furnished,Top,2,0,0,2,1,0,0,21271204.0
Delhi,1679.4240363394595,3,3,6.326995966954962,1,Semi Furnished,Ground,4,1,0,1,1,0,1,25249560.0
Lucknow,2094.4031205965784,2,4,25.28481978665262,0,Fully Furnished,Mid,3,0,0,2,1,1,1,13636787.0
Jaipur,1167.477040998444,1,2,45.17563164894014,1,Fully Furnished,Top,1,1,0,1,1,1,0,7696238.0
Chennai,1072.1287100242464,4,2,7.760666970696111,0,Fully Furnished,Top,2,0,0,1,1,0,1,12538718.0
Bangalore,907.039200406572,2,2,0.7610102062101632,0,Fully Furnished,Top,3,1,0,1,1,1,0,14138158.0
Pune,1591.457281810128,4,3,4.108230929232509,0,Semi Furnished,Mid,4,0,0,1,0,0,0,18028993.0
Ahmedabad,573.1338793904383,2,3,1.6114091524554697,1,Unfurnished,Top,4,0,0,0,1,1,1,4797118.0
Delhi,1731.0770480298386,2,3,6.341394978857099,2,Fully Furnished,Ground,2,0,0,2,0,0,1,27370225.0
Pune,1445.4034527497236,3,2,15.539389915711416,0,Semi Furnished,Top,4,0,0,2,0,0,1,14896241.0
Kolkata,2067.3198499105283,3,2,10.97544854559305,1,Fully Furnished,Ground,1,0,0,0,1,1,0,18049790.0
Kolkata,1164.0413447675046,3,4,4.173417138161242,1,Unfurnished,Ground,2,0,0,2,0,0,0,10000868.0
Bangalore,1398.3408572912467,3,2,21.867438867855135,1,Fully Furnished,Mid,1,1,0,2,1,0,1,16954024.0
Kolkata,2061.1016666466844,2,2,2.1144825772956284,2,Semi Furnished,Mid,1,1,0,0,0,1,1,19163424.0
Delhi,2191.5678233890762,3,3,3.8853692245824116,0,Fully Furnished,Top,1,0,0,0,0,0,1,31655517.125
Chennai,1159.92381712409,3,2,16.907359504506307,0,Unfurnished,Ground,2,0,0,1,1,0,0,7822692.0
Hyderabad,1590.89061629358,3,2,3.2953874463204236,1,Semi Furnished,Ground,4,0,0,0,0,0,1,13757704.0
Mumbai,1647.209488842024,4,2,17.03362839086341,1,Semi Furnished,Mid,2,1,1,2,1,1,1,27873070.0
Lucknow,1686.8267028105743,3,2,56.54571482444617,0,Unfurnished,Top,3,0,0,0,0,1,1,8347029.0
Chennai,1368.712170342189,3,2,26.69923813343552,0,Fully Furnished,Top,3,0,0,0,0,0,1,11944040.0
Hyderabad,2140.6916990618174,4,2,2.615489029119075,2,Fully Furnished,Ground,5,1,0,1,1,0,0,25956948.0
Jaipur,555.1482581892274,4,2,11.025121390500674,0,Semi Furnished,Top,2,0,0,1,0,0,0,3857039.0
Delhi,1289.434882599458,3,2,8.231068548625768,1,Unfurnished,Top,2,0,1,0,1,0,1,17702071.0
Pune,1723.9653663864735,2,3,71.8173207767364,2,Semi Furnished,Ground,5,1,0,0,0,0,1,11449326.0
Hyderabad,1728.6124059746717,4,2,50.03144029698834,1,Semi Furnished,Mid,3,1,1,0,0,1,0,12650243.0
Delhi,2176.3795153073816,2,2,2.0392212760506268,1,Unfurnished,Top,2,0,0,1,1,1,1,30511383.0
Ahmedabad,2099.1126966006436,1,2,35.90914030122437,1,Unfurnished,Mid,2,0,0,1,0,0,1,10128204.0
Pune,1357.2291873463882,3,2,3.2242519767864706,1,Unfurnished,Top,1,0,0,1,1,1,0,13544870.0
Kolkata,2149.935621765302,3,2,5.772842862342415,1,Fully Furnished,Mid,3,1,1,2,1,0,0,24814943.0
Kolkata,1142.9791281112725,4,2,6.540596322440235,2,Semi Furnished,Top,3,0,0,0,1,0,1,11228635.0
Pune,1965.4436913959187,3,4,5.0703645543729685,1,Semi Furnished,Top,3,0,1,1,0,1,0,28464792.0
Jaipur,2405.2612392104966,5,3,28.78473788825059,1,Fully Furnished,Top,4,1,0,1,1,1,0,21439524.0
Jaipur,2107.4720534274848,2,2,6.0056502740125834,0,Unfurnished,Top,3,0,0,2,1,1,0,15583435.0
Jaipur,1552.8851917620616,2,1,25.452611142899183,0,Fully Furnished,Top,2,0,0,1,0,1,1,9537812.0
Hyderabad,1334.110614113939,3,2,77.71285975891134,1,Semi Furnished,Ground,2,0,0,0,1,0,1,8140704.0
Lucknow,735.7043518703568,5,1,27.560286572817315,0,Fully Furnished,Top,2,1,0,2,1,0,1,5314333.0
Hyderabad,1655.269818957102,3,3,6.372997400357533,2,Semi Furnished,Ground,2,1,0,2,1,0,0,15763638.0
Bangalore,942.3913860145404,2,2,18.63303459084301,1,Fully Furnished,Top,5,1,0,0,0,0,1,11349984.0
Mumbai,1103.4326681930315,2,3,11.451080722578958,1,Fully Furnished,Mid,2,0,0,2,1,0,1,19241768.0
Pune,904.6270996316642,2,3,23.163026199909407,1,Semi Furnished,Mid,3,0,1,2,1,0,1,8826027.0
Chennai,1269.8038336716725,3,2,2.492543680764721,1,Semi Furnished,Mid,2,0,0,1,1,0,1,11975318.0
Mumbai,1486.0152927565089,1,2,15.247244087721517,1,Fully Furnished,Ground,2,1,0,1,1,0,1,21696387.0
Ahmedabad,1636.8072905828526,4,2,22.286203671151153,1,Fully Furnished,Ground,3,0,0,0,0,1,1,11287207.0
Hyderabad,1199.7466822930182,3,2,21.483901895544587,1,Fully Furnished,Mid,3,0,0,0,1,1,0,9910710.0
Hyderabad,2034.6418531975914,3,3,49.694915535845155,2,Fully Furnished,Ground,1,0,0,0,0,1,1,14914006.0
Delhi,1395.897371005017,2,2,0.9028021463019642,2,Semi Furnished,Mid,4,0,0,0,0,1,0,18025003.0
Mumbai,1106.1387833672404,2,2,6.36465942433089,1,Unfurnished,Top,3,0,0,1,1,1,0,14899835.0
Delhi,1613.1461336217183,3,3,9.70980910353319,2,Semi Furnished,Top,2,1,0,0,1,0,1,25474566.0
Chennai,2481.776416771908,4,2,5.560815414421406,2,Unfurnished,Top,4,0,0,0,1,0,1,23554461.0
Delhi,1667.580283267559,3,1,5.56138012892007,1,Semi Furnished,Top,2,0,0,0,0,0,0,22050042.0
Mumbai,1318.5721863131964,4,2,2.9061125600071787,1,Unfurnished,Ground,3,0,0,1,1,0,1,19685711.0
Pune,736.269321940648,4,3,25.145802285287225,1,Semi Furnished,Mid,3,0,0,0,0,1,0,6422508.0
Ahmedabad,1390.2938395139647,2,2,35.800761991900465,0,Unfurnished,Ground,4,1,0,0,1,0,0,6623883.0
Hyderabad,1617.4640625440577,2,3,1.2887182919929934,0,Fully Furnished,Mid,2,0,0,2,0,0,1,15797813.0
Chennai,1306.209554372215,3,1,2.52448541587379,2,Fully Furnished,Top,4,1,0,0,0,1,0,17085266.0
Hyderabad,667.3076808795003,3,2,3.8903653287485582,1,Unfurnished,Mid,3,1,0,1,0,1,1,5835637.0
Bangalore,1074.717305248283,2,2,10.669284905707071,0,Fully Furnished,Ground,4,0,0,2,1,1,1,13269481.0
Ahmedabad,2227.2692304438788,3,4,23.493667377200453,1,Unfurnished,Mid,5,0,0,0,0,1,1,13566299.0
Lucknow,2217.0005018652305,3,1,1.112054988674253,0,Unfurnished,Top,4,0,0,1,0,1,1,15060858.0
Delhi,1056.680415397701,4,2,15.192560795385084,2,Fully Furnished,Ground,2,0,0,1,0,0,1,15065986.0
Kolkata,1836.378393599711,2,3,2.426061282065663,1,Fully Furnished,Ground,3,0,0,1,1,1,0,15992284.0
Mumbai,910.7136076149131,2,4,53.34518902303163,1,Semi Furnished,Mid,4,0,0,2,0,1,1,11996958.0
Hyderabad,2202.158140997476,3,3,34.35591023393899,0,Unfurnished,Top,3,1,0,0,1,1,1,16063256.0
Delhi,1622.6179239471182,3,1,44.81135794646827,1,Semi Furnished,Mid,3,0,0,0,1,1,0,15164282.0
Chennai,1974.8207493082668,3,2,1.683492433045467,2,Unfurnished,Ground,2,0,0,1,1,1,0,18456828.0
Hyderabad,642.4533264087305,4,2,10.042525750944343,1,Unfurnished,Mid,4,1,0,2,1,1,0,6201058.0
Lucknow,1838.818550962444,4,3,2.709283313344771,1,Semi Furnished,Mid,4,0,0,1,1,0,1,14343496.0
Ahmedabad,1496.1629681577483,3,1,13.757700061761769,2,Fully Furnished,Top,4,0,1,2,0,0,1,14979124.0
Ahmedabad,1925.9645353954213,2,2,3.973925932559093,0,Semi Furnished,Mid,3,0,0,0,1,0,0,14089078.0
Hyderabad,1957.4338990489248,3,2,22.086347190687498,0,Fully Furnished,Top,4,1,0,0,0,1,1,18847513.0
Chennai,1532.8923447373747,3,2,15.492477800287284,1,Fully Furnished,Mid,2,0,0,2,1,0,1,16873950.0
Ahmedabad,1199.5851804520426,4,3,12.7156299713909,0,Unfurnished,Top,4,0,1,0,1,0,0,9738195.0
Ahmedabad,1889.8480910897472,5,3,26.164022906484306,0,Semi Furnished,Ground,5,0,0,1,0,1,0,11708538.0
Lucknow,1469.922750297436,3,3,10.405400870637218,1,Semi Furnished,Top,4,0,0,0,1,0,1,10887286.0
Mumbai,1063.6075232361786,3,2,4.71761505065868,1,Fully Furnished,Top,3,1,1,1,1,0,1,23307925.0
Chennai,1039.923884271157,1,3,14.541634835270957,2,Fully Furnished,Mid,4,1,0,2,1,0,0,10852922.0
Chennai,761.4177918438093,2,1,47.220191817704304,0,Unfurnished,Mid,1,1,1,1,1,0,0,5174409.0
Pune,1244.8544202184685,2,2,13.78790023131231,2,Unfurnished,Ground,1,0,0,1,1,0,1,10560017.0
Pune,2051.3460230371893,2,2,14.898364286917847,1,Fully Furnished,Top,5,1,0,2,0,0,1,23910506.0
Ahmedabad,1588.914899852717,3,1,40.94309510392465,1,Unfurnished,Ground,3,0,0,0,1,0,0,7679396.0
Kolkata,1235.1161470384795,3,1,10.862606491537768,0,Fully Furnished,Mid,2,0,0,1,1,0,0,10309354.0
Pune,1902.4279690900398,3,2,80.0,1,Semi Furnished,Top,2,1,0,1,1,0,1,15292313.0
Ahmedabad,1083.7616891383057,3,3,2.6092670839522247,2,Unfurnished,Ground,3,1,0,0,1,1,1,8856206.0
Jaipur,1547.6751371663893,3,3,11.551714239315789,1,Semi Furnished,Mid,4,1,0,0,0,0,0,10620835.0
Bangalore,1410.1848136372423,3,2,3.591015634977036,0,Fully Furnished,Mid,2,1,0,1,0,1,1,20027620.0
Bangalore,1889.5653127941762,2,1,9.05854959109455,1,Unfurnished,Ground,3,0,0,1,1,0,0,15593513.0
Chennai,711.3858145402496,5,2,2.805319118840189,1,Fully Furnished,Top,4,0,0,2,0,1,0,9195304.0
Kolkata,1074.9011270926721,2,2,3.7756296118701296,0,Semi Furnished,Ground,5,0,0,0,0,0,1,6729743.0
Lucknow,680.8771704527333,4,2,3.551033515845212,2,Unfurnished,Mid,3,1,1,0,1,0,0,5166320.0
Mumbai,1370.201639095365,3,1,5.785628530110383,1,Semi Furnished,Top,3,0,0,1,1,0,1,22915613.0
Pune,2105.7137518162153,3,3,2.1685390315659356,1,Semi Furnished,Top,3,0,0,1,0,0,0,25900699.0
Jaipur,1247.2763951732363,2,2,24.859124243883944,0,Fully Furnished,Ground,3,0,0,1,1,0,0,7466512.0
Ahmedabad,1244.6580309021747,2,2,3.739918274971635,0,Semi Furnished,Mid,1,0,0,1,0,1,0,8868807.0
Kolkata,1935.8622120920681,3,3,8.082436167774127,2,Semi Furnished,Ground,2,0,0,0,1,0,1,16605202.0
Chennai,2034.27477922765,3,3,0.2428117638418535,0,Semi Furnished,Ground,3,0,0,1,0,0,0,18954864.0
Pune,1455.714466365605,2,2,1.661988233852689,1,Fully Furnished,Mid,2,0,0,1,1,1,0,17133784.0
Kolkata,1842.357427024946,3,1,33.98973345711153,1,Semi Furnished,Top,2,0,1,1,0,1,1,13559639.0
Pune,961.5227295610268,2,3,27.224826106976504,1,Fully Furnished,Top,5,1,0,1,1,1,1,10027059.0
Mumbai,2188.987166962707,3,3,27.575452128768976,1,Unfurnished,Ground,1,0,0,0,1,0,1,22992777.0
Mumbai,2574.353146968526,4,2,7.948939570730163,1,Unfurnished,Top,2,1,0,1,1,0,1,31655517.125
Lucknow,1760.6078955943624,4,2,2.289067117190385,2,Fully Furnished,Mid,3,1,1,2,1,1,1,17583146.0
Bangalore,457.8341893285997,3,2,1.712563559208125,1,Unfurnished,Top,2,1,0,0,1,1,1,5776590.0
Delhi,1220.8848688011078,2,2,13.955948475021684,2,Semi Furnished,Mid,3,0,0,0,1,1,1,15800080.0
Delhi,1806.4126608346608,2,2,26.420775133537646,1,Semi Furnished,Top,2,0,0,0,1,0,0,18829276.0
Pune,1289.2585014168185,5,2,34.55595855307602,0,Fully Furnished,Ground,3,1,1,0,1,1,0,13219310.0
Lucknow,2136.0992771250485,2,3,5.110582425203098,0,Semi Furnished,Mid,4,0,0,2,1,0,1,14009551.0
Delhi,1794.0786322179326,4,2,5.807599245283505,2,Unfurnished,Mid,3,0,0,2,1,0,0,23486480.0
Chennai,1146.7622496171016,3,1,1.5950258031752158,1,Unfurnished,Mid,1,1,0,1,0,1,1,10381053.0
Delhi,1516.1324053856265,5,1,22.335527286677138,1,Fully Furnished,Top,4,0,1,1,1,0,1,23680251.0
Hyderabad,1053.083389680455,3,2,4.838042636383111,2,Unfurnished,Ground,2,0,0,0,1,0,1,8445564.0
Ahmedabad,1408.707560793779,3,2,9.835732623816721,0,Unfurnished,Top,3,1,1,1,0,0,1,11208527.0
Lucknow,1222.7033797837241,3,2,39.65445047856988,1,Unfurnished,Ground,3,1,0,1,0,1,0,5331847.0
Chennai,2087.380900116519,5,3,20.92795187587652,1,Fully Furnished,Mid,4,0,0,0,0,0,1,20335511.0
Kolkata,2558.0060284154974,5,2,0.8126917714279689,1,Fully Furnished,Top,3,0,0,1,0,0,1,29125693.0
Chennai,784.405833382124,3,3,0.12282037546057961,1,Semi Furnished,Mid,2,1,1,2,1,0,1,10806537.0
Bangalore,538.391856895124,4,3,23.22570141729164,1,Unfurnished,Top,3,0,0,2,1,0,0,6073980.0
Kolkata,1377.4137890743073,3,1,12.061189062430474,0,Unfurnished,Ground,3,1,0,0,0,1,1,9005551.0
Jaipur,740.7921505856588,4,3,19.112410630993153,1,Fully Furnished,Ground,4,0,0,2,1,1,1,6480212.0
Ahmedabad,1523.1058018354586,4,4,2.558539086103161,1,Unfurnished,Mid,2,1,0,1,1,0,0,13870696.0
Ahmedabad,1874.4680569029633,3,2,30.84148369273584,2,Semi Furnished,Ground,4,0,0,1,0,0,0,10183147.0
Ahmedabad,2247.0709486334126,3,3,22.263568693052534,0,Unfurnished,Top,2,0,0,0,0,0,1,14531635.0
Ahmedabad,1600.6972793576406,3,2,33.22395952488951,2,Fully Furnished,Top,3,1,1,1,0,0,0,13364488.0
Pune,1403.4223875752105,3,2,6.257663337056606,1,Unfurnished,Mid,2,0,0,0,0,0,1,13375039.0
Ahmedabad,510.8075417134579,4,1,4.838351709600028,1,Semi Furnished,Mid,3,1,1,1,0,1,0,4824492.0
Ahmedabad,1513.0925745928992,3,3,2.468369926884119,1,Semi Furnished,Mid,4,1,0,0,1,0,0,12619230.0
Ahmedabad,1535.6436302747309,2,2,39.907878543041335,1,Fully Furnished,Mid,3,1,0,0,1,1,0,10441029.0
Lucknow,1819.4784071063727,3,3,2.9188735611739003,1,Semi Furnished,Top,3,0,0,1,0,1,0,12762168.0
Pune,1145.7559492354544,2,3,1.9058670233946782,2,Unfurnished,Mid,3,0,0,1,1,1,0,11663323.0
Mumbai,1282.4736998820702,3,2,3.2104941072770323,1,Semi Furnished,Ground,3,1,0,1,1,1,0,22091555.0
Chennai,760.9988723479079,4,2,22.13552393075277,2,Semi Furnished,Ground,3,1,0,1,1,0,1,6936221.0
Chennai,400.0,3,1,33.04506544514946,1,Fully Furnished,Ground,4,1,0,2,1,1,1,3081304.0
Kolkata,945.7514546016083,4,2,24.98325699888546,2,Semi Furnished,Ground,2,0,0,0,0,1,0,6677866.0
Lucknow,714.8370928734918,2,3,12.425521807720905,0,Fully Furnished,Mid,2,0,0,0,0,0,1,4497285.0
Hyderabad,1668.3561477103055,4,1,76.45331992961765,1,Unfurnished,Top,5,0,0,0,1,1,0,11030552.0
Chennai,1240.9329716665713,3,2,1.070088939594,2,Semi Furnished,Ground,4,1,0,1,1,1,0,13339047.0
Delhi,1230.8814349626055,1,2,30.282725653462002,2,Unfurnished,Ground,3,1,0,1,1,0,1,9785347.0
Hyderabad,1007.793476912394,3,3,8.371742563835868,1,Unfurnished,Ground,1,1,1,1,0,0,0,8966416.0
Ahmedabad,400.0,5,2,9.107910038381698,1,Semi Furnished,Ground,4,0,0,1,1,0,0,3019245.0
Ahmedabad,2254.155374373775,2,4,2.04752087178392,1,Semi Furnished,Mid,4,0,0,1,0,1,0,20037824.0
Pune,999.8647386116058,3,3,0.5100695085933818,0,Fully Furnished,Ground,5,0,0,1,0,1,1,11519088.0
Hyderabad,1293.7899650750464,4,3,5.710745833510879,1,Semi Furnished,Ground,1,0,0,0,1,1,0,12587245.0
Delhi,772.5539173553448,1,1,2.882915591783392,1,Fully Furnished,Ground,1,0,0,1,1,0,1,10110142.0
Pune,1985.965171720317,3,2,9.90551780120891,0,Semi Furnished,Top,3,0,0,0,0,0,1,19821439.0
Kolkata,1571.7144685186622,3,1,2.3907493974598775,1,Semi Furnished,Top,4,0,0,0,0,1,1,12669371.0
Hyderabad,1086.8173573670656,3,2,2.2262426920234644,1,Semi Furnished,Ground,5,0,0,0,0,1,1,9140611.0
Lucknow,1303.885194327988,3,3,31.43100115890712,0,Semi Furnished,Top,2,0,0,1,1,1,0,7442167.0
Ahmedabad,2339.089961062435,2,2,38.1306719750032,1,Semi Furnished,Ground,1,1,0,0,1,1,1,12728957.0
Ahmedabad,1463.515284059361,4,1,49.953903629275295,0,Fully Furnished,Ground,2,1,0,0,1,1,1,9342720.0
Bangalore,1409.133231192047,1,2,17.115084766822722,0,Semi Furnished,Ground,4,0,0,1,0,0,0,10904576.0
Pune,1029.3092569303674,3,2,22.1115802705457,1,Fully Furnished,Ground,3,1,0,0,0,0,0,9866664.0
Mumbai,552.7094247638486,3,2,27.098658654877383,1,Fully Furnished,Mid,4,0,1,1,0,1,0,8386766.0
Mumbai,1419.9806632103277,3,1,16.13466393280821,1,Semi Furnished,Ground,3,1,0,2,1,0,1,18265071.0
Pune,1662.7425561623088,3,3,6.012607129201678,0,Semi Furnished,Top,1,0,0,1,1,0,0,18486623.0
Lucknow,2049.792232163835,4,2,2.55092127738597,1,Semi Furnished,Mid,3,1,1,1,0,0,0,16865433.0
Jaipur,400.0,4,2,4.0628326889760995,0,Fully Furnished,Top,3,0,1,0,0,0,0,3866206.0
Pune,937.4518364884855,4,2,27.527589588401646,0,Unfurnished,Mid,3,0,0,1,0,0,1,6824576.0
Lucknow,1209.629454721775,3,2,17.86571237292884,1,Unfurnished,Ground,4,1,1,0,0,0,0,6975230.0
Kolkata,1498.259575713399,4,3,9.126460018343861,1,Fully Furnished,Ground,3,0,0,0,1,1,0,11946124.0
Ahmedabad,1427.4831542357888,4,3,0.447691094935544,0,Semi Furnished,Ground,4,0,0,2,1,1,1,13031889.0
Delhi,1439.1556571563651,3,2,4.642870844567194,0,Semi Furnished,Ground,1,0,0,0,0,0,0,16724790.0
Jaipur,1704.0480292849722,2,2,19.578874132110435,0,Fully Furnished,Mid,3,1,0,1,1,0,0,11872472.0
Hyderabad,1048.3534446104454,2,1,10.773505540009227,1,Semi Furnished,Top,3,0,0,0,0,1,0,8830379.0
Jaipur,1967.0707211168474,3,3,8.578086905228131,0,Fully Furnished,Ground,2,1,0,2,0,1,1,16226021.0
Delhi,1716.7262208497405,4,3,5.64615621939607,0,Semi Furnished,Ground,2,1,0,1,1,1,1,27092650.0
Bangalore,1340.0838679359604,3,2,14.006583345954336,2,Semi Furnished,Ground,3,0,0,2,0,1,1,14926879.0
Ahmedabad,2300.453995944458,3,3,50.89191521106573,0,Fully Furnished,Ground,2,0,0,1,1,0,0,15222299.0
Mumbai,2278.2080177858834,2,2,34.7082769739681,1,Unfurnished,Top,2,0,0,0,1,1,1,23227165.0
Lucknow,1966.4476775969042,2,3,0.4645901627865793,2,Unfurnished,Mid,2,0,0,2,0,0,1,13269729.0
Pune,400.0,3,4,9.836436389197907,0,Unfurnished,Ground,4,1,0,1,0,0,0,3796567.0
Pune,2289.4725463589875,5,2,5.99528681504346,1,Semi Furnished,Ground,4,0,0,2,1,0,1,26680711.0
Mumbai,1897.379261235967,3,1,10.718769819951136,1,Unfurnished,Top,4,1,0,2,1,1,1,29685398.0
Jaipur,2503.2043188564685,4,3,13.979203153426903,2,Unfurnished,Top,2,0,0,1,1,0,1,16394464.0
Ahmedabad,2118.732295866769,2,1,3.347679553899542,2,Unfurnished,Top,1,0,0,1,0,0,1,16120137.0
Chennai,2289.1713387486425,3,3,22.81921266143537,1,Unfurnished,Mid,1,0,0,0,0,0,1,17022248.0
Lucknow,1939.3274250901895,3,1,9.667299660047606,0,Unfurnished,Ground,3,0,0,1,1,0,1,10069829.0
Kolkata,2174.346599322756,4,3,72.43606329221886,1,Unfurnished,Top,3,0,1,1,0,0,1,16036466.0
Delhi,2497.06187036722,1,2,0.38172702847034873,2,Fully Furnished,Mid,2,1,0,0,1,0,1,31655517.125
Jaipur,1608.277369189103,2,2,3.1556159300211895,0,Unfurnished,Mid,3,0,0,2,1,1,1,11240228.0
Hyderabad,713.8847279609352,2,3,17.54984253363123,2,Semi Furnished,Top,2,1,0,0,0,0,0,6318656.0
Bangalore,1346.269549992429,4,3,17.820495134554264,2,Fully Furnished,Ground,2,0,0,1,0,0,0,17738790.0
Pune,1694.9727996917184,2,2,13.090863682800089,0,Semi Furnished,Top,3,0,0,2,0,1,0,16292582.0
Jaipur,1537.4437921857789,1,2,53.61186360029794,1,Unfurnished,Top,3,0,0,2,0,1,1,7141923.0
Bangalore,876.7190169202868,3,3,8.050230798376766,0,Unfurnished,Top,1,1,1,2,1,0,0,12714739.0
Delhi,684.4661874025105,3,3,8.094468556621436,1,Unfurnished,Mid,4,0,0,2,0,1,0,9100489.0
Pune,1129.4186656825855,4,3,36.19878885772726,1,Semi Furnished,Mid,2,1,1,2,1,1,0,12123187.0
Pune,1903.8697779920756,4,2,11.597206252140625,1,Unfurnished,Mid,4,1,0,1,1,1,1,21246831.0
Chennai,2290.1698854114848,3,2,6.5480143131758854,1,Unfurnished,Mid,3,0,0,0,0,0,0,18943075.0
Jaipur,1958.2838068888507,4,3,19.037699145215335,1,Unfurnished,Top,3,0,0,0,0,1,0,12830527.0
Ahmedabad,2028.713643557068,3,3,14.500764112013167,1,Unfurnished,Ground,3,0,0,1,0,1,1,12728236.0
Mumbai,1459.5922134182213,2,2,5.488115154800368,1,Unfurnished,Mid,4,0,0,1,1,0,0,20750719.0
Mumbai,628.9587711470181,4,2,5.305806792974768,2,Unfurnished,Top,2,1,1,1,1,0,0,10416093.0
Kolkata,1272.3897095586474,3,2,7.5531033411642,1,Fully Furnished,Mid,3,0,0,2,1,0,0,11522962.0
Hyderabad,1370.6177940638106,3,3,1.114713269670921,1,Unfurnished,Ground,2,1,0,0,0,0,1,11703957.0
Bangalore,1251.4737565821588,3,3,42.87008231170086,1,Fully Furnished,Top,4,0,0,0,0,1,0,13163262.0
Jaipur,1527.3474326873131,3,3,3.032110701411917,0,Unfurnished,Ground,2,0,0,2,1,1,1,10192488.0
Lucknow,1720.7098799464752,2,2,3.2318035956721842,0,Fully Furnished,Top,3,0,0,1,0,0,0,12061415.0
Hyderabad,1926.5075941217488,3,2,15.620940360749044,1,Semi Furnished,Mid,3,1,1,0,0,1,1,19330312.0
Chennai,1360.9400678168329,4,3,19.323748695263856,1,Semi Furnished,Mid,3,1,0,0,0,1,1,13302592.0
Pune,548.1202971777033,3,2,20.0246372029608,1,Fully Furnished,Mid,2,0,0,1,1,0,1,5617470.0
Ahmedabad,1258.5611403544326,2,2,7.05185511086393,2,Unfurnished,Mid,2,1,0,0,0,0,1,8072058.0
Jaipur,1521.855198495992,5,2,30.992425998565608,1,Semi Furnished,Ground,2,0,0,1,1,1,1,8919343.0
Hyderabad,2111.403961066704,1,3,11.778906178496843,1,Semi Furnished,Top,5,1,0,1,1,1,1,18746850.0
Hyderabad,1216.0960789079472,3,1,8.65949163676711,2,Unfurnished,Mid,2,0,0,1,1,0,0,10080963.0
Ahmedabad,1756.2718141997009,2,2,24.941509241615382,1,Semi Furnished,Mid,5,1,0,1,0,0,1,11231948.0
Kolkata,1645.043949817716,1,2,4.187005694636252,1,Fully Furnished,Ground,3,0,0,0,0,1,1,13128065.0
Bangalore,1521.9502665616942,3,2,29.511574955902926,2,Unfurnished,Ground,1,1,0,0,0,1,0,12901885.0
Bangalore,1965.2666596622958,3,2,11.60980841372062,1,Fully Furnished,Mid,1,0,0,1,1,1,1,28961226.0
Hyderabad,1169.5794016237096,4,2,34.54750258360133,1,Fully Furnished,Ground,3,0,0,0,1,0,1,8563867.0
Delhi,1212.4067751782418,5,3,3.3774187397725965,2,Unfurnished,Ground,3,1,0,1,0,0,1,17180209.0
Hyderabad,1494.049588452886,4,2,41.24787366219701,1,Semi Furnished,Mid,3,0,0,1,0,1,1,10295337.0
Hyderabad,1179.9267474531503,3,2,17.46535667109949,0,Fully Furnished,Mid,1,0,0,0,1,1,1,10636586.0
Ahmedabad,1754.0061455272999,3,3,14.447925873155057,2,Semi Furnished,Mid,2,1,0,0,1,1,1,16295316.0
Pune,1143.4038478169336,4,2,8.224473492716884,2,Fully Furnished,Mid,2,0,0,2,0,0,1,14456517.0
Ahmedabad,1613.1521038725673,3,2,46.96125726671197,0,Unfurnished,Top,3,0,0,1,0,1,1,8838633.0
Jaipur,1449.9136156066218,4,2,8.802636626727457,1,Unfurnished,Top,3,1,0,1,0,1,1,11479581.0
Hyderabad,1607.4629823883529,3,3,10.353559847991598,1,Unfurnished,Top,3,0,0,1,1,0,0,14074101.0
Bangalore,1270.1293024684803,3,3,22.81440912185749,2,Semi Furnished,Ground,2,1,0,1,0,1,1,13972970.0
Lucknow,1330.4558527365864,3,2,5.028785736056738,0,Fully Furnished,Ground,3,1,1,1,0,1,1,11133194.0
Bangalore,1548.004633998525,3,1,5.168979063387743,1,Unfurnished,Ground,1,0,0,0,0,0,0,15113778.0
Mumbai,1601.0372530806562,3,3,22.394682133252534,1,Fully Furnished,Top,5,0,0,1,0,1,1,24327447.0
Kolkata,1497.899042304422,3,2,2.0644645811198217,1,Fully Furnished,Ground,3,1,0,1,1,1,0,15675731.0
Chennai,2352.681178256542,3,3,25.97107674260831,2,Unfurnished,Top,2,1,0,0,0,1,1,18504199.0
Jaipur,1004.6315406293579,4,2,14.719440761566677,2,Fully Furnished,Top,3,0,0,1,1,1,1,8790000.0
Jaipur,1467.8981025236433,5,2,11.618084375398913,0,Fully Furnished,Top,4,0,0,0,1,0,1,13606460.0
Kolkata,713.1854889415076,2,2,3.9031317902250997,0,Unfurnished,Top,4,1,0,0,0,0,0,5860305.0
Lucknow,1686.0407393336932,2,1,23.15251744612925,0,Fully Furnished,Ground,2,0,0,1,1,0,1,9190742.0
Chennai,942.376731811593,3,2,24.51772774092152,1,Unfurnished,Mid,5,1,0,0,0,0,0,6691041.0
Pune,1360.8448720617118,3,2,9.893999543251567,1,Semi Furnished,Ground,1,1,0,1,1,1,1,14103144.0
Hyderabad,1313.967837334337,1,2,7.39402368979898,1,Fully Furnished,Ground,2,0,1,1,0,1,0,12918627.0
Chennai,1640.4455633005857,3,2,4.238663589573936,0,Unfurnished,Mid,2,1,0,0,1,1,1,15095353.0
Lucknow,1223.60454122741,4,2,21.050632271890255,0,Semi Furnished,Top,2,1,0,1,0,1,1,7321103.0
Delhi,1202.3471511530088,4,2,15.301949542548815,0,Fully Furnished,Ground,1,1,0,2,0,0,0,16574112.0
Mumbai,2217.928232042949,3,3,3.472003215412456,1,Unfurnished,Top,3,1,0,1,0,1,1,31655517.125
Chennai,1642.2833952372632,3,3,23.732308906617302,1,Fully Furnished,Top,1,0,0,0,1,0,1,14656367.0
Chennai,1219.474573988866,3,2,32.08218170538645,1,Semi Furnished,Top,3,0,0,0,0,0,0,8887623.0
Mumbai,1374.5831640943845,2,2,0.9161240979660035,0,Fully Furnished,Ground,2,0,0,2,1,0,0,23421246.0
Hyderabad,2322.6774761353727,3,1,22.203843863589494,1,Unfurnished,Mid,2,1,0,1,0,1,1,16522793.0
Chennai,1382.4175608744515,1,1,28.73964311208523,2,Fully Furnished,Ground,2,0,0,0,0,1,0,9713266.0
Mumbai,1155.361688423806,3,3,71.52928346318963,0,Fully Furnished,Mid,3,0,0,0,1,0,0,13675187.0
Mumbai,1157.5019249368038,3,2,4.069288390821319,1,Fully Furnished,Mid,3,1,0,1,0,1,0,21123622.0
Mumbai,1225.4367595052113,3,3,6.954436770372172,0,Semi Furnished,Mid,3,0,0,1,0,1,1,18882815.0
Ahmedabad,1202.7511387866389,3,2,50.80546450293279,0,Semi Furnished,Ground,4,1,0,1,0,0,0,6545836.0
Lucknow,860.1760758253785,3,1,1.4809970514886257,1,Fully Furnished,Top,2,0,1,1,1,0,1,7897937.0
Ahmedabad,937.8999515265109,1,3,11.125857596162586,1,Semi Furnished,Mid,3,1,0,1,1,1,1,6933667.0
Delhi,1085.339812819315,2,1,10.600922182027505,1,Semi Furnished,Top,2,0,0,1,1,1,1,14869978.0
Pune,1795.7855092265488,3,2,13.99193305672555,2,Unfurnished,Mid,3,0,0,1,0,1,1,16600491.0
Ahmedabad,1309.3813563635633,2,2,6.024919112037248,1,Semi Furnished,Ground,2,0,0,0,0,0,0,8627762.0
Ahmedabad,1396.4191554529798,2,4,39.03875832165454,1,Semi Furnished,Ground,3,1,0,1,1,1,1,8806771.0
Lucknow,2135.0440126274484,3,2,4.721920012246865,1,Semi Furnished,Ground,4,0,0,1,0,0,1,14616510.0
Pune,2147.5035749692092,4,2,15.734288293901983,0,Fully Furnished,Top,3,0,1,2,0,1,0,27801557.0
Kolkata,1358.9375284311325,3,3,10.275513379073349,1,Fully Furnished,Ground,4,0,0,0,1,0,1,11707364.0
Mumbai,1184.5682446582955,3,2,4.652462725928692,0,Semi Furnished,Ground,3,0,0,1,1,1,0,18097012.0
Jaipur,1067.784843163231,4,3,3.13960446855162,0,Unfurnished,Top,4,0,0,0,1,1,1,8348427.0
Pune,1846.387884854119,4,2,47.04635258266722,0,Semi Furnished,Mid,4,1,0,2,1,1,0,14627622.0
Delhi,1397.646383238856,3,4,12.358800120465334,0,Unfurnished,Top,3,1,0,0,0,1,0,18821560.0
Hyderabad,1306.752554838605,4,3,13.902349283292882,1,Unfurnished,Mid,4,1,0,1,0,0,1,11069331.0
Delhi,1093.1677124312237,3,2,22.910644288225708,2,Semi Furnished,Ground,3,0,0,2,0,1,0,11873166.0
Mumbai,1115.1667954943057,5,2,1.2707373475819406,2,Unfurnished,Mid,3,0,0,0,0,0,1,17622746.0
Pune,1660.0290957466223,3,3,18.764093537812112,1,Unfurnished,Ground,1,0,0,0,1,1,1,13447680.0
Delhi,842.280867056369,4,3,2.707370964662168,0,Unfurnished,Ground,5,0,0,0,1,0,1,10004540.0
Delhi,1997.4343468939692,4,2,20.23388533730624,0,Semi Furnished,Ground,4,0,0,2,0,0,1,22522481.0
Kolkata,1233.0776780925407,3,3,2.2855357715303386,0,Unfurnished,Top,4,0,0,1,1,1,1,11266826.0
Kolkata,1425.1820278741038,4,2,26.801014735941116,0,Semi Furnished,Top,2,0,0,2,1,0,0,10597519.0
Pune,831.5110209297228,2,2,17.13922727343576,1,Fully Furnished,Top,2,0,1,1,0,0,1,9587851.0
Mumbai,1493.8170308788178,2,2,7.313725262190854,2,Semi Furnished,Top,3,1,0,0,0,1,0,24133017.0
Ahmedabad,1335.8395286547202,3,2,6.667013663495455,1,Fully Furnished,Top,4,1,1,0,0,0,1,14227021.0
Bangalore,1474.9597005717667,4,1,2.419214210343666,2,Fully Furnished,Ground,4,1,1,0,0,0,0,23657339.0
Chennai,2235.8544491809453,3,2,35.15944546879152,1,Semi Furnished,Ground,2,0,0,1,1,0,0,15884441.0
Jaipur,1588.84902289512,3,3,1.8924522853799068,1,Fully Furnished,Ground,3,0,0,0,1,0,1,14256924.0
Chennai,1102.670407927098,3,2,9.582083628032072,2,Semi Furnished,Ground,3,0,1,1,0,0,0,10820594.0
Lucknow,1144.3400447267159,2,1,4.047994888777982,1,Semi Furnished,Mid,3,0,1,0,0,0,0,7403617.0
Kolkata,1797.5655929568843,3,3,80.0,1,Unfurnished,Top,2,0,0,1,0,1,1,11346815.0
Pune,2149.346645496712,3,2,13.222690333990709,1,Fully Furnished,Mid,1,0,0,0,1,1,1,22064954.0
Chennai,1640.959010375525,5,2,2.43045344086713,0,Semi Furnished,Mid,1,0,0,1,1,0,1,17446899.0
Mumbai,1844.3563722773847,2,3,16.519618671934246,2,Semi Furnished,Mid,2,0,0,1,0,1,1,27067913.0
Jaipur,1804.8688616683526,3,3,71.7089644289873,0,Fully Furnished,Top,4,1,0,2,1,0,1,13008112.0
Chennai,2209.5322066787603,2,2,13.934686368938062,1,Fully Furnished,Ground,3,0,0,0,1,1,1,21195641.0
Jaipur,525.2049136369836,2,2,9.170165268318014,1,Fully Furnished,Ground,3,0,1,2,0,0,0,3865421.0
Hyderabad,1833.6094696522641,3,2,5.206601301675149,1,Fully Furnished,Mid,4,1,1,2,0,1,1,22031609.0
Mumbai,1991.8680219517819,3,3,1.4497024355050079,0,Semi Furnished,Ground,3,0,0,0,1,1,1,31655517.125
Bangalore,830.6381469322133,2,2,3.886347300057537,0,Fully Furnished,Top,3,0,0,2,1,1,0,12783979.0
Delhi,1057.165907996792,2,2,12.09879627304425,1,Semi Furnished,Ground,2,0,0,0,1,0,1,11136429.0
Jaipur,1074.6086256859232,4,3,21.02329467861508,1,Fully Furnished,Ground,2,1,0,0,0,0,0,7598742.0
Mumbai,1135.6049018113083,5,1,31.547518816604708,0,Unfurnished,Top,4,0,0,2,1,1,1,13136477.0
Jaipur,1259.141474532237,3,1,23.677248630283128,2,Fully Furnished,Mid,4,0,0,1,0,0,0,8187306.0
Jaipur,1621.3014065274708,3,2,2.0109478907469427,1,Fully Furnished,Mid,4,0,1,1,1,0,1,16382229.0
Ahmedabad,1932.837325583685,2,1,22.27249862446004,1,Semi Furnished,Top,1,1,0,0,0,0,1,13214838.0
Ahmedabad,2040.6584788842683,4,3,13.069923477595545,1,Semi Furnished,Mid,2,0,0,1,1,0,1,15992338.0
Mumbai,1081.088469416109,3,2,9.49793752145696,0,Unfurnished,Mid,3,1,0,2,1,0,1,14155168.0
Ahmedabad,1077.6485006485086,4,2,12.756285037840138,2,Unfurnished,Mid,2,0,0,1,0,0,0,7208844.0
Lucknow,2157.9109200081116,1,1,0.12162166264734645,2,Fully Furnished,Mid,2,0,0,0,0,1,0,14725695.0
Bangalore,1823.3719677093222,3,1,1.0519960095540992,1,Semi Furnished,Top,3,0,0,1,0,1,0,26446112.0
Pune,1541.4324209344982,3,4,11.193450467874564,1,Fully Furnished,Mid,3,0,0,1,0,0,0,16768365.0
Mumbai,1736.6683377774834,2,3,2.860494819376517,1,Semi Furnished,Mid,3,0,1,2,1,1,1,31655517.125
Mumbai,1485.0981090742796,2,2,11.829712096921643,1,Semi Furnished,Top,5,0,0,2,1,0,1,23726806.0
Lucknow,1762.2923415238074,3,2,6.559296547189681,1,Semi Furnished,Ground,3,1,0,2,0,1,0,11753379.0
Kolkata,1331.9666517471298,3,2,35.69393937988086,1,Semi Furnished,Top,2,1,0,2,1,1,1,10095227.0
Kolkata,1634.4024672196153,1,1,44.84131168640178,0,Unfurnished,Mid,5,0,0,0,1,1,1,8480166.0
Ahmedabad,744.7269748152519,3,4,58.51929752899847,1,Semi Furnished,Top,3,0,0,2,0,0,0,4961365.0
Pune,1156.1078525872845,2,3,34.38031572527109,1,Unfurnished,Top,3,1,0,2,0,1,1,9092720.0
Ahmedabad,1161.4944116048282,2,2,63.91397760605414,0,Unfurnished,Top,2,0,0,1,1,0,0,5937000.0
Hyderabad,1312.8049833965429,3,2,18.37014096876124,1,Fully Furnished,Top,3,0,0,1,1,1,1,13791561.0
Hyderabad,1036.743372610126,3,2,48.48788336369547,1,Fully Furnished,Ground,3,1,0,2,0,0,0,7780195.0
Delhi,1233.228187088459,3,2,15.399641326767915,1,Unfurnished,Top,4,0,0,1,0,1,1,15092561.0
Hyderabad,742.7929688009397,3,2,24.849059734634498,0,Unfurnished,Mid,4,1,0,2,0,1,0,4980789.0
Kolkata,1774.3502381974502,3,2,2.1218981201846514,1,Unfurnished,Ground,1,0,0,1,0,1,0,14129572.0
Bangalore,1458.7432405443028,3,1,17.213867573877952,1,Semi Furnished,Top,2,1,0,0,1,0,1,17949249.0
Hyderabad,647.3961961119916,5,1,40.12720699660133,1,Semi Furnished,Mid,1,1,0,2,1,0,0,5008286.0
Ahmedabad,1082.5850447266635,3,2,11.6495050184378,1,Unfurnished,Mid,3,1,0,2,0,1,0,7616455.0
Jaipur,1668.3007137810835,3,3,3.102036591644589,1,Unfurnished,Mid,2,0,0,2,1,0,1,11691859.0
Mumbai,1228.4890268071051,2,3,11.226364758533053,1,Unfurnished,Mid,1,1,0,2,1,1,1,18365401.0
Bangalore,1151.5292699309516,3,1,18.41071957166854,1,Fully Furnished,Ground,4,1,0,1,1,1,0,13508636.0
Bangalore,1462.7036614959618,3,1,22.031352351928156,0,Fully Furnished,Mid,1,1,0,1,0,1,1,16591905.0
Ahmedabad,1671.7987675891081,3,2,11.125673866062277,1,Semi Furnished,Mid,2,0,0,2,1,1,1,13067001.0
Mumbai,781.8237714804197,3,3,3.676390674655325,1,Semi Furnished,Mid,4,0,0,0,1,0,0,11729216.0
Kolkata,1775.0642406089396,2,4,39.195625938669224,1,Fully Furnished,Mid,3,0,1,0,0,0,1,14178035.0
Bangalore,1099.8533591963117,1,3,22.282932951145764,0,Semi Furnished,Ground,4,1,0,0,1,0,1,9896708.0
Delhi,1491.0360158751007,2,3,4.734813064534656,0,Semi Furnished,Top,3,1,0,0,0,0,0,20877729.0
Ahmedabad,1482.2899296542453,3,2,25.05478036086064,0,Unfurnished,Top,4,0,0,1,0,1,1,9739204.0
Bangalore,1236.4669408801128,4,1,6.412501184892943,0,Unfurnished,Top,3,0,0,1,0,0,1,14353360.0
Pune,988.1701269346428,2,1,5.618903881901717,1,Fully Furnished,Ground,1,0,0,0,1,1,1,11545735.0
Mumbai,1357.1567259538683,3,2,29.82500750003471,0,Unfurnished,Top,3,0,0,2,0,0,1,15040414.0
Hyderabad,2312.6651545375976,1,1,30.981328977286505,1,Semi Furnished,Mid,3,1,0,0,0,1,0,14514057.0
Bangalore,819.1624847681845,2,3,7.624467390580057,2,Unfurnished,Ground,3,1,0,1,0,1,1,9326967.0
Ahmedabad,2346.156509552438,4,3,0.1344427755541136,0,Semi Furnished,Top,4,1,0,2,0,0,1,22027263.0
Hyderabad,1370.1394144617338,3,1,3.0973503164405,2,Fully Furnished,Top,2,1,1,1,0,1,1,19111467.0
Delhi,1517.6857085443196,2,3,36.00236160060779,1,Unfurnished,Top,3,1,0,0,0,0,0,14248573.0
Hyderabad,956.6445943076363,2,2,34.35234038118834,2,Fully Furnished,Ground,4,0,0,0,0,0,1,6387776.0
Pune,1114.3652916612596,4,3,9.059053915631285,0,Unfurnished,Ground,4,1,0,2,0,0,1,9998672.0
Kolkata,1248.5451749809904,2,3,5.438599733635543,2,Unfurnished,Mid,3,1,1,0,0,1,1,11637571.0
Bangalore,977.1525145610439,3,2,5.409132045072831,2,Unfurnished,Ground,2,0,0,1,1,0,1,11169338.0
Chennai,1395.5410213145642,3,2,34.123790537264085,2,Fully Furnished,Ground,4,0,0,2,1,1,1,12157633.0
Chennai,1296.4920540966145,3,1,5.889713569319089,1,Unfurnished,Mid,4,0,0,1,0,0,1,11178282.0
Hyderabad,2425.3905712178666,3,3,10.748701790097568,0,Semi Furnished,Top,2,0,0,1,0,0,0,23043479.0
Lucknow,917.0129071597695,4,2,19.696274707426664,0,Unfurnished,Top,2,1,0,1,1,1,0,5790784.0
Mumbai,1551.3452583742937,2,3,3.525984597546132,2,Unfurnished,Ground,4,0,0,1,1,1,1,23707254.0
Chennai,1623.9231409509123,3,2,4.392209905652574,0,Semi Furnished,Mid,3,0,1,1,1,0,1,17041196.0
Lucknow,964.8397256740813,2,3,6.648950799447423,1,Fully Furnished,Top,2,0,0,1,1,1,0,8125925.0
Chennai,1843.4137477264194,3,4,15.929435195816398,0,Fully Furnished,Mid,3,1,0,0,0,1,1,20499069.0
Lucknow,1300.836493559186,4,3,25.51430821014247,1,Semi Furnished,Mid,3,0,0,0,0,1,1,7382424.0
Mumbai,400.0,3,1,11.868207529217553,1,Unfurnished,Ground,5,0,0,0,1,1,0,4570456.0
Jaipur,1829.9248060522825,3,2,2.139511653754386,2,Semi Furnished,Top,2,1,0,2,0,1,0,16100375.0
Chennai,941.5295579488181,4,2,8.865508093583006,2,Semi Furnished,Mid,2,1,0,1,0,0,1,9490583.0
Pune,976.1125269304505,2,1,2.049168622376388,1,Unfurnished,Top,2,0,0,2,0,0,1,9480641.0
Bangalore,1843.951041446199,3,2,1.3866177890888216,1,Semi Furnished,Top,1,0,0,1,1,1,0,28379897.0
Lucknow,1326.419258790775,4,2,13.359957722573856,1,Fully Furnished,Top,2,1,0,1,1,0,1,11006590.0
Bangalore,1958.88607527575,3,3,46.92597037359866,0,Fully Furnished,Top,4,1,0,2,0,0,0,22010467.0
Ahmedabad,2105.0830476826595,2,2,27.26648578900316,2,Fully Furnished,Mid,2,1,1,2,1,0,0,18450173.0
Ahmedabad,1177.5357698388511,2,3,22.33961533984637,1,Semi Furnished,Top,3,0,0,1,0,0,1,7259849.0
Mumbai,1896.6312479775154,2,1,19.4773276197438,1,Unfurnished,Mid,3,1,0,1,1,0,1,19436662.0
Lucknow,1122.269599303559,2,1,34.114025898856,0,Fully Furnished,Ground,3,0,1,1,1,1,1,6183426.0
Delhi,2616.557958566088,3,1,20.96549234422488,1,Unfurnished,Ground,4,0,0,0,0,0,1,23475620.0
Ahmedabad,1153.5214977343924,2,2,14.787721206273469,1,Unfurnished,Mid,3,1,0,1,0,0,1,7687220.0
Mumbai,2013.0437204800019,2,2,6.804398945502377,0,Fully Furnished,Ground,2,1,0,2,1,1,0,31655517.125
Ahmedabad,1921.8950129407879,3,2,1.5961474876368553,2,Semi Furnished,Ground,2,1,1,1,0,0,1,17864388.0
Ahmedabad,1658.043911054467,3,4,9.271524142710904,0,Fully Furnished,Top,3,0,0,0,1,0,1,14458194.0
Delhi,1164.7284192916584,3,2,38.8109166640237,1,Semi Furnished,Mid,4,0,0,2,1,0,1,12647871.0
Chennai,1424.3012540292955,3,1,13.12364295959235,1,Unfurnished,Mid,2,1,0,2,1,0,0,10913225.0
Hyderabad,423.205943527724,1,2,3.059384737430603,2,Fully Furnished,Top,2,0,0,2,1,0,1,4817463.0
Jaipur,1612.2100191911252,2,3,15.70553195474359,2,Fully Furnished,Ground,3,0,0,0,0,0,1,11558505.0
Ahmedabad,1674.8076655141926,2,3,9.39529341712823,2,Semi Furnished,Top,2,1,0,0,0,1,0,14233927.0
Ahmedabad,1566.7497095306858,3,3,40.18758798709787,0,Semi Furnished,Mid,5,0,0,1,1,1,1,9702247.0
Pune,400.0,1,1,2.632094312641979,2,Unfurnished,Top,1,0,0,0,1,1,1,3902134.0
Jaipur,867.1817774550946,3,1,18.672533896567863,0,Fully Furnished,Mid,3,1,0,1,1,0,0,5632196.0
Delhi,1125.9545085756686,2,1,17.16681849403897,0,Fully Furnished,Mid,2,0,0,1,0,0,1,12853680.0
Bangalore,1645.8294665945232,4,3,61.603769831818376,0,Fully Furnished,Ground,3,1,0,2,1,1,1,20720115.0
Lucknow,1644.6694528214923,3,2,12.483108907808576,2,Semi Furnished,Mid,3,1,0,0,1,0,1,11066619.0
Ahmedabad,1414.8881040144104,3,2,30.78604043720415,1,Semi Furnished,Ground,4,1,0,1,1,0,1,8245407.0
Hyderabad,1817.6227683019783,4,2,0.37536680419845586,1,Fully Furnished,Top,3,1,1,1,1,1,1,29173640.0
Lucknow,986.87881234855,3,2,1.9668766630736474,0,Semi Furnished,Ground,2,0,0,0,1,0,0,6599985.0
Jaipur,1805.1175028469981,3,2,6.368310099367932,0,Unfurnished,Top,1,0,0,2,1,1,1,12401008.0
Lucknow,1737.3710524199455,4,2,14.487233750970146,1,Fully Furnished,Top,3,1,0,0,0,0,0,12652825.0
Chennai,1688.7773664189554,3,1,8.942467229313053,0,Fully Furnished,Top,3,1,0,0,1,1,0,17952945.0
Ahmedabad,1408.9797844571722,4,4,3.397793291743215,1,Unfurnished,Mid,2,0,0,0,1,0,1,12191150.0
Lucknow,2415.371912415631,3,1,13.344868573377733,1,Fully Furnished,Ground,2,1,0,2,1,0,1,16873421.0
Bangalore,1746.5978442449393,4,1,12.544841689814023,1,Fully Furnished,Top,2,0,0,0,1,0,1,24533227.0
Bangalore,1015.8320683732205,2,2,11.149169217451076,2,Fully Furnished,Top,2,0,0,1,1,0,1,14426575.0
Ahmedabad,1624.152737867992,2,3,1.4238296772896384,0,Fully Furnished,Ground,4,1,0,1,1,0,0,15380422.0
Kolkata,1876.2416885371092,3,2,39.26467671993862,0,Semi Furnished,Top,3,0,0,0,0,0,1,11331737.0
Bangalore,1205.9457005378451,2,2,13.456710672059351,1,Unfurnished,Mid,5,0,1,1,0,0,1,12036542.0
Lucknow,2044.6361234655494,2,1,4.597709209062358,2,Fully Furnished,Ground,3,0,1,0,0,1,0,14771043.0
Mumbai,1691.0168528580052,3,1,17.443335799940442,1,Semi Furnished,Top,3,0,0,1,0,1,0,22558601.0
Bangalore,400.0,3,2,5.7388607923331945,2,Fully Furnished,Ground,2,0,0,0,1,1,1,5504549.0
Jaipur,1649.8359886689632,4,2,10.573925407188543,1,Semi Furnished,Mid,3,0,0,0,0,0,0,10708565.0
Kolkata,1296.9854227936423,3,3,6.258475808354201,0,Semi Furnished,Mid,3,0,0,1,1,1,1,13027411.0
Lucknow,1768.589907270868,4,3,31.85328740063725,1,Unfurnished,Top,2,0,0,1,0,0,0,8526853.0
Delhi,1972.107420125907,3,3,76.6914768480213,0,Semi Furnished,Ground,1,0,0,0,1,0,0,16434655.0
Pune,1597.581023570909,2,1,2.6364239825707627,1,Fully Furnished,Mid,2,0,1,0,1,0,1,19835960.0
Delhi,2332.6261169723475,2,2,0.35792073717562356,0,Unfurnished,Ground,2,0,0,1,0,1,0,25273293.0
Chennai,1410.646557718252,3,3,3.7138973325638456,0,Unfurnished,Ground,3,0,0,1,0,0,1,12305949.0
Pune,1812.4089115269376,3,3,13.372215176176113,2,Fully Furnished,Top,3,0,0,1,1,1,1,21836594.0
Chennai,1902.4712868186737,2,1,2.866520312351967,0,Fully Furnished,Mid,3,0,1,0,1,1,1,22136461.0
Pune,1451.3270155536336,3,2,25.02861971135275,0,Unfurnished,Top,3,0,0,0,1,0,1,11217691.0
Pune,1889.387153988891,3,3,7.880730257918075,2,Semi Furnished,Ground,3,0,0,0,1,0,1,19810268.0
Mumbai,1202.6635064189156,3,2,14.144632132808315,1,Unfurnished,Top,2,0,0,1,1,1,1,16244429.0
Hyderabad,1288.7157904893907,4,3,9.121556726173798,1,Unfurnished,Top,3,0,0,0,0,1,1,11510450.0
Jaipur,843.7556548318438,3,2,35.046459944767896,2,Fully Furnished,Mid,3,0,0,1,1,0,0,5766581.0
Delhi,1620.7045581850234,3,1,0.5365114970832724,1,Fully Furnished,Ground,3,0,0,2,1,1,0,24936698.0
Bangalore,1662.6258379271721,5,1,19.60126627772064,0,Fully Furnished,Top,3,0,0,1,1,0,0,20827273.0
Lucknow,2089.631579289615,2,1,15.84071336426093,1,Unfurnished,Ground,3,0,0,0,0,0,0,9653266.0
Kolkata,1895.570002177942,3,2,15.726561867558173,1,Unfurnished,Top,3,1,0,0,1,1,1,14239640.0
Jaipur,1357.6022216762835,4,3,8.016260834273119,2,Fully Furnished,Mid,1,0,0,1,1,0,0,12449366.0
Chennai,910.9101563328616,3,3,0.236990760349349,0,Unfurnished,Top,4,0,0,0,1,0,1,8639511.0
Mumbai,1716.425201259987,4,3,17.531050382037648,0,Fully Furnished,Mid,3,0,0,1,0,0,1,29920381.0
Chennai,2055.376586207321,3,2,26.53276735014172,1,Unfurnished,Top,3,1,0,1,1,0,1,16283191.0
Hyderabad,1877.5924869019716,3,2,1.3362442708048303,1,Semi Furnished,Top,2,0,0,1,1,0,1,20572067.0
Kolkata,2042.238762428644,2,2,8.740666127506259,0,Fully Furnished,Mid,3,1,0,0,1,1,1,17420987.0
Mumbai,1394.0552344008788,5,3,2.6617092021207194,2,Semi Furnished,Top,1,0,0,1,0,1,1,30154447.0
Chennai,1266.6905159121773,4,2,14.160240241408449,2,Fully Furnished,Top,2,1,1,1,1,1,0,17188926.0
Hyderabad,1131.5493238841004,4,2,23.099018913841025,1,Fully Furnished,Mid,3,0,1,0,1,0,1,10678319.0
Lucknow,1472.0517666932024,3,4,16.48097985921481,2,Unfurnished,Top,4,1,0,1,1,0,1,11985348.0
Lucknow,1460.7046020155904,2,2,5.742205573638961,0,Fully Furnished,Ground,4,0,0,1,1,0,0,9836151.0
Chennai,1603.338814269558,1,3,2.2576819104928787,2,Semi Furnished,Top,5,1,0,2,0,0,0,18715068.0
Jaipur,1435.351271482246,4,3,23.717724569554317,1,Semi Furnished,Mid,4,0,0,0,1,1,0,8248962.0
Kolkata,1433.1861351366144,3,2,5.871588301596685,0,Unfurnished,Top,3,1,0,1,0,1,0,11345155.0
Ahmedabad,1111.652973513928,2,1,0.3358289461999457,1,Fully Furnished,Ground,3,0,1,2,1,1,0,10784777.0
Jaipur,1970.8095067757454,3,4,12.709210410241976,1,Fully Furnished,Ground,2,0,1,1,0,1,1,17763192.0
Lucknow,1538.2590311218557,3,2,4.248924061681553,1,Unfurnished,Top,2,1,0,1,0,1,1,10625798.0
Kolkata,1412.778032857359,3,1,27.60221255878349,2,Fully Furnished,Top,2,0,0,0,0,0,1,9574882.0
Hyderabad,1126.2853733753977,3,2,2.319227892289354,1,Fully Furnished,Mid,3,0,0,0,0,1,0,11464860.0
Mumbai,834.0434448044571,3,2,8.55865695601299,1,Semi Furnished,Top,3,1,0,0,0,1,1,13653762.0
Pune,2153.9820962746717,4,3,4.377966165966843,0,Semi Furnished,Mid,3,0,0,1,0,1,1,22906315.0
Chennai,1777.3193540659036,2,3,17.548480608741624,1,Semi Furnished,Ground,3,1,0,1,1,1,1,16370693.0
Delhi,688.0410787150164,3,3,11.928725515978972,1,Semi Furnished,Ground,2,0,0,0,1,0,1,9213182.0
Kolkata,1881.5711503548284,3,3,23.480434037512598,0,Fully Furnished,Ground,1,1,0,2,0,0,1,14321643.0
Bangalore,1961.2405851165545,5,1,9.204301939562244,2,Fully Furnished,Ground,5,1,0,2,0,0,1,29917406.0
Hyderabad,1562.1880611504648,3,3,0.07230043866179796,1,Semi Furnished,Top,4,1,0,1,0,0,1,17518072.0
Ahmedabad,2299.0554478758795,3,2,3.6348282931395883,1,Fully Furnished,Top,2,0,0,1,1,0,0,22058089.0
Pune,1608.3598210614414,3,2,80.0,1,Unfurnished,Mid,3,0,0,0,0,0,0,10108257.0
Bangalore,791.5882360254051,3,3,7.796607833387866,2,Unfurnished,Mid,2,1,0,2,0,0,0,9314887.0
Ahmedabad,1682.5845005241604,5,2,14.523043840535333,0,Fully Furnished,Ground,2,1,0,0,1,0,0,14277585.0
Delhi,1622.4486508563646,4,3,35.29738096837861,1,Fully Furnished,Mid,3,0,0,2,0,1,0,22437762.0
Lucknow,1198.3515756109225,3,1,0.31106595234904805,0,Semi Furnished,Top,4,0,0,2,1,0,1,9026371.0
Jaipur,1786.7794184387126,3,3,16.164834165989642,0,Semi Furnished,Mid,3,1,1,1,0,0,1,13446566.0
Chennai,666.167366904569,2,1,5.103104484260054,0,Unfurnished,Ground,1,1,0,1,0,0,1,4610623.0
Mumbai,1995.2834137213947,3,2,4.911907827995861,1,Fully Furnished,Mid,3,0,1,0,0,1,1,31655517.125
Ahmedabad,1060.9391481972737,3,2,3.820507953960028,2,Fully Furnished,Top,3,0,0,0,1,0,0,10575370.0
Pune,1007.5269374414838,3,2,25.95115295964808,1,Semi Furnished,Mid,4,0,0,1,0,0,0,7914316.0
Kolkata,1443.0876138462615,2,2,7.00088070741336,1,Fully Furnished,Ground,3,0,0,1,1,0,1,13142958.0
Lucknow,1716.4864640218177,4,3,1.0421248945179746,2,Semi Furnished,Top,3,0,0,0,0,1,1,13589876.0
Kolkata,1581.9620317967149,3,3,1.528018626810996,1,Semi Furnished,Mid,2,0,0,2,1,0,1,15509053.0
Pune,1128.6704171138108,3,2,2.413351428358786,0,Fully Furnished,Ground,3,0,1,0,0,1,1,13995001.0
Kolkata,1246.9553544040557,1,2,34.37877091681186,0,Semi Furnished,Mid,3,0,1,0,0,1,0,6689092.0
Ahmedabad,933.478826311269,3,2,8.364655951622485,0,Unfurnished,Mid,4,0,0,0,1,1,1,6320577.0
Hyderabad,1387.660049185065,4,2,37.162890433448496,0,Semi Furnished,Top,2,0,0,2,0,1,1,10088975.0
Kolkata,2037.510607255455,3,2,25.51338951403518,1,Unfurnished,Top,3,0,0,0,0,1,0,13635606.0
Jaipur,1497.8685311780619,3,2,27.291519689699726,1,Fully Furnished,Top,2,0,0,1,0,0,1,11070118.0
Delhi,1929.7071273797264,2,3,5.070569960544271,0,Fully Furnished,Ground,2,0,0,0,1,0,1,25452436.0
Mumbai,2227.700668863096,3,1,4.747693997422383,1,Fully Furnished,Mid,4,0,1,1,1,0,1,31655517.125
Ahmedabad,1205.9907404815165,4,2,12.317039593040299,1,Fully Furnished,Ground,3,0,0,1,1,0,1,9904739.0
Bangalore,1406.7133734723177,3,2,8.117338624093186,1,Fully Furnished,Top,3,0,0,2,1,1,0,22256412.0
Pune,2585.5964305312473,4,2,10.671521403799053,2,Semi Furnished,Ground,1,0,0,0,0,0,1,24215511.0
Lucknow,2222.1717059899725,4,3,0.8200775896375272,2,Fully Furnished,Ground,3,0,0,1,0,1,1,18963996.0
Ahmedabad,663.7977370938237,4,2,53.41531223046384,1,Fully Furnished,Top,3,1,0,2,0,0,1,5212951.0
Hyderabad,1693.5741580304532,4,2,0.8989383298961937,1,Fully Furnished,Mid,3,0,0,0,0,0,1,18483552.0
Lucknow,1500.2799961698477,1,2,2.955400600052689,1,Unfurnished,Ground,3,0,0,2,0,1,0,8088761.0
Jaipur,1913.2265554293813,4,3,17.007400130420248,1,Semi Furnished,Mid,4,0,0,2,0,1,0,13311302.0
Pune,1127.5106162574723,2,3,2.535185702826113,1,Fully Furnished,Top,2,1,0,0,1,0,0,14055949.0
Lucknow,1080.1958139796639,1,2,1.6953457657595237,1,Fully Furnished,Mid,4,1,0,0,1,1,0,8456971.0
Kolkata,1161.9646423531954,2,2,2.5018094735647,1,Semi Furnished,Mid,4,0,0,0,1,1,1,9211356.0
Ahmedabad,1214.0357269007836,3,1,0.9588045755505017,2,Unfurnished,Mid,2,1,0,2,1,0,1,10091814.0
Delhi,1907.662083404507,3,2,4.34162910683866,0,Fully Furnished,Mid,5,0,0,1,1,0,1,28050331.0
Pune,909.3994134255599,3,4,4.743677541490848,1,Unfurnished,Ground,5,0,0,0,0,1,0,8258335.0
Chennai,1188.6930500203405,1,2,10.355927189699843,1,Semi Furnished,Ground,3,1,0,2,1,1,0,10526832.0
Jaipur,605.4938047492794,3,3,8.663098110091235,1,Fully Furnished,Top,2,1,0,0,0,1,0,5692464.0
Mumbai,2003.5589117061866,3,2,9.628640647421399,0,Semi Furnished,Top,3,0,0,1,1,0,1,30532068.0
Pune,2135.51504971557,4,2,14.358234108457188,1,Fully Furnished,Top,2,1,0,0,1,0,1,25513002.0
Hyderabad,1336.4632845681067,2,4,3.939212344683966,1,Fully Furnished,Ground,2,0,0,1,0,0,0,13810229.0
Ahmedabad,1351.0253175933885,2,1,2.1702567833075745,1,Fully Furnished,Ground,3,1,1,1,0,0,1,12346120.0
Kolkata,1726.6109511414486,2,2,31.66438916127931,1,Fully Furnished,Ground,3,1,0,0,0,0,0,10894688.0
Mumbai,2237.241003689128,3,3,15.07442526032352,1,Semi Furnished,Mid,3,1,1,0,0,0,0,31655517.125
Mumbai,1704.3053737819587,3,3,0.9387192695842038,1,Fully Furnished,Ground,2,0,0,1,0,0,0,29645744.0
Jaipur,1151.2290287624428,3,3,48.68278300528199,1,Unfurnished,Ground,2,1,0,2,0,1,1,6338686.0
Lucknow,690.5887140067798,3,3,17.716960360768713,2,Fully Furnished,Ground,5,1,0,1,1,1,1,5365671.0
Hyderabad,942.4368686682561,3,3,2.4678960661005664,1,Semi Furnished,Top,3,0,0,1,1,0,1,10791388.0
Lucknow,1536.6097251562326,3,2,52.171710151498864,0,Unfurnished,Top,4,0,0,0,0,1,0,7235533.0
Kolkata,1172.3362383996027,5,3,6.82157957042628,1,Fully Furnished,Top,2,0,0,1,0,0,1,12932436.0
Mumbai,1597.4838529953793,2,4,62.51348670688283,0,Semi Furnished,Ground,4,0,0,0,1,1,1,16951000.0
Hyderabad,1223.537991881883,4,2,1.6351011493275003,1,Semi Furnished,Ground,3,0,0,1,1,0,1,11550504.0
Hyderabad,970.9267843527942,3,2,2.614751121448883,1,Fully Furnished,Top,2,0,0,0,1,0,0,10437615.0
Bangalore,911.4841842734644,1,2,16.068731413575822,2,Unfurnished,Mid,3,0,0,1,0,0,1,8559822.0
Ahmedabad,2281.177254686615,5,3,0.33588468159824814,0,Semi Furnished,Top,4,0,0,0,0,1,0,21373839.0
Mumbai,1944.4938745918216,4,2,0.28299749464545776,1,Semi Furnished,Mid,2,1,1,0,1,0,0,31655517.125
Mumbai,2365.258975913979,3,3,23.55201997959832,0,Unfurnished,Mid,3,0,0,1,0,0,1,23324563.0
Hyderabad,1769.9754503775514,3,2,2.7548827298706935,2,Fully Furnished,Ground,5,0,0,0,0,1,0,19375772.0
Lucknow,1285.0042956925804,3,2,37.660751931201574,1,Fully Furnished,Ground,4,0,0,0,0,0,0,6253712.0
Mumbai,2161.670461244969,2,2,8.324174953243835,1,Fully Furnished,Ground,3,0,0,1,1,0,0,31655517.125
Hyderabad,1483.465999319116,1,2,31.030771177164787,1,Fully Furnished,Mid,1,0,0,2,0,1,1,10463799.0
Mumbai,1610.4208851451763,4,2,8.113180512346233,1,Unfurnished,Mid,3,0,0,1,0,0,0,21122174.0
Hyderabad,1478.5878104622404,4,2,11.33268114511315,2,Semi Furnished,Top,3,1,0,2,1,0,1,17612847.0
Bangalore,400.0,2,2,5.708240135756817,1,Fully Furnished,Top,3,0,0,0,1,0,1,5517360.0
Ahmedabad,2302.3675061474264,4,2,16.097520159264093,1,Semi Furnished,Top,5,0,0,0,1,0,0,17555172.0
Hyderabad,1745.5019729788767,3,2,5.745309440628441,1,Semi Furnished,Top,4,1,0,1,1,1,0,19619729.0
Mumbai,1664.911530434255,2,2,3.7880080309808655,2,Unfurnished,Mid,2,0,0,0,1,0,0,22422579.0
Kolkata,1469.1119688647198,3,4,1.267809599352135,0,Semi Furnished,Ground,3,0,0,1,1,1,1,13672324.0
Ahmedabad,1581.7139101930654,3,3,0.8909858279578208,1,Fully Furnished,Ground,2,0,0,1,0,0,1,12868470.0
Bangalore,1201.360532076876,4,3,5.4786954617733565,2,Semi Furnished,Ground,3,0,0,1,1,0,1,15258846.0
Hyderabad,1808.2896761536356,4,2,20.004011393510755,0,Fully Furnished,Mid,3,0,0,2,1,1,0,15517167.0
Kolkata,846.4508278004338,2,2,3.452901394769425,1,Fully Furnished,Ground,2,0,1,1,0,0,0,8174830.0
Hyderabad,1593.0342162352736,3,2,5.333578647700652,1,Fully Furnished,Top,3,1,0,2,0,0,1,18180517.0
Lucknow,1780.7867352855524,4,3,35.335266341672956,0,Semi Furnished,Top,2,0,0,0,1,0,1,9163658.0
Mumbai,1400.6654330885485,4,2,15.289705384967757,1,Unfurnished,Ground,3,1,0,1,1,1,1,18342517.0
Pune,1685.4338962355123,2,3,37.833967786485644,2,Semi Furnished,Ground,2,1,0,0,1,0,1,13671763.0
Jaipur,1004.3328038828749,3,2,36.32492771527522,1,Unfurnished,Top,5,0,0,1,0,1,0,5328090.0
Delhi,1017.0866145520179,4,1,0.9826558184777906,0,Unfurnished,Ground,2,1,0,0,1,1,1,12645190.0
Lucknow,1618.3585605131966,3,2,46.51950046972961,1,Unfurnished,Ground,2,1,0,2,0,0,0,7106339.0
Kolkata,1839.2748273105258,3,3,0.7880103101515076,2,Semi Furnished,Ground,3,0,0,1,1,1,1,17536188.0
Lucknow,562.5671722491445,4,2,38.97830460432585,0,Unfurnished,Mid,2,1,0,1,0,1,0,2631748.0
Chennai,1761.0103175553832,2,2,11.869123297659934,0,Unfurnished,Ground,2,1,0,1,1,1,0,13024816.0
Hyderabad,1228.3992498118314,4,3,11.427480941837308,2,Unfurnished,Top,3,1,0,1,1,0,1,11416498.0
Hyderabad,1403.5969563462938,3,3,18.737903483543064,2,Fully Furnished,Mid,1,1,0,1,1,1,0,13888986.0
Delhi,830.2410382174814,1,1,31.70568448262896,1,Unfurnished,Top,2,0,0,2,1,1,1,6927616.0
Delhi,1074.191379906646,2,1,14.395982768237163,0,Fully Furnished,Top,1,0,0,0,1,1,1,14438790.0
Chennai,1983.0626627651557,2,2,8.311213169499052,0,Unfurnished,Ground,2,0,0,0,1,1,0,14936463.0
Mumbai,1516.4316869901065,2,2,1.779883949965956,0,Semi Furnished,Top,3,1,0,1,0,0,1,24989645.0
Jaipur,1308.6107991452207,3,3,23.353344133511317,1,Fully Furnished,Ground,3,0,1,0,0,0,0,9308625.0
Pune,1441.7558236844827,2,2,2.0595372849192914,1,Unfurnished,Mid,2,0,0,1,0,0,0,13272040.0
Pune,1744.6059123321506,4,3,19.439449870486538,0,Semi Furnished,Ground,1,0,1,1,0,0,0,15325906.0
Bangalore,1720.2472480816689,3,1,11.259259392962438,0,Fully Furnished,Ground,1,1,0,1,0,0,1,19934848.0
Bangalore,1462.4864998015996,3,2,7.312397445176688,2,Semi Furnished,Ground,1,1,0,0,0,0,1,17078995.0
Mumbai,2046.4795554483342,3,4,14.239431133967955,1,Unfurnished,Ground,1,0,0,1,0,0,1,25039965.0
Bangalore,1985.2313184533332,3,1,22.199589778615273,1,Unfurnished,Ground,1,1,0,0,0,0,1,15907161.0
Bangalore,1706.6860145651979,3,3,42.48880580816124,0,Unfurnished,Mid,1,0,1,2,0,1,1,15466037.0
Chennai,1527.3058914550352,2,3,4.612086907234029,2,Unfurnished,Ground,3,1,0,2,0,1,1,14411901.0
Chennai,1828.6605475597696,4,1,44.098833585516,1,Fully Furnished,Mid,4,1,0,1,1,0,1,17196910.0
Bangalore,1657.1337109005917,3,2,48.642935478351326,1,Fully Furnished,Top,4,1,0,1,1,0,0,19599516.0
Lucknow,2030.4000359029737,2,2,25.200361416326786,2,Fully Furnished,Ground,2,1,0,0,0,1,0,11943504.0
Ahmedabad,1949.7806883691537,3,3,31.984684344512168,0,Unfurnished,Top,2,1,1,1,1,0,0,13258064.0
Ahmedabad,990.8730492911357,3,2,17.685667376489246,1,Unfurnished,Mid,1,0,0,0,0,1,1,6100945.0
Mumbai,957.0184146291468,2,2,0.5982306076583458,1,Semi Furnished,Ground,2,0,0,1,1,0,0,12028541.0
Pune,1149.375227797962,4,1,12.837764073133522,0,Semi Furnished,Ground,3,1,1,1,0,0,1,12681724.0
Delhi,1988.0693450334606,3,2,20.627619998383953,1,Fully Furnished,Top,5,1,0,0,0,0,0,26829700.0
Mumbai,711.8455016143772,3,2,42.63310433428562,2,Unfurnished,Top,4,0,0,2,1,0,1,8917516.0
Bangalore,1697.3786945539966,3,1,12.675321446998996,0,Unfurnished,Top,3,0,0,2,1,1,0,17644916.0
Chennai,1681.2715455464806,5,4,23.712806269483625,1,Semi Furnished,Mid,3,1,0,0,0,1,1,16375170.0
Hyderabad,2081.3240293430963,2,2,18.31366765754032,1,Fully Furnished,Mid,2,1,0,0,0,1,1,17771485.0
Lucknow,1590.1693453319438,3,1,4.944297182505406,1,Unfurnished,Ground,3,1,0,2,1,1,0,10686862.0
Kolkata,828.3953047080497,3,3,2.521453482575067,1,Semi Furnished,Top,3,0,0,0,1,0,0,7427864.0
Chennai,1020.3225196759386,3,3,20.84883372996913,0,Fully Furnished,Mid,3,0,0,0,1,0,0,8835200.0
Ahmedabad,909.0022390510877,1,1,3.9940613160964515,0,Fully Furnished,Mid,3,1,0,2,1,0,0,7351211.0
Chennai,1231.0280168334298,1,1,4.209436143718126,2,Fully Furnished,Mid,4,0,0,1,0,1,0,12332378.0
Lucknow,1408.5492162880366,4,1,15.490103169688279,2,Semi Furnished,Top,3,0,0,0,0,0,0,9192652.0
Delhi,917.2792368894716,3,1,23.34332508349151,1,Unfurnished,Mid,3,1,0,1,1,0,0,9539471.0
Bangalore,2235.3309953261446,3,3,13.096029641303518,1,Semi Furnished,Mid,2,0,0,2,0,1,1,25034110.0
Hyderabad,837.3593140237795,3,2,32.44015010008697,1,Unfurnished,Top,2,0,0,0,0,0,1,5108824.0
Ahmedabad,2173.0517119312403,3,3,3.563263912237967,1,Unfurnished,Mid,1,0,0,0,0,0,1,16171081.0
Ahmedabad,2092.5815157196703,2,2,4.363597571075038,1,Unfurnished,Top,2,0,0,0,0,1,0,14905585.0
Jaipur,1949.1512748445177,2,3,15.198448112260497,0,Fully Furnished,Top,3,1,0,1,1,0,1,15824736.0
Pune,1153.1166962516247,5,2,26.523707553174145,2,Unfurnished,Mid,3,0,0,1,1,0,0,8828815.0
Delhi,1671.2254395884506,3,3,11.626809819000151,1,Fully Furnished,Top,3,1,0,0,0,0,1,23149598.0
Ahmedabad,861.314433224691,3,2,0.15653756592196752,2,Semi Furnished,Ground,4,0,0,2,1,1,1,7116948.0
Pune,1955.4535175168746,4,3,16.948903510370066,1,Unfurnished,Top,2,0,1,0,1,0,0,20708536.0
Ahmedabad,1463.0076092318657,3,2,25.19649206557901,1,Semi Furnished,Ground,3,0,0,0,0,1,1,8696119.0
Bangalore,1295.3398927066573,2,2,4.855725538471007,2,Semi Furnished,Ground,3,0,1,0,1,0,1,15764450.0
Pune,888.1275766718654,2,3,0.8358341424110604,1,Unfurnished,Top,2,1,0,0,0,0,0,9177042.0
Lucknow,400.0,3,1,10.945673091180879,1,Unfurnished,Ground,2,0,0,2,1,0,0,2045380.0
Jaipur,980.7295714821221,4,2,0.6460430933601662,1,Fully Furnished,Ground,3,0,0,1,0,1,0,8821086.0
Bangalore,2056.399097806453,2,3,8.068244514790209,1,Unfurnished,Mid,4,0,0,1,0,0,1,20070882.0
Lucknow,1298.583285762598,2,3,0.26967740100301874,1,Fully Furnished,Top,1,0,0,0,1,0,1,11183330.0
Hyderabad,1415.3355714424763,4,2,3.822739685509496,1,Fully Furnished,Top,5,0,0,2,1,1,1,17267170.0
Delhi,1827.7771791442265,2,2,7.385516638690564,1,Unfurnished,Ground,3,0,0,2,1,0,1,18701425.0
Delhi,2402.8344390581324,3,2,1.7767857837673295,1,Unfurnished,Top,3,1,0,2,1,0,0,31655517.125
Kolkata,2162.502327472819,2,3,1.8182146159553982,0,Unfurnished,Top,4,0,1,1,1,1,1,19449807.0
Kolkata,1013.832498091906,3,2,26.322309430144564,2,Fully Furnished,Mid,2,0,0,1,0,1,0,7840231.0
Pune,528.7147142812968,3,3,0.634594351215813,1,Fully Furnished,Mid,1,1,0,2,1,1,0,7715045.0
Delhi,2679.8071295500517,2,1,17.517807712893095,1,Fully Furnished,Top,2,0,0,0,1,0,0,31655517.125
Pune,2634.495805829727,3,2,25.269054489154115,0,Fully Furnished,Mid,2,0,0,0,0,1,1,21784195.0
Kolkata,1594.2267982146413,3,2,2.1013905649027085,1,Fully Furnished,Top,5,0,0,0,1,1,0,17613833.0
Hyderabad,864.7558772090892,3,3,3.2606047111930905,0,Unfurnished,Mid,1,0,0,2,0,0,1,7158282.0
Ahmedabad,1981.6132669469696,3,2,15.387119018764835,1,Fully Furnished,Ground,4,0,0,0,1,1,0,14663637.0
Lucknow,1446.008156993695,3,1,5.68921270110004,0,Unfurnished,Mid,3,0,0,0,0,0,1,7446648.0
Chennai,1443.5094384466947,3,2,9.70606962940613,1,Fully Furnished,Ground,2,1,0,2,1,0,1,15444902.0
Pune,1947.2294215525644,3,2,27.11858047792649,1,Fully Furnished,Mid,2,0,0,0,1,0,0,17603473.0
Hyderabad,1667.1873734366493,3,2,2.2272072862944934,1,Unfurnished,Top,3,1,0,0,0,1,1,17102229.0
Lucknow,907.0925444925274,3,2,14.500050420676727,0,Semi Furnished,Top,3,0,0,2,0,1,1,6445170.0
Delhi,1337.6290324590132,3,3,42.812897524890225,0,Semi Furnished,Ground,2,0,0,2,0,1,1,14673078.0
Ahmedabad,1830.5764643306734,2,2,0.8877593117894469,0,Fully Furnished,Ground,4,1,0,1,1,0,0,15156980.0
Lucknow,1755.1261112025093,2,2,0.9282390080442549,1,Unfurnished,Top,2,0,1,0,0,1,1,14213109.0
Jaipur,1631.0082871792379,2,4,12.13653339596877,0,Semi Furnished,Mid,3,0,0,0,1,0,0,10700213.0
Kolkata,1966.711477237932,4,2,48.311587872376705,0,Semi Furnished,Ground,3,0,0,0,1,0,1,12070407.0
Lucknow,1319.1415060913678,4,3,3.736031663147862,1,Unfurnished,Top,4,1,0,2,0,0,1,10762686.0
Chennai,1589.334887609536,3,2,6.024904651726596,1,Semi Furnished,Mid,1,0,0,0,0,1,1,14983045.0
Hyderabad,400.0,2,2,1.5578908860742517,1,Fully Furnished,Top,2,1,0,1,0,0,1,4631677.0
Ahmedabad,1275.1749030785932,2,2,6.74706868889827,2,Fully Furnished,Top,2,0,0,2,0,1,0,12524327.0
Bangalore,1881.9514542878221,4,2,0.6801781330328852,1,Fully Furnished,Mid,1,0,0,1,0,1,0,27582806.0
Lucknow,1304.8027664414287,4,2,7.39218261162393,1,Semi Furnished,Mid,3,0,1,1,1,1,1,10398801.0
Mumbai,1266.886304141444,2,2,12.161665821957213,1,Unfurnished,Mid,2,0,0,0,0,0,0,13900225.0
Chennai,979.2735241125907,4,3,55.33608810186435,1,Unfurnished,Mid,3,0,1,0,0,0,1,7289174.0
Chennai,2001.6829463645727,3,2,25.588239354098164,1,Fully Furnished,Top,4,0,0,0,1,1,0,20202594.0
Mumbai,1774.2316367702854,3,1,25.89508908738011,2,Fully Furnished,Top,3,0,0,1,1,0,1,28266603.0
Jaipur,1912.7072989115425,3,2,3.884365430433096,1,Fully Furnished,Top,4,0,0,1,0,0,0,15057383.0
Bangalore,636.8930190210552,3,3,1.3691474764828904,1,Fully Furnished,Mid,4,0,0,1,0,0,0,9350259.0
Kolkata,1419.774978367183,4,2,13.860107813229698,1,Semi Furnished,Top,2,0,0,0,0,1,0,12049680.0
Hyderabad,1359.944496124997,2,1,11.045148459312134,1,Fully Furnished,Top,1,0,1,2,1,1,0,14699572.0
Ahmedabad,1359.7141467007236,3,3,10.900679727924544,1,Semi Furnished,Mid,2,0,0,1,0,1,1,10304304.0
Hyderabad,1191.9862281410221,3,4,1.7312972210958584,0,Fully Furnished,Mid,4,1,0,1,1,1,1,14496457.0
Bangalore,1326.9478641099925,3,1,10.21486730807515,2,Unfurnished,Ground,3,0,0,0,1,1,1,13835109.0
Hyderabad,1924.8223913533259,3,3,2.4440630318018575,1,Semi Furnished,Mid,4,0,1,1,1,1,0,20723332.0
Mumbai,543.5743233260854,2,2,8.225695334740466,1,Unfurnished,Top,3,0,0,0,0,0,1,7357482.0
Chennai,2388.6473840152266,3,3,0.9626809103837979,2,Unfurnished,Mid,2,0,0,2,1,1,0,26210092.0
Hyderabad,1741.9205625132308,3,2,29.162398163017958,2,Unfurnished,Ground,3,0,0,1,0,1,0,10713326.0
Pune,1478.8340521698935,3,3,0.1990157168929602,1,Fully Furnished,Ground,3,0,0,0,0,1,1,17656043.0
Lucknow,1953.417073186463,3,3,42.03289295352241,1,Unfurnished,Top,2,1,0,2,1,1,0,10944628.0
Bangalore,774.0826274157824,3,1,29.804775744281788,1,Unfurnished,Mid,1,0,0,0,1,1,1,6233967.0
Jaipur,1167.649547424493,2,1,20.951721737721336,1,Unfurnished,Mid,2,1,0,1,1,1,1,6944812.0
Pune,1439.462283804723,3,2,60.72673499549833,0,Semi Furnished,Ground,2,0,1,0,0,0,1,10519391.0
Mumbai,2182.7801852160887,1,1,0.8298367522946851,2,Fully Furnished,Mid,3,1,0,0,1,0,1,31655517.125
Delhi,1476.751709436721,2,2,15.391462849248482,1,Unfurnished,Top,3,1,0,0,0,1,0,16170441.0
Mumbai,1725.027335592573,2,4,28.387170677838082,1,Fully Furnished,Top,3,1,0,0,0,1,1,24502729.0
Jaipur,1205.2105020319361,2,2,2.030718192124238,1,Semi Furnished,Mid,2,0,0,1,0,0,0,8090892.0
Jaipur,1743.4210344837454,3,2,13.184020284284596,1,Fully Furnished,Mid,3,0,1,0,0,0,1,14906541.0
Pune,2338.6197964872285,5,2,7.511196565123047,2,Unfurnished,Top,3,1,0,2,0,1,1,29035793.0
Lucknow,1997.763345837057,2,2,8.585918067572994,1,Fully Furnished,Mid,3,0,0,1,1,0,1,13841568.0
Bangalore,1459.2720061110604,4,2,36.54587677583136,1,Fully Furnished,Ground,4,0,0,2,0,0,1,15386317.0
Kolkata,1837.7454236327349,2,2,11.604021727620717,1,Fully Furnished,Ground,2,0,0,0,0,1,0,13524644.0
Chennai,1788.758477303606,3,3,1.468526766651213,2,Fully Furnished,Mid,1,0,0,0,1,0,1,20616255.0
Pune,1753.2938358486379,3,3,41.52086675957884,1,Fully Furnished,Ground,2,1,0,1,1,0,1,16128448.0
Jaipur,2055.9766804302044,4,3,3.0723945644987753,2,Semi Furnished,Top,2,0,0,2,1,1,1,21662880.0
Delhi,2052.2388519187334,2,3,33.47306930051104,0,Unfurnished,Mid,5,0,0,1,0,1,1,18846216.0
Ahmedabad,1436.420701562558,3,2,53.065941348483555,0,Fully Furnished,Ground,2,1,1,1,0,1,0,9741695.0
Jaipur,1820.9395307388845,2,3,31.536042776360766,0,Fully Furnished,Top,4,0,0,0,0,0,1,10776114.0
Lucknow,1308.4525394201032,3,2,16.95775821503629,0,Unfurnished,Mid,3,0,0,1,0,0,0,6694070.0
Lucknow,1038.463801842211,4,1,20.412429920732656,0,Unfurnished,Mid,2,0,0,1,0,1,1,5200725.0
Jaipur,1365.2531221480067,4,2,18.052955721378495,0,Unfurnished,Mid,3,0,0,1,1,1,0,8281135.0
Lucknow,1461.8609241302086,3,2,9.257365497844951,2,Unfurnished,Mid,3,0,0,1,0,0,1,8616943.0
Pune,669.209505411004,3,2,4.811753344941033,0,Fully Furnished,Ground,2,0,0,1,1,1,0,7238496.0
Jaipur,1930.1662797083602,4,2,5.032148316131201,1,Unfurnished,Mid,2,1,1,1,1,1,1,17401199.0
Jaipur,400.0,3,2,19.705021707189978,2,Semi Furnished,Mid,2,0,0,0,0,1,0,2497430.0
Bangalore,2857.408469743161,2,2,14.753954125788479,0,Fully Furnished,Ground,3,1,0,0,0,1,1,30446744.0
Chennai,2250.9395668981597,4,3,13.18796042351316,1,Semi Furnished,Ground,3,1,0,1,0,1,1,22788092.0
Delhi,1369.4956379138432,2,2,15.859557985434362,0,Unfurnished,Top,3,1,0,0,0,0,0,13740309.0
Lucknow,1504.7131802818867,2,3,22.36057894577972,0,Semi Furnished,Ground,4,0,0,1,1,0,1,7566020.0
Bangalore,1651.4859367936415,2,1,20.69519914911465,2,Fully Furnished,Mid,3,0,0,0,0,0,1,18061643.0
Kolkata,1205.419806005529,3,3,1.6706185548216308,2,Fully Furnished,Ground,4,1,0,0,0,0,1,11954116.0
Kolkata,1596.3095737934682,3,3,6.765609720168945,2,Fully Furnished,Mid,3,1,0,1,1,1,0,17166262.0
Hyderabad,1428.0000111491695,2,4,4.597207652122689,2,Fully Furnished,Ground,1,0,0,0,1,0,0,16184967.0
Pune,1452.863641384517,3,2,11.590606594156425,0,Semi Furnished,Top,3,1,0,1,1,1,1,15748977.0
Pune,1590.7305317403193,4,2,0.9507451529086115,1,Fully Furnished,Top,4,0,0,1,0,0,0,20446100.0
Mumbai,843.2361008230029,4,2,21.561544319777468,1,Fully Furnished,Top,3,0,0,0,0,0,0,13262813.0
Delhi,1519.784862066824,3,2,1.6895930495813374,2,Fully Furnished,Top,3,0,0,1,0,0,1,26097594.0
Jaipur,1581.7238733087386,4,2,4.749497624461958,0,Unfurnished,Top,5,0,1,2,0,0,0,14065755.0
Lucknow,1564.424810677957,4,3,22.900011213029774,1,Semi Furnished,Ground,2,0,0,1,1,0,0,8614098.0
Delhi,1392.0846222819227,2,2,0.7940509706021948,0,Unfurnished,Mid,4,1,0,1,0,0,1,16694243.0
Hyderabad,2068.928887984686,3,2,16.19101821616186,0,Fully Furnished,Ground,3,0,0,0,0,1,1,17618445.0
Mumbai,1323.1737225592244,3,2,38.750023099922366,1,Unfurnished,Top,3,0,0,1,1,0,0,14012417.0
Bangalore,1613.6629534115953,1,1,14.420804955221783,0,Fully Furnished,Top,2,0,0,1,0,1,1,18556750.0
Delhi,2148.6487669627727,2,3,18.706205266470402,1,Unfurnished,Mid,3,1,0,1,0,1,1,23894768.0
Bangalore,1460.3119299898437,3,3,23.572515960845934,1,Fully Furnished,Top,4,0,0,0,0,1,1,17040889.0
Kolkata,1607.2316337337757,2,2,3.770181216433213,0,Fully Furnished,Ground,3,0,0,0,1,0,0,13208594.0
Lucknow,1451.8076818425513,2,2,13.046973723587305,0,Fully Furnished,Top,4,0,0,0,1,0,1,9764489.0
Hyderabad,2118.6848967817996,3,3,5.545463051615512,2,Unfurnished,Top,3,0,0,0,0,0,0,18872865.0
Jaipur,1371.1377192068524,3,1,4.305142064989003,1,Fully Furnished,Mid,2,0,0,2,1,0,1,11355603.0
Lucknow,2141.6772886441026,4,2,3.2063737532352268,1,Unfurnished,Top,4,0,0,1,1,0,0,14674761.0
Chennai,1448.2060526764676,3,3,13.207723870420658,2,Fully Furnished,Ground,3,0,0,2,0,1,1,16902785.0
Pune,1070.2701382759915,3,2,23.736969262120013,0,Semi Furnished,Top,4,0,0,0,1,1,0,9812722.0
Hyderabad,1839.6865852870606,3,1,31.298692045359424,0,Fully Furnished,Ground,2,1,0,0,0,0,0,12579720.0
Delhi,1347.666083122172,2,2,8.394617910096121,0,Semi Furnished,Top,4,0,0,2,1,1,1,19350084.0
Lucknow,1810.2504495495814,2,3,6.999715006621074,1,Fully Furnished,Ground,2,0,0,0,0,0,0,11708116.0
Ahmedabad,400.0,4,1,17.437996310360624,1,Fully Furnished,Top,1,1,0,1,1,0,0,3534201.0
Pune,1502.6026309474732,3,2,22.73642977205079,0,Fully Furnished,Mid,1,0,1,1,1,1,1,16882536.0
Pune,1270.1973506212598,4,3,4.3817651617322415,0,Fully Furnished,Ground,1,1,0,0,1,0,1,15226966.0
Ahmedabad,968.370656734361,3,3,5.292183725239856,2,Fully Furnished,Top,2,0,0,1,1,0,0,10679388.0
Mumbai,1223.3794990801002,2,2,11.43402902020132,1,Unfurnished,Ground,2,1,0,2,0,0,1,15710761.0
Mumbai,1213.148427853674,3,2,8.815213629096178,2,Unfurnished,Top,1,0,0,0,0,1,0,15892930.0
Ahmedabad,1476.0071025747095,3,2,18.351806636429465,0,Unfurnished,Mid,4,1,0,1,0,0,1,9053997.0
Chennai,816.336769357522,3,2,10.53236452545864,1,Semi Furnished,Mid,4,0,0,1,0,0,1,6541120.0
Kolkata,1658.136890129857,3,2,1.7749827051995728,2,Fully Furnished,Mid,4,0,1,1,0,0,0,17978175.0
Ahmedabad,2183.107392602894,5,3,2.721986352614189,2,Fully Furnished,Ground,3,0,0,1,0,1,1,21279511.0
Kolkata,1640.4642484739131,4,2,34.827871013272926,1,Fully Furnished,Mid,3,0,1,0,1,1,1,12879202.0
Lucknow,1904.4943046145045,4,1,3.8698756845173836,0,Semi Furnished,Ground,3,1,0,0,1,1,1,13551957.0
Chennai,2047.2812273068978,1,2,0.770758815587694,0,Semi Furnished,Ground,2,0,0,0,0,0,1,15650303.0
Hyderabad,2118.244756092088,2,2,19.721027047125894,1,Semi Furnished,Mid,3,0,0,2,0,1,0,14954558.0
Kolkata,2435.0693464106525,2,3,17.280724970223044,1,Semi Furnished,Ground,1,0,0,1,1,1,0,16808332.0
Pune,1250.3990008620349,2,3,13.747211948585328,1,Unfurnished,Ground,3,0,0,2,0,1,1,10234453.0
Lucknow,1140.7580074194418,3,3,10.465045510265398,0,Semi Furnished,Ground,3,0,1,0,0,1,1,7672493.0
Pune,1891.7328241623673,3,2,52.38999946258036,1,Semi Furnished,Ground,4,0,0,1,1,0,1,13025210.0
Chennai,1854.1331098286998,3,3,1.9146422526995792,1,Semi Furnished,Mid,5,1,1,1,0,1,1,23577511.0
Kolkata,1887.8376498078446,4,2,10.705232286215644,2,Semi Furnished,Ground,4,0,0,0,1,0,0,13902502.0
Bangalore,2444.641227125126,4,2,12.453241834494925,1,Unfurnished,Mid,3,1,0,1,0,1,0,26849130.0
Chennai,1505.684954399247,2,2,0.3412461378851416,1,Fully Furnished,Mid,3,0,0,0,0,0,0,15491318.0
Chennai,1713.0782798230925,4,1,7.9652317227101435,1,Semi Furnished,Ground,2,0,0,0,1,1,0,15567085.0
Bangalore,1009.8058742582625,3,2,22.904197145537015,0,Unfurnished,Ground,3,0,0,0,1,0,1,7748907.0
Lucknow,2567.660561987979,3,2,9.554303211452169,1,Unfurnished,Mid,2,0,0,1,1,1,0,15305951.0
Kolkata,1331.7275393954444,4,2,31.225074371926247,0,Unfurnished,Mid,1,0,0,1,1,1,0,7263998.0
Kolkata,1345.892035919585,2,2,15.52606891201019,1,Fully Furnished,Mid,3,1,0,1,0,0,1,11380907.0
Pune,1326.6250544958787,4,3,21.79198550720113,1,Semi Furnished,Ground,2,1,0,2,1,0,0,13552070.0
Chennai,1177.5520706778311,3,2,24.481399416741475,1,Fully Furnished,Ground,4,1,0,0,0,1,0,9753415.0
Chennai,1135.2814755761754,4,3,17.54358223128971,1,Unfurnished,Top,3,0,0,1,0,0,1,9817128.0
Jaipur,1238.1478585552375,5,2,20.757300972339095,0,Fully Furnished,Ground,3,0,0,2,1,1,1,9373180.0
Hyderabad,817.1020359745277,3,2,17.82693276605217,1,Unfurnished,Ground,4,1,1,1,1,0,1,6368895.0
Chennai,1107.341039868381,2,1,11.993081695813201,2,Unfurnished,Mid,2,0,0,1,1,0,0,9200152.0
Delhi,2474.48155572381,2,2,12.539092962839518,1,Semi Furnished,Ground,5,1,0,0,0,1,1,26348532.0
Hyderabad,1867.8275718206844,3,3,3.158681966595788,1,Unfurnished,Top,2,0,0,1,1,0,1,19281219.0
Delhi,1962.952088363859,2,2,26.355087514154825,1,Fully Furnished,Mid,4,1,1,1,1,1,1,25025782.0
Kolkata,2088.6043937084573,4,2,5.612490674086615,1,Fully Furnished,Top,4,0,1,0,1,1,0,24746923.0
Hyderabad,2417.0672821811954,2,2,11.509557357351225,1,Unfurnished,Ground,1,0,0,1,1,0,0,16184922.0
Chennai,614.288724278078,5,1,4.30614499808302,0,Semi Furnished,Top,3,0,0,0,1,1,0,6393568.0
Bangalore,885.0584423567298,3,2,17.85425292755124,1,Fully Furnished,Ground,3,1,0,1,0,0,0,10194061.0
Pune,1098.1381695526575,2,2,55.43490721128879,1,Semi Furnished,Mid,5,0,0,1,0,0,1,8307408.0
Delhi,1265.135101755201,3,2,24.287796729278842,2,Semi Furnished,Top,2,1,0,0,1,1,0,17352906.0
Hyderabad,1349.7153047073755,3,3,14.478098158377158,0,Semi Furnished,Ground,3,1,1,0,0,1,1,12257393.0
Chennai,1276.5112235969796,3,3,12.572820894636992,0,Semi Furnished,Mid,4,1,0,2,0,0,0,11721453.0
Hyderabad,1609.654456566027,3,2,10.093442082334406,2,Unfurnished,Mid,2,1,0,0,0,0,0,13061029.0
Chennai,1517.647695372608,1,2,3.440658451273419,1,Unfurnished,Mid,4,0,0,1,1,1,0,13465329.0
Chennai,1138.582602410875,3,3,6.415892011700297,2,Unfurnished,Ground,3,0,0,2,0,0,1,10917829.0
Chennai,412.22561150621505,3,3,7.823094064706027,1,Semi Furnished,Mid,3,0,1,1,1,0,1,4704928.0
Jaipur,1003.5656473106509,4,2,43.389264376607706,1,Fully Furnished,Ground,1,1,0,1,1,1,0,6679016.0
Pune,1225.3806733437123,4,2,8.315991172166633,1,Fully Furnished,Top,2,0,0,1,1,1,1,15023479.0
Bangalore,1376.4602815961402,2,2,13.235238076314651,0,Unfurnished,Ground,3,0,0,2,1,1,1,13947920.0
Bangalore,935.1662703447315,1,2,38.34756220208775,1,Fully Furnished,Ground,2,1,0,1,0,1,0,8630658.0
Hyderabad,1254.5967667517898,3,1,10.96044329979376,0,Unfurnished,Ground,5,0,0,0,0,1,1,7411547.0
Hyderabad,934.5063057572069,5,2,4.344254745047295,1,Semi Furnished,Top,4,0,0,1,0,0,1,9523523.0
Chennai,1437.0903242258335,3,3,7.1948980741448425,2,Unfurnished,Ground,4,0,0,1,0,1,1,13469976.0
Jaipur,963.4543358186924,2,2,7.0630008349183235,1,Fully Furnished,Top,3,1,0,1,1,1,0,8601223.0
Chennai,1075.5476718147677,2,2,18.81413382578664,0,Unfurnished,Top,3,1,1,0,0,1,0,8872922.0
Jaipur,845.6579345054305,2,2,5.26722644491905,2,Unfurnished,Top,4,0,0,2,0,0,1,6404217.0
Chennai,1423.249652215108,3,3,19.65604047127108,0,Fully Furnished,Top,2,0,1,0,0,0,1,14162742.0
Delhi,1066.7761150238007,3,2,33.006210979953046,1,Unfurnished,Mid,3,1,1,1,0,0,1,10695374.0
Delhi,1953.3921333377148,3,2,6.143746394274446,2,Unfurnished,Top,3,0,0,0,1,0,0,22948864.0
Kolkata,1702.9251333464495,2,1,2.18130278047809,0,Fully Furnished,Mid,3,1,0,1,0,1,1,15932641.0
Chennai,1465.0740659081785,2,2,15.264653957216346,2,Unfurnished,Top,3,0,1,0,0,0,1,12163156.0
Pune,1101.2572513281057,3,2,6.7143465027313525,1,Semi Furnished,Top,3,1,0,0,1,1,1,12738636.0
Kolkata,1690.2601526581514,4,2,11.453099415869344,1,Unfurnished,Mid,3,1,0,1,1,0,1,12980795.0
Hyderabad,1845.3504446743186,3,2,15.083618910307285,2,Fully Furnished,Mid,2,0,1,1,0,1,1,21832382.0
Lucknow,1571.3442061008152,5,2,7.85721783344013,1,Semi Furnished,Ground,4,0,0,0,0,0,0,9875052.0
Chennai,2301.850927733465,3,2,38.79302198225881,1,Semi Furnished,Mid,4,1,0,2,1,1,1,19639339.0
Delhi,1729.818659037408,2,2,7.652753802998759,1,Fully Furnished,Mid,1,0,0,0,0,1,0,24047633.0
Lucknow,1956.8036087840171,2,1,5.508983707138205,0,Fully Furnished,Mid,3,1,0,1,1,1,0,15086550.0
Jaipur,1566.782707767989,3,2,32.530679150855384,1,Unfurnished,Ground,2,1,0,2,1,1,0,8009049.0
Lucknow,1837.8322266284883,3,3,2.197976821447995,0,Semi Furnished,Ground,3,0,0,2,1,1,0,12449614.0
Pune,1101.6093836654122,3,3,1.9894157950807425,0,Semi Furnished,Top,3,0,0,1,1,0,0,13025183.0
Chennai,1270.800818393603,4,4,41.16251658947051,0,Semi Furnished,Top,1,0,0,0,0,0,0,10141460.0
Bangalore,1674.6817767411899,3,1,3.5162607062716664,0,Fully Furnished,Ground,3,0,0,1,0,0,1,20028699.0
Lucknow,1671.0497407786909,1,2,2.4102340277361876,0,Unfurnished,Mid,2,0,0,0,0,0,0,8578338.0
Bangalore,1753.8059114716239,4,2,11.491198245606414,0,Fully Furnished,Ground,2,0,0,1,0,0,1,21144493.0
Jaipur,2050.1964461393645,3,2,0.7187765063644587,1,Semi Furnished,Ground,1,0,0,2,0,1,1,15440084.0
Kolkata,787.5144140922939,3,1,14.514352539595949,0,Unfurnished,Ground,4,0,1,0,1,0,1,5536284.0
Bangalore,1012.773726194852,3,2,9.047699599483424,1,Unfurnished,Ground,3,1,0,1,1,1,0,11192163.0
Kolkata,1614.7863205371266,3,2,15.341943725877474,1,Fully Furnished,Ground,3,0,0,0,1,1,1,12854892.0
Delhi,1137.8181840982697,2,2,5.009804885197994,2,Semi Furnished,Top,3,1,0,0,0,0,1,16777489.0
Chennai,2858.437593116735,3,4,35.38292189470034,1,Semi Furnished,Mid,2,1,0,0,0,1,0,23100015.0
Lucknow,1757.859809585068,3,2,4.732598374489241,2,Semi Furnished,Top,3,1,0,1,0,0,1,13613066.0
Delhi,1460.8345755349214,3,1,15.223638952306333,1,Unfurnished,Top,2,0,1,2,0,0,1,19838523.0
Delhi,1242.2653634580704,2,1,43.53140251776822,0,Semi Furnished,Ground,1,0,0,1,0,0,0,10660373.0
Ahmedabad,1259.9188584034778,2,3,7.682630222045898,1,Fully Furnished,Top,3,0,1,0,1,0,1,12213570.0
Mumbai,1515.0703306575888,2,3,2.6407961815533145,1,Unfurnished,Mid,2,0,0,0,1,1,0,20882260.0
Pune,1555.990966310629,3,1,1.0624939560882665,1,Fully Furnished,Mid,4,1,0,0,0,0,1,17462651.0
Kolkata,1271.6504276532435,4,2,49.45985827311659,1,Unfurnished,Mid,3,0,0,2,0,1,0,8196949.0
Ahmedabad,1363.423876740049,2,3,21.639890750993462,1,Fully Furnished,Ground,2,0,1,0,1,0,0,10117501.0
Mumbai,2172.1422876172983,3,2,37.6907167260966,0,Semi Furnished,Top,3,0,0,0,0,1,0,25254086.0
Pune,2192.2524813255172,3,4,18.001357909866996,2,Unfurnished,Ground,2,0,0,1,0,0,0,18327566.0
Kolkata,1626.0169899674386,4,2,6.288482960588477,1,Fully Furnished,Top,4,1,0,1,1,0,0,18322834.0
Chennai,829.3701363816311,2,2,1.969007984557874,1,Unfurnished,Top,3,0,0,0,0,1,0,6694819.0
Pune,1769.2515783195217,2,3,39.74110095352026,2,Unfurnished,Mid,4,1,0,0,1,1,0,13404565.0
Lucknow,2277.141220805513,2,2,10.088967897246675,1,Semi Furnished,Top,2,0,0,2,0,0,0,15030638.0
Delhi,2184.8905509811893,5,2,7.575362180927,1,Unfurnished,Mid,2,1,0,0,0,1,1,28137755.0
Mumbai,1867.2129264048335,3,2,12.933860106399845,2,Fully Furnished,Ground,2,1,0,1,1,1,1,31655517.125
Mumbai,2211.2114776429107,2,3,1.6901300818069058,1,Unfurnished,Top,1,0,0,0,1,1,1,31655517.125
Mumbai,1526.6921362395108,2,2,5.548656924598513,1,Fully Furnished,Top,5,1,0,2,0,0,1,28609997.0
Kolkata,1814.0514849168526,2,2,15.236533201857798,2,Semi Furnished,Mid,3,0,0,1,1,1,0,14050345.0
Lucknow,1159.61221683741,2,1,1.582456980793903,0,Unfurnished,Top,2,1,0,0,0,0,1,6697459.0
Pune,1646.132728077856,4,3,2.179596864614261,1,Fully Furnished,Mid,2,0,0,1,0,0,1,20577649.0
Delhi,2164.7671219852623,3,2,10.71825496133387,1,Unfurnished,Ground,2,1,0,2,1,0,1,26552812.0
Lucknow,1205.2882942565545,3,2,14.650850390164981,1,Unfurnished,Top,1,0,0,0,1,0,1,6887320.0
Ahmedabad,1069.2782852678567,3,2,3.1053940137580747,0,Semi Furnished,Ground,2,0,0,1,0,1,0,7943552.0
Chennai,1548.7444695118484,3,3,0.5046646509588999,1,Unfurnished,Ground,2,0,0,1,1,0,0,14004735.0
Bangalore,1386.6688981380003,2,3,47.682893719203086,1,Unfurnished,Mid,3,0,0,0,0,0,1,9927950.0
Lucknow,1824.5738605352103,3,2,0.41816480674312106,0,Semi Furnished,Mid,3,1,0,0,0,0,1,12460894.0
Ahmedabad,1273.370237026479,3,3,0.030812247638684172,2,Unfurnished,Top,3,0,0,0,1,0,1,11559039.0
Delhi,2359.219807801357,2,2,5.858807827817083,0,Semi Furnished,Ground,3,1,0,1,0,0,1,29307508.0
Bangalore,855.1619510194721,3,1,3.7741710548490217,1,Unfurnished,Mid,2,1,0,2,1,1,1,10274506.0
Bangalore,2126.8673931098674,4,3,12.785181342296502,0,Fully Furnished,Top,2,0,0,0,0,1,1,30435568.0
Lucknow,1117.5753858459484,2,2,33.6943299775128,1,Fully Furnished,Ground,2,0,0,0,0,0,0,5162662.0
Mumbai,602.0086327079883,4,2,9.840883180301365,1,Fully Furnished,Top,3,0,0,1,0,0,1,11807670.0
Hyderabad,1618.9375781744336,2,3,22.26199580572148,2,Semi Furnished,Ground,4,1,0,2,1,1,1,13338041.0
Delhi,1372.6960069930583,3,2,35.990907274882694,1,Semi Furnished,Ground,4,1,0,1,1,1,1,13197615.0
Mumbai,945.1953160484846,3,1,3.1497020618685534,1,Semi Furnished,Top,3,0,0,0,1,1,0,15815231.0
Delhi,659.311554142368,3,3,10.050570567298792,1,Semi Furnished,Ground,3,0,0,0,1,1,0,8131360.0
Hyderabad,1495.8196063642715,2,2,15.411267619578476,1,Semi Furnished,Mid,5,0,0,0,0,1,0,12254027.0
Chennai,1987.918445811909,4,2,6.049384907815239,1,Semi Furnished,Top,3,1,1,0,0,0,0,23638168.0
Hyderabad,1792.4767465432221,5,2,20.19181024360195,1,Unfurnished,Ground,4,1,0,1,0,1,1,13674918.0
Jaipur,1528.3533244196328,2,2,18.327723085047726,0,Fully Furnished,Ground,3,0,0,2,0,0,1,9341096.0
Lucknow,1739.4237866088674,4,3,8.199234814630694,0,Semi Furnished,Ground,1,1,0,2,0,1,1,11577250.0
Lucknow,1486.3929338110715,3,2,1.3809687184358312,1,Unfurnished,Ground,4,1,1,1,1,0,1,11061513.0
Ahmedabad,785.1378784848145,4,2,0.1745433373139404,1,Unfurnished,Ground,2,0,0,2,1,0,1,5711711.0
Mumbai,789.5530073882784,2,3,6.915053267740583,1,Semi Furnished,Top,3,0,0,1,0,0,1,12747893.0
Ahmedabad,1398.4157355076607,4,2,1.2844932878305186,1,Fully Furnished,Top,2,1,0,1,0,1,1,15104368.0
Jaipur,1419.6733568169627,2,2,22.823084412398707,1,Semi Furnished,Mid,4,1,0,0,1,0,1,8078430.0
Hyderabad,1925.4913392533826,4,3,6.104323382835891,1,Fully Furnished,Mid,2,0,0,0,1,0,0,21759487.0
Lucknow,1878.6521118873736,3,3,16.45362852299235,1,Fully Furnished,Top,2,0,0,2,1,0,1,14270338.0
Kolkata,1802.5665078794748,3,2,6.378413801700182,1,Semi Furnished,Top,3,0,0,0,0,0,0,15119467.0
Hyderabad,1359.8586434614097,2,2,23.84000178599964,0,Fully Furnished,Ground,3,0,0,1,0,0,0,9794705.0
Hyderabad,809.6739149449303,4,2,32.894193182768475,1,Fully Furnished,Mid,4,1,1,0,0,0,1,7612972.0
Jaipur,1706.0355685330119,3,2,27.257465300841865,1,Fully Furnished,Mid,4,0,0,1,1,0,0,10600525.0
Chennai,1762.5846566310843,3,2,9.938500418260347,1,Semi Furnished,Mid,2,1,0,1,0,0,1,16687031.0
Delhi,400.0,3,3,1.3152913371292367,1,Fully Furnished,Ground,2,0,1,2,0,1,1,6839542.0
Jaipur,1082.8309067086686,4,1,6.971327935049673,0,Fully Furnished,Mid,3,0,0,1,0,0,1,7849574.0
Delhi,1154.472811303052,3,4,8.286593839299105,0,Unfurnished,Ground,3,0,1,0,0,0,1,14077266.0
Lucknow,1559.1751005617182,2,3,48.37869517548738,0,Semi Furnished,Ground,4,0,0,1,1,0,1,7411174.0
Jaipur,1098.319783617153,4,2,12.503296983613609,0,Fully Furnished,Ground,3,1,0,2,1,1,0,8663791.0
Delhi,1480.93271558768,3,1,15.360069923613393,1,Semi Furnished,Ground,4,0,0,1,0,1,1,17393739.0
Ahmedabad,1394.7325298235041,3,3,22.849149644144763,2,Semi Furnished,Top,2,1,0,1,0,1,1,10861397.0
Jaipur,1420.425264231136,2,3,12.596977120470987,0,Unfurnished,Mid,4,0,0,0,0,1,1,7853172.0
Lucknow,1141.802853149627,4,4,13.687641195551656,0,Unfurnished,Top,2,1,0,1,0,0,0,8034733.0
Jaipur,1180.5074729666612,2,2,4.222076890000781,2,Fully Furnished,Mid,4,0,0,2,1,1,1,10804846.0
Lucknow,959.8664701096536,3,1,0.9100559009668951,1,Fully Furnished,Top,3,0,0,2,1,0,1,8776992.0
Jaipur,1690.033720286916,4,3,19.16891300612312,1,Fully Furnished,Ground,4,1,0,1,1,1,0,14136995.0
Delhi,1785.5513142956843,1,2,28.32584283331676,2,Semi Furnished,Top,2,1,1,0,0,0,0,20784157.0
Chennai,1114.6910249373304,4,3,7.965429642914193,1,Unfurnished,Ground,3,0,0,1,1,0,1,10102721.0
Pune,2260.3200480085225,3,1,11.941474126356166,1,Unfurnished,Top,4,1,0,1,0,0,0,22112865.0
Delhi,1342.6992762789755,3,3,5.507054219594351,1,Fully Furnished,Ground,4,0,0,1,1,0,1,21824456.0
Mumbai,2265.09281189828,3,1,8.973572403569033,0,Unfurnished,Top,3,0,0,2,1,0,1,29628345.0
Bangalore,1178.9364130841982,3,3,3.514768655936607,1,Semi Furnished,Ground,3,1,1,0,1,0,1,17195892.0
Chennai,486.71111170028223,2,2,21.399672508919803,0,Fully Furnished,Mid,2,1,0,1,1,1,1,4684074.0
Ahmedabad,1701.0989124561756,1,4,10.156503005495681,1,Unfurnished,Ground,2,0,0,1,0,0,1,9675177.0
Hyderabad,1624.2725525594935,4,1,11.88313207960866,0,Fully Furnished,Top,2,0,1,2,1,0,1,19062213.0
Delhi,1517.1968976537914,1,2,0.5669000060373065,1,Semi Furnished,Mid,4,0,0,0,0,0,1,18393604.0
Jaipur,1178.8837607780054,4,1,14.608733805332287,1,Semi Furnished,Ground,2,0,0,1,1,0,0,7091151.0
Delhi,1482.7138872570904,2,3,3.3970325845467726,0,Fully Furnished,Top,2,0,0,0,0,0,1,23142522.0
Kolkata,1244.3702710652365,3,2,7.252891167226302,0,Fully Furnished,Top,4,0,0,2,1,1,1,13126390.0
Chennai,1348.8252168341246,4,2,7.983693742182913,1,Unfurnished,Ground,4,1,0,0,0,0,1,11555494.0
Pune,1920.8161278825376,2,1,8.933029253051632,1,Semi Furnished,Mid,3,1,0,0,0,1,0,18388231.0
Ahmedabad,1592.1086147650467,4,2,3.8706139411848657,2,Semi Furnished,Top,3,0,0,1,0,0,1,14107962.0
Kolkata,1804.9756936659887,3,2,28.467826296666644,2,Fully Furnished,Top,3,1,0,0,0,1,1,15697405.0
Lucknow,1384.065746687105,3,2,8.375315214284912,0,Unfurnished,Top,3,0,0,1,1,1,0,9105324.0
Kolkata,1328.9913270976124,3,3,14.20644810628118,1,Fully Furnished,Mid,1,1,0,0,1,0,0,12884699.0
Delhi,923.2587345556782,3,1,14.276341858267681,1,Fully Furnished,Mid,3,1,1,0,0,1,0,13628099.0
Ahmedabad,1314.9816937159014,3,2,14.008600072348809,1,Fully Furnished,Top,3,1,0,1,0,0,1,11689212.0
Delhi,400.0,3,3,12.291476585827429,2,Semi Furnished,Top,2,0,0,1,0,0,1,6033745.0
Lucknow,1204.8890168471826,3,3,25.942400430868656,1,Fully Furnished,Mid,2,1,0,0,0,1,0,7786036.0
Hyderabad,1459.0629114045805,2,3,25.11907456567469,1,Fully Furnished,Mid,4,1,0,2,1,1,0,12930621.0
Ahmedabad,1781.836827135078,4,2,8.09724155757278,1,Unfurnished,Ground,4,0,0,0,0,1,1,12245761.0
Hyderabad,1365.6610612375216,4,2,15.152678340977989,0,Fully Furnished,Ground,4,0,1,2,0,1,0,14531744.0
Chennai,1673.8367711224996,3,1,1.6276360829031808,1,Unfurnished,Ground,3,0,0,2,0,0,0,13849301.0
Chennai,410.1056693048772,3,1,1.4274020573470663,0,Fully Furnished,Ground,3,0,1,0,1,1,0,4312112.0
Hyderabad,1471.5815738965252,3,2,9.806485825709808,0,Semi Furnished,Top,2,0,0,2,1,1,0,14320881.0
Chennai,660.2486035432983,3,3,34.569411197565884,0,Fully Furnished,Top,2,1,1,0,0,0,0,6132375.0
Ahmedabad,895.8482421703336,3,1,15.747319118501105,1,Semi Furnished,Ground,2,1,0,1,1,0,1,5884035.0
Jaipur,1406.4172260680696,5,1,16.594364434674358,2,Fully Furnished,Top,2,0,0,0,1,0,1,10774615.0
Mumbai,2138.1319939367772,2,2,2.573810243763469,0,Semi Furnished,Mid,3,0,0,0,0,0,0,28836466.0
Chennai,1685.6033817350294,3,2,9.057948035679155,1,Semi Furnished,Mid,4,1,1,0,0,0,1,17736580.0
Chennai,1509.1154985685587,4,2,7.682171025775158,0,Fully Furnished,Ground,4,0,0,0,0,1,0,14077308.0
Delhi,1490.2348052664488,3,2,22.916372188154025,0,Unfurnished,Top,3,1,0,1,0,1,1,16618454.0
Hyderabad,1143.1855533977664,4,1,2.224439476010841,2,Semi Furnished,Mid,3,0,1,0,0,0,1,12490948.0
Bangalore,1228.0082933136582,3,2,11.621574816746115,0,Semi Furnished,Top,2,0,0,0,0,0,1,14026027.0
Pune,1713.6880227353986,2,3,36.346142937467796,0,Fully Furnished,Mid,4,1,0,0,1,1,1,15252985.0
Kolkata,807.3197407777528,4,3,33.44837072240427,0,Unfurnished,Top,3,0,1,0,1,0,1,5824716.0
Chennai,1796.5270251415106,3,3,28.69235057766685,0,Semi Furnished,Mid,3,0,0,0,1,1,1,12629600.0
Kolkata,1305.7464664405736,3,2,7.049701953300798,1,Fully Furnished,Mid,2,0,0,1,1,1,1,13873783.0
Ahmedabad,1912.7785374347827,2,3,42.47888871428503,0,Semi Furnished,Mid,4,1,0,0,1,0,1,11030809.0
Bangalore,1980.5467286160417,4,2,24.544469687044053,1,Fully Furnished,Ground,2,0,0,2,1,0,0,22273823.0
Pune,663.45799374713,3,3,28.571368115736348,1,Fully Furnished,Top,4,0,0,0,1,1,0,6392233.0
Hyderabad,1209.209618386391,2,2,40.401960202819005,1,Unfurnished,Ground,2,1,0,2,0,1,0,6818237.0
Mumbai,1072.2361560296881,3,2,41.46960962857183,2,Fully Furnished,Top,1,0,1,1,1,0,0,16239482.0
Pune,593.6360174634285,3,2,4.117834909933239,0,Unfurnished,Mid,3,0,0,0,1,0,0,5069866.0
Pune,983.7333618952947,1,2,2.04911685735034,1,Fully Furnished,Ground,1,0,0,0,1,0,0,10320848.0
Mumbai,2720.6279226326697,3,1,17.610140558959728,1,Fully Furnished,Mid,1,0,0,0,1,1,1,31655517.125
Jaipur,1804.7549481062201,3,3,12.424677106050417,0,Semi Furnished,Ground,3,0,0,0,0,0,1,10881311.0
Hyderabad,2458.643984302877,2,2,5.949658322575045,2,Unfurnished,Top,2,0,0,0,0,0,1,21382912.0
Delhi,1914.5492200091678,4,2,17.30154851842511,1,Semi Furnished,Top,3,0,0,1,1,1,0,27559328.0
Kolkata,1129.0784194957623,3,2,0.9600300134092545,0,Unfurnished,Top,3,1,0,1,0,0,0,10291859.0
Chennai,1309.1144016629785,2,1,0.7253848418892965,0,Unfurnished,Mid,2,0,0,0,0,1,1,9861600.0
Pune,1794.2180901201536,3,3,6.561550069644255,1,Semi Furnished,Ground,2,1,0,2,1,0,1,20350507.0
Ahmedabad,1718.7531017365181,3,2,3.232218916058048,2,Unfurnished,Ground,1,1,1,1,1,0,0,13635730.0
Mumbai,1211.3289921458331,4,3,19.01732948623532,1,Unfurnished,Ground,3,0,0,1,0,0,1,14152832.0
Kolkata,745.0034147103966,2,1,44.353974125721535,1,Semi Furnished,Ground,2,0,0,0,0,0,1,3793144.0
Bangalore,2858.437593116735,3,3,16.254114963568085,0,Unfurnished,Ground,1,1,0,0,0,0,1,30390022.0
Mumbai,1429.425163828597,2,2,15.953790515662991,1,Semi Furnished,Ground,2,1,0,0,1,0,1,18706187.0
Bangalore,1337.13055340869,4,3,0.0992613049329646,2,Fully Furnished,Top,1,1,0,2,1,0,1,28261389.0
Hyderabad,1556.667231952651,3,1,10.770113988967006,1,Semi Furnished,Top,4,0,0,2,0,1,1,13924636.0
Pune,1378.6357053444856,3,3,25.482344124413217,0,Unfurnished,Ground,2,0,1,0,0,0,1,9598954.0
Ahmedabad,1561.364453852742,3,2,15.924966617205323,0,Fully Furnished,Ground,3,1,1,0,1,0,1,12629632.0
Chennai,2143.4736430582097,4,2,3.8773332526442603,1,Fully Furnished,Ground,4,1,1,1,1,0,1,26109384.0
Bangalore,1437.725760156788,3,1,28.30509435988634,0,Fully Furnished,Ground,4,1,0,0,0,0,1,13959719.0
Kolkata,918.6447803361193,4,2,50.021340608808806,1,Semi Furnished,Top,3,1,1,0,0,0,0,6863855.0
Jaipur,1419.1781027606946,2,1,4.906593322456727,0,Semi Furnished,Mid,4,0,0,2,1,0,1,8877295.0
Hyderabad,1267.7991092950447,3,2,3.4807654966179133,2,Fully Furnished,Top,3,0,0,0,0,1,1,14344576.0
Jaipur,2211.9494686234257,4,2,6.199289526641056,1,Unfurnished,Ground,3,0,0,2,0,0,1,14664114.0
Hyderabad,2085.5595323687853,3,3,0.9786140586529415,1,Unfurnished,Ground,3,0,0,0,1,0,0,18314311.0
Delhi,1553.7625002153993,1,4,31.00471325753551,1,Fully Furnished,Top,3,0,0,1,1,0,0,17275656.0
Kolkata,860.6320725903718,5,2,39.73953537925416,0,Unfurnished,Top,3,0,0,1,1,1,1,5840333.0
Jaipur,887.0538682800271,2,2,15.048292396412844,0,Unfurnished,Mid,4,0,0,1,1,0,1,4839546.0
Ahmedabad,1507.561630792277,2,2,21.68014769690491,2,Semi Furnished,Mid,3,0,0,0,0,1,0,8829314.0
Pune,1668.1614846606403,3,3,16.568731573800843,1,Unfurnished,Top,4,1,0,0,1,0,1,16732477.0
Mumbai,1312.6885903369725,3,3,7.10666262361912,0,Semi Furnished,Top,3,0,0,0,0,1,1,20065896.0
Chennai,1259.915207896383,4,4,14.99681192575889,1,Fully Furnished,Top,4,0,0,1,0,0,1,14547024.0
Pune,1203.6003834106766,3,3,27.14764531106667,0,Unfurnished,Ground,4,0,0,1,1,1,1,8968560.0
Pune,1488.3030198780268,3,3,24.90366016458345,0,Unfurnished,Top,3,0,0,0,0,1,1,12176442.0
Hyderabad,400.0,3,4,1.2679763300915237,0,Semi Furnished,Mid,4,1,1,1,0,1,1,4804664.0
Ahmedabad,949.336685615145,3,2,9.315215552877646,0,Semi Furnished,Ground,3,0,0,0,0,1,1,6632225.0
Hyderabad,1186.4745772763247,4,3,7.595569981962959,1,Fully Furnished,Top,2,0,0,0,0,0,1,13730464.0
Lucknow,2103.7515974759604,4,3,20.915426980205666,2,Fully Furnished,Ground,1,1,0,1,1,1,1,15225185.0
Bangalore,1093.0931790355353,3,2,10.438542795474897,1,Unfurnished,Ground,2,0,0,0,0,0,1,9344822.0
Chennai,1590.2340709156033,1,1,6.454847832196679,1,Semi Furnished,Ground,4,1,0,1,1,1,1,13854642.0
Bangalore,1613.271375465498,4,2,18.380488226017977,0,Semi Furnished,Mid,1,0,0,1,1,0,1,17536091.0
Mumbai,2148.958252830381,2,3,9.624796424557577,0,Unfurnished,Ground,2,0,0,2,1,1,1,24480553.0
Lucknow,2131.288703482075,2,2,4.44830014610861,1,Semi Furnished,Mid,2,0,0,0,1,0,0,12590611.0
Kolkata,1471.2485156025418,2,2,33.166084796514326,2,Semi Furnished,Mid,1,1,0,1,0,1,1,9592372.0
Mumbai,1262.2576294052785,2,3,1.7994636289551127,0,Semi Furnished,Mid,4,0,0,0,1,0,0,17904084.0
Mumbai,1168.0834485871549,4,1,0.27379933745687257,1,Semi Furnished,Mid,2,1,0,1,0,1,0,19686362.0
Delhi,1379.4683887671094,3,3,2.3307146162813486,2,Unfurnished,Ground,3,1,0,2,1,0,0,19946872.0
Chennai,1282.9833228382,5,3,2.680500399818502,1,Fully Furnished,Top,2,0,0,1,0,0,0,16632222.0
Hyderabad,1776.813704679116,2,4,11.584226012499588,0,Fully Furnished,Top,3,1,1,1,0,0,0,20764522.0
Ahmedabad,1710.1549087426022,3,2,14.707059785230955,0,Unfurnished,Top,2,0,1,1,0,0,1,12331343.0
Bangalore,1795.9005955725079,5,3,8.92972459411327,2,Fully Furnished,Top,1,1,0,0,1,1,1,31655517.125
Mumbai,2129.641855718084,4,2,3.4255687281305693,0,Semi Furnished,Top,3,1,1,1,1,1,1,31655517.125
Bangalore,2431.4345607000887,3,2,2.1267527699386766,1,Unfurnished,Top,3,0,0,1,0,0,0,29586236.0
Bangalore,1562.3316967037783,2,2,10.163595419652683,1,Fully Furnished,Top,3,1,0,2,0,1,1,22559379.0
Kolkata,2049.7318856978263,4,2,12.502806168889721,1,Semi Furnished,Top,1,0,0,1,0,0,1,18418148.0
Chennai,1324.1699080828923,3,4,5.43525179642649,0,Fully Furnished,Mid,3,1,0,1,1,0,0,16546143.0
Chennai,2092.5034917915077,3,2,3.7353833021795904,1,Unfurnished,Ground,4,1,1,1,0,1,1,21211321.0
Jaipur,2030.754578587922,3,3,1.2603912732222837,0,Fully Furnished,Mid,1,0,0,2,1,1,1,20366008.0
Pune,2004.2079849714955,3,2,0.398925302816565,1,Fully Furnished,Top,3,0,0,1,0,1,1,26867034.0
Chennai,1547.0349205957618,3,2,1.6763209074865248,1,Fully Furnished,Top,2,1,0,1,0,0,1,19624411.0
Bangalore,1165.8209180045556,3,2,20.326553114860218,0,Unfurnished,Top,4,1,1,0,0,1,0,11436592.0
Hyderabad,802.7357810672618,2,2,6.324343808322414,1,Semi Furnished,Ground,2,0,0,2,1,0,1,6868698.0
Bangalore,1479.9813962394503,3,4,0.4170274422972105,2,Unfurnished,Mid,4,0,0,2,1,1,0,19359358.0
Hyderabad,2266.5062711245914,3,3,10.644188059892901,2,Fully Furnished,Ground,4,0,0,0,1,1,1,21393877.0
Jaipur,1345.0775493179635,2,2,11.520235635120413,0,Unfurnished,Mid,2,0,0,1,1,1,0,8059728.0
Hyderabad,1892.5632927300273,3,3,8.397317600208767,1,Fully Furnished,Mid,3,0,0,1,1,0,0,19286427.0
Chennai,1921.9757002594656,2,2,1.7595197286332545,1,Semi Furnished,Top,3,0,0,0,1,0,1,19120477.0
Kolkata,1358.1568895364137,3,1,21.095460094417536,1,Semi Furnished,Mid,3,0,0,1,0,1,0,8439271.0
Hyderabad,2158.1724187597597,5,2,17.52337114225988,1,Fully Furnished,Mid,3,1,0,1,0,0,0,19994183.0
Bangalore,400.0,2,2,7.531188237078136,2,Unfurnished,Ground,3,0,0,0,0,1,1,4356904.0
Ahmedabad,888.6248606309125,3,4,7.190276369458358,1,Fully Furnished,Mid,4,0,1,0,0,0,0,9790661.0
Chennai,1042.18385182077,3,1,2.5428886397251533,1,Unfurnished,Ground,2,0,0,0,0,0,0,7980686.0
Ahmedabad,1090.142488566305,1,2,21.008902448484644,0,Unfurnished,Mid,1,0,0,1,0,1,0,5521663.0
Lucknow,1668.1314755929477,4,1,13.728390895322926,2,Fully Furnished,Ground,5,1,0,1,1,1,1,13026899.0
Lucknow,1645.018901526951,3,1,1.3454811520173775,1,Semi Furnished,Top,3,0,0,0,1,0,1,11789661.0
Bangalore,1696.995286087504,4,2,7.1237582198722675,1,Semi Furnished,Mid,3,1,0,1,0,0,0,20804882.0
Lucknow,1798.0407470662435,1,2,35.08265999014567,2,Unfurnished,Ground,4,1,0,1,1,1,1,7749940.0
Pune,1024.9477154271754,2,3,9.032457081688142,1,Fully Furnished,Ground,3,0,0,0,1,0,0,10631442.0
Jaipur,890.9119665963406,3,2,5.894027781508376,1,Fully Furnished,Top,2,0,0,1,0,0,1,7851306.0
Chennai,1698.1598410039314,3,2,15.483273035341302,2,Fully Furnished,Top,4,1,0,1,0,0,1,19456237.0
Ahmedabad,1184.8839631767805,4,2,3.402989143958738,0,Semi Furnished,Ground,2,1,0,0,0,0,1,8833859.0
Bangalore,714.7624773160147,1,1,11.128867215707874,2,Semi Furnished,Ground,1,1,0,1,0,0,1,6965612.0
Pune,1985.6721422707408,3,3,16.608262019119604,0,Unfurnished,Ground,2,1,0,0,1,1,1,15638230.0
Bangalore,2197.5509532511487,2,1,28.95275066097608,1,Semi Furnished,Mid,4,0,0,0,1,1,1,21474839.0
Pune,2278.5804448493295,4,1,17.68941276910538,0,Semi Furnished,Mid,1,0,0,0,0,1,0,20305992.0
Lucknow,1593.5038607373601,4,2,7.277606879591733,0,Fully Furnished,Ground,3,1,0,2,0,0,0,12460785.0
Lucknow,1812.9660479864513,3,4,21.902354343990673,1,Fully Furnished,Top,2,0,0,1,1,0,0,13366699.0
Hyderabad,2184.9341116809555,2,3,34.30066553810776,0,Semi Furnished,Top,3,1,0,0,1,1,1,15766601.0
Delhi,1179.292104988283,3,2,9.74452450908663,2,Unfurnished,Top,3,0,0,0,1,0,0,14277075.0
Bangalore,2055.3388420270458,2,2,0.06766416768198646,0,Fully Furnished,Mid,3,1,0,2,1,0,1,31655517.125
Hyderabad,1637.6981170716044,2,2,31.919147482148034,0,Unfurnished,Top,2,1,0,1,1,0,1,10598843.0
Chennai,1956.8558261712956,3,3,2.712795383167501,2,Semi Furnished,Top,2,0,1,0,0,1,0,25345135.0
Hyderabad,1593.0465104379678,5,2,2.0257110603604644,1,Semi Furnished,Ground,1,0,1,1,0,0,0,16358259.0
Mumbai,2148.128354874001,4,2,5.515573962535419,1,Fully Furnished,Top,4,0,0,1,0,1,0,31655517.125
Lucknow,1611.7618812707685,3,1,7.170143762624802,0,Fully Furnished,Mid,3,0,0,0,0,1,1,10880126.0
Mumbai,758.0104702662912,3,2,24.09489374423153,1,Fully Furnished,Mid,2,0,0,0,0,0,1,10363189.0
Bangalore,2225.963316157361,5,2,7.39437756244069,1,Fully Furnished,Ground,4,0,0,2,0,0,0,28876643.0
Ahmedabad,1026.2346295139441,3,1,0.7507977917677651,2,Semi Furnished,Ground,4,0,0,0,1,0,1,7984062.0
Ahmedabad,2126.5291051219574,3,2,15.157442132029914,1,Semi Furnished,Mid,2,0,0,1,0,1,1,15110584.0
Chennai,1454.878559279839,4,2,16.685543365749616,2,Fully Furnished,Ground,3,0,0,0,1,0,1,15028488.0
Hyderabad,2088.0054925988534,2,2,25.247955864118403,1,Unfurnished,Mid,2,1,0,1,1,0,1,14357711.0
Ahmedabad,2067.3843074333827,2,1,7.634063126255671,1,Fully Furnished,Top,3,1,0,0,1,0,0,18788397.0
Pune,1715.0714871576856,3,2,1.350037116826841,1,Fully Furnished,Mid,3,1,0,2,0,1,1,23785779.0
Pune,1754.2676588135655,2,3,12.080040266647151,1,Fully Furnished,Mid,3,0,1,1,1,0,1,21938316.0
Chennai,1711.314308596283,3,1,1.9345110536080452,0,Unfurnished,Top,2,0,0,0,0,0,1,14540785.0
Jaipur,493.08762185946114,3,2,0.2583418114710823,1,Fully Furnished,Top,1,0,0,1,0,1,0,4905645.0
Lucknow,1559.165109449101,3,3,22.615644129140556,1,Semi Furnished,Top,3,0,0,1,1,0,0,10231667.0
Hyderabad,941.9679119640525,5,2,7.747892624622522,1,Unfurnished,Ground,5,1,0,0,1,0,1,8274283.0
Bangalore,1585.5935718728315,2,1,11.166770453389102,1,Semi Furnished,Ground,3,0,0,1,0,0,1,15329111.0
Kolkata,928.5287268083923,3,1,16.308374687772556,1,Unfurnished,Ground,3,0,0,2,0,0,1,6077292.0
Kolkata,907.5240293869625,2,2,7.688098051486008,2,Unfurnished,Mid,2,1,0,0,0,0,1,6427694.0
Kolkata,2302.467250876951,3,2,0.7872773152011444,1,Fully Furnished,Top,3,1,0,0,1,0,0,25000296.0
Ahmedabad,2034.7236940620949,3,2,4.370204855157775,0,Semi Furnished,Ground,3,0,1,0,0,1,0,15155605.0
Jaipur,1497.9287075279228,3,3,3.2414241062006335,0,Unfurnished,Ground,3,0,0,1,1,0,0,9141991.0
Jaipur,1592.3843251245119,2,3,56.84311263595707,0,Semi Furnished,Ground,4,0,0,0,1,0,0,7717056.0
Hyderabad,1376.0419871284955,3,2,20.177600321488434,0,Unfurnished,Ground,3,0,0,1,1,1,0,9583278.0
Hyderabad,1784.9381879897614,3,3,9.009887369370565,0,Fully Furnished,Top,4,0,0,0,1,0,0,17874428.0
Jaipur,1161.9728167255976,2,2,0.9819625846271175,1,Unfurnished,Top,2,1,0,0,1,1,0,8480244.0
Chennai,1996.8701314339787,3,3,1.8469370762973085,0,Semi Furnished,Ground,2,0,0,2,0,1,0,19603594.0
Hyderabad,1373.4565794929447,3,1,25.14164615361615,0,Semi Furnished,Mid,2,0,0,2,1,0,1,9647380.0
Chennai,1290.0765020843855,5,3,43.6293143285551,2,Semi Furnished,Top,4,1,0,1,0,1,0,12741436.0
Mumbai,1510.8565092424215,4,2,0.4777817984250704,2,Semi Furnished,Mid,3,0,0,1,0,0,1,25812077.0
Pune,1204.4265850371949,3,2,36.185517699941926,1,Unfurnished,Mid,2,0,0,1,0,0,0,7725019.0
Lucknow,1664.3411747482414,4,2,7.18418144502739,0,Unfurnished,Top,2,1,0,0,0,1,1,12536301.0
Hyderabad,1231.3187053433,3,3,3.6049686430551287,2,Unfurnished,Mid,4,0,0,0,1,1,0,11020810.0
Jaipur,1734.261801409418,4,1,1.617659910971991,1,Unfurnished,Top,2,0,0,2,1,0,0,13138019.0
Pune,2108.0032694557385,2,2,22.15963686066594,0,Fully Furnished,Ground,2,0,0,2,0,0,0,17730173.0
Pune,1140.3391565959132,3,2,9.492370412037209,1,Unfurnished,Top,2,0,0,2,1,1,1,11902601.0
Delhi,1434.7122713524143,3,1,26.79475496986335,0,Fully Furnished,Ground,4,1,0,2,0,0,0,15609221.0
Jaipur,1730.665356517711,3,3,3.845796999130043,2,Unfurnished,Mid,2,0,0,1,1,1,1,13130261.0
Lucknow,1282.0713225092966,2,4,17.02454071226634,2,Unfurnished,Mid,2,0,0,2,0,0,1,7415377.0
Jaipur,1732.1602804133327,3,3,1.8855182980956313,0,Unfurnished,Ground,3,1,0,2,1,0,0,13241638.0
Hyderabad,1777.69943032587,3,3,1.4105511527526924,1,Fully Furnished,Top,3,1,0,0,0,0,1,20218518.0
Bangalore,2041.6308881471518,2,1,2.147663955053144,1,Unfurnished,Ground,3,1,0,2,0,0,0,20578290.0
Mumbai,1197.004976957544,3,1,24.824478501182504,2,Unfurnished,Mid,4,0,0,1,1,1,0,13639879.0
Chennai,1028.6123798847627,3,2,15.990132178228041,1,Unfurnished,Ground,5,1,1,1,1,0,0,8898928.0
Bangalore,1346.211305218128,4,4,2.722178737755276,0,Semi Furnished,Ground,3,1,0,0,0,0,0,16779006.0
Mumbai,1016.1238302264501,3,3,7.286440359344402,0,Semi Furnished,Ground,2,1,0,2,1,1,0,16530207.0
Bangalore,1782.2491020237485,4,2,21.638908366650142,0,Semi Furnished,Mid,3,1,0,0,0,0,0,17127167.0
Chennai,919.1243499117944,4,1,5.046245750407162,2,Fully Furnished,Top,2,0,0,0,0,0,0,10915009.0
Ahmedabad,2666.508209126344,3,2,38.12476711572877,2,Unfurnished,Top,3,1,1,2,0,0,0,17954084.0
Jaipur,2147.963930786875,3,2,36.90662796482999,1,Fully Furnished,Mid,2,0,0,0,0,0,0,12432830.0
Bangalore,1506.2878848001571,2,3,12.074622637837995,0,Unfurnished,Mid,3,0,0,0,1,1,0,15877241.0
Hyderabad,1933.697246498988,4,1,14.9940363371288,1,Fully Furnished,Ground,4,1,1,1,0,0,1,19501336.0
Lucknow,681.5990678446042,2,3,15.88589936379616,1,Semi Furnished,Top,2,0,0,2,1,0,1,4606164.0
Kolkata,2761.686665699779,3,3,4.485563698201878,0,Unfurnished,Top,3,0,1,1,1,1,0,27378833.0
Hyderabad,1204.8926938997552,3,3,6.819547982822999,1,Semi Furnished,Top,3,0,0,0,1,0,1,11714991.0
Chennai,1439.7512930503203,4,3,2.1917153001837755,0,Semi Furnished,Mid,3,0,0,1,1,1,0,16930054.0
Lucknow,572.0333564057817,3,1,38.828297857879704,1,Unfurnished,Top,3,0,0,1,0,1,1,2862349.0
Hyderabad,1743.1436523704474,4,4,19.30213575044874,1,Fully Furnished,Ground,2,0,0,2,1,0,1,16859880.0
Pune,946.8279214614456,2,2,0.7119768311228113,1,Semi Furnished,Top,4,0,0,2,0,0,1,10796824.0
Jaipur,1550.8278807830145,2,3,11.957210997538871,1,Semi Furnished,Top,3,0,0,1,0,0,1,10399728.0
Lucknow,1227.862783537731,3,2,6.302752443441731,1,Unfurnished,Ground,3,1,0,1,1,0,1,8166882.0
Pune,961.1280325348282,5,2,25.334351371449053,1,Unfurnished,Ground,4,1,1,2,1,0,1,9005098.0
Hyderabad,1097.8192491186915,3,1,6.319346884603294,0,Fully Furnished,Mid,5,1,0,2,1,0,0,11478246.0
Mumbai,1612.8940170427607,4,1,15.498695030804509,1,Semi Furnished,Mid,3,1,1,1,1,1,1,28061482.0
Delhi,859.2545135655878,4,3,2.718158614672315,2,Semi Furnished,Ground,2,0,0,1,0,0,0,12160734.0
Mumbai,1125.5941644882114,4,3,12.272341679145502,1,Fully Furnished,Top,4,1,0,2,1,0,0,23774250.0
Jaipur,1831.636690632239,3,2,5.219673040175215,1,Unfurnished,Top,3,0,0,0,1,1,1,13173684.0
Lucknow,2801.2399374371566,3,2,2.7028490571790544,1,Unfurnished,Ground,1,0,0,2,0,0,1,17156247.0
Lucknow,1738.7944097765023,2,3,14.484544664491498,0,Unfurnished,Mid,2,0,0,0,1,0,0,8887825.0
Jaipur,1041.3691789113564,5,2,15.268258627079783,0,Fully Furnished,Ground,4,0,0,2,0,1,1,7767083.0
Pune,1316.4429149638445,5,3,61.43358275202005,1,Unfurnished,Top,3,1,0,0,1,0,1,11866301.0
Delhi,1515.7945030762892,3,2,16.589360653320856,1,Unfurnished,Top,4,1,0,1,1,1,0,19965905.0
Hyderabad,1325.2875246821463,2,2,10.87606876815881,2,Fully Furnished,Mid,2,0,0,1,0,0,0,12513102.0
Chennai,1951.5290833684664,2,4,36.56247755987829,1,Semi Furnished,Mid,2,0,0,2,1,1,1,12626296.0
Mumbai,1608.7367415071124,5,2,26.428422048223783,1,Semi Furnished,Mid,2,0,0,0,1,1,0,20615167.0
Mumbai,1953.926192454935,2,2,11.935882832176107,1,Fully Furnished,Ground,5,1,0,1,0,0,1,27590991.0
Kolkata,1342.7781048511854,4,3,10.741603572563731,1,Unfurnished,Mid,2,0,1,0,0,0,1,11927362.0
Delhi,2162.750109860628,3,3,42.70171693131946,1,Unfurnished,Ground,3,1,0,1,1,1,0,22187604.0
Chennai,1416.757207859227,3,4,14.400780784397286,1,Semi Furnished,Ground,3,0,0,0,0,1,0,12831931.0
Mumbai,1014.4050654310042,4,2,18.76487445502193,1,Unfurnished,Ground,3,0,0,1,1,0,1,12530692.0
Chennai,2588.660190521111,2,2,1.3600187723420691,0,Semi Furnished,Mid,3,0,0,0,1,1,1,24152579.0
Hyderabad,587.5111265194416,3,2,19.003988385530445,2,Semi Furnished,Ground,3,0,0,2,1,0,1,4622385.0
Lucknow,1130.6306373475363,5,1,4.611780085252598,1,Unfurnished,Mid,1,0,0,0,0,1,1,7100992.0
Chennai,1186.4860740848028,3,3,1.8416346240804056,1,Semi Furnished,Ground,3,0,0,1,1,0,1,12093761.0
Mumbai,2754.1531365282817,4,2,28.42344775987543,1,Semi Furnished,Ground,2,1,0,1,0,0,0,27524868.0
Pune,2403.429442073256,4,2,17.625488951723856,1,Fully Furnished,Mid,1,0,0,1,1,1,1,29657614.0
Delhi,2246.964071821099,2,3,7.852694335889783,1,Unfurnished,Ground,2,1,0,0,0,1,0,25373271.0
Jaipur,1334.670668811834,2,4,8.469112450103724,2,Fully Furnished,Top,2,0,1,0,0,0,1,13247359.0
Bangalore,2713.0890019208873,3,1,3.293207681754936,1,Unfurnished,Ground,3,0,1,0,0,1,1,30381504.0
Ahmedabad,1684.1760019204855,3,2,0.14395348107891986,2,Unfurnished,Mid,4,0,1,1,0,1,1,15161130.0
Ahmedabad,1988.6316851515612,3,3,6.4469619403074505,1,Unfurnished,Top,3,0,0,0,1,0,1,15082530.0
Bangalore,1589.8476905531036,4,2,2.4098281216343,2,Unfurnished,Mid,3,0,1,0,0,0,0,20569912.0
Chennai,1475.2667143383742,1,3,8.215632752439635,1,Semi Furnished,Ground,2,0,0,2,1,1,1,14247835.0
Delhi,1374.1106630368104,3,3,26.9207153729302,1,Fully Furnished,Mid,5,0,0,0,1,1,0,16574507.0
Chennai,1395.1800032904189,1,2,1.8283517551267539,0,Fully Furnished,Ground,4,0,0,1,1,0,1,13690837.0
Jaipur,1804.2458243390395,2,2,1.443593608605277,1,Semi Furnished,Top,4,0,1,1,1,0,1,16068804.0
Delhi,1683.599899387694,3,2,34.85747108326815,1,Fully Furnished,Mid,2,0,0,2,1,0,1,19189581.0
Bangalore,1484.264314898158,4,3,20.505587809931068,1,Fully Furnished,Top,3,1,0,1,0,1,0,23432418.0
Chennai,2254.761996349427,2,2,0.817949463734605,1,Unfurnished,Top,2,0,1,0,1,1,1,23001132.0
Kolkata,400.0,3,3,1.2437228105342772,0,Unfurnished,Ground,3,0,0,0,0,0,1,3125072.0
Mumbai,1754.9436239605975,3,3,17.32413185285982,1,Unfurnished,Mid,1,0,0,1,0,1,1,23425933.0
Pune,1858.8693533294897,2,2,6.9387294227536245,1,Unfurnished,Mid,2,0,1,0,1,0,1,17224864.0
Lucknow,2073.4814341275846,3,4,19.319737393096432,1,Semi Furnished,Mid,5,1,1,2,0,1,0,14357047.0
Pune,1467.5642794733194,4,2,7.774151452844447,1,Semi Furnished,Top,3,0,0,0,1,0,1,16173612.0
Jaipur,1603.9600336919789,3,3,51.530632119638696,1,Semi Furnished,Ground,1,0,0,2,1,0,0,8820922.0
Chennai,1992.9741916573607,2,1,17.782988739884427,1,Fully Furnished,Top,4,0,0,0,0,1,0,18602802.0
Hyderabad,2245.58320214009,3,2,0.7160590761481317,1,Unfurnished,Mid,1,0,1,0,0,0,0,19673068.0
Delhi,1349.732007410616,3,2,6.018401473552719,2,Fully Furnished,Ground,3,0,0,2,0,1,0,18724543.0
Chennai,1633.48789156378,1,2,12.438153007562176,1,Unfurnished,Ground,3,1,0,1,0,0,0,11324636.0
Delhi,2339.286982174379,2,2,2.295058732699332,1,Unfurnished,Ground,1,0,0,1,0,0,1,25051178.0
Lucknow,437.98646206057447,2,3,0.037852220668190405,0,Fully Furnished,Ground,3,1,0,0,0,1,0,3001143.0
Kolkata,1154.9937000927075,2,2,1.2394479223034163,2,Fully Furnished,Ground,1,0,0,0,0,0,0,10112389.0
Pune,2232.9179893014816,2,4,11.143366538606688,1,Fully Furnished,Mid,1,0,0,0,1,1,1,24846671.0
Mumbai,2046.2689168041516,3,2,15.005486443935448,1,Semi Furnished,Mid,1,1,0,0,0,1,0,28841583.0
Lucknow,1761.222605463347,3,1,1.4625945417253863,0,Fully Furnished,Mid,2,1,0,0,0,1,1,13536568.0
Lucknow,1275.70156344544,4,2,16.411381378271273,2,Semi Furnished,Mid,4,0,0,0,1,0,0,8263888.0
Pune,1059.0907505072903,3,4,14.400667691007147,2,Fully Furnished,Top,2,1,0,2,0,0,0,15101240.0
Lucknow,1204.3921903788132,4,2,42.17542833874505,1,Semi Furnished,Ground,3,1,0,0,0,1,1,6150402.0
Hyderabad,2274.004110409346,3,1,27.55218334600129,1,Fully Furnished,Ground,2,0,0,2,1,1,1,17938756.0
Hyderabad,1185.778655422327,2,3,43.03434393987983,2,Semi Furnished,Mid,4,0,0,1,0,1,1,8186024.0
Ahmedabad,1550.711482119829,3,2,50.76847742646317,1,Fully Furnished,Mid,3,1,1,0,0,0,0,10795113.0
Ahmedabad,1123.146177569127,4,3,8.718950292096094,1,Unfurnished,Ground,1,0,0,1,0,1,1,7797561.0
Hyderabad,1921.3870150495136,2,2,10.038843277927283,1,Fully Furnished,Top,3,0,1,2,0,0,1,22370453.0
Bangalore,1230.6368598267795,2,2,4.961390128930801,1,Fully Furnished,Top,2,1,0,2,1,0,1,17057805.0
Kolkata,1451.203054922793,3,2,10.652337239738895,1,Unfurnished,Ground,2,1,0,0,0,0,0,9507921.0
Delhi,658.3089334785872,3,3,2.4504015689581213,1,Unfurnished,Mid,3,0,0,1,1,0,0,8891597.0
Kolkata,693.3158818975302,3,3,16.69512447029139,1,Semi Furnished,Ground,2,0,0,0,0,0,0,4413213.0
Jaipur,1503.8365966607532,2,2,0.3787292274422106,2,Unfurnished,Mid,2,1,0,1,1,0,0,11207210.0
Lucknow,837.421422401119,2,2,4.03050567721309,2,Semi Furnished,Ground,3,0,1,0,1,0,1,5420281.0
Mumbai,2552.543319667251,3,1,3.499266289274354,1,Fully Furnished,Ground,2,0,0,0,0,1,1,31655517.125
Lucknow,469.23844394387515,3,2,41.68249982976282,1,Unfurnished,Mid,2,0,0,1,1,1,0,2118872.0
Kolkata,1099.912350667948,3,2,2.348083595457605,1,Semi Furnished,Ground,3,0,0,2,1,0,1,10106033.0
Hyderabad,1508.3504336337753,3,2,33.21524146887925,1,Fully Furnished,Ground,1,1,0,2,0,1,1,12557989.0
Pune,1317.4335311021077,3,1,1.9919730027341513,1,Semi Furnished,Top,4,1,0,0,1,0,0,14601597.0
Jaipur,947.9272716680405,2,2,15.777275432573196,1,Fully Furnished,Top,3,1,0,1,1,0,0,7092416.0
Hyderabad,1021.036080252366,3,3,5.782422015124361,1,Semi Furnished,Mid,1,1,0,2,0,1,0,10197625.0
Kolkata,1004.6729612503807,1,3,5.697012362303722,1,Fully Furnished,Ground,2,1,0,0,1,0,0,8534560.0
Pune,1356.6391525899685,3,2,80.0,2,Fully Furnished,Top,5,0,0,1,1,0,1,13255577.0
Mumbai,2475.964544758712,3,3,3.843581681264541,2,Semi Furnished,Mid,3,0,0,0,1,0,0,31655517.125
Kolkata,1538.9686482791049,2,2,3.3952315118073764,0,Fully Furnished,Top,2,1,0,0,1,1,1,16549612.0
Delhi,2091.450244693762,2,2,13.349653065622975,1,Semi Furnished,Top,2,1,0,0,1,1,1,27539425.0
Chennai,1753.488172914071,2,3,20.249575168906475,1,Fully Furnished,Ground,3,0,0,1,1,1,0,15804971.0
Pune,2056.9311989911103,2,3,60.68719377780535,1,Unfurnished,Top,2,1,0,0,0,1,1,14742739.0
Kolkata,400.0,3,2,18.13044786504632,2,Unfurnished,Top,3,0,1,1,1,1,0,3579524.0
Hyderabad,1347.7709894258853,5,2,12.37863063948791,1,Semi Furnished,Ground,3,0,0,0,0,0,0,11382864.0
Delhi,2153.567711575357,3,3,7.892432386544499,2,Unfurnished,Mid,4,0,0,0,1,0,1,26076117.0
Bangalore,1214.1320886253332,3,2,13.5622018702276,1,Unfurnished,Ground,2,0,0,1,0,1,0,12650666.0
Pune,2381.236582434806,3,2,13.77570608405977,0,Fully Furnished,Ground,1,1,1,1,0,0,1,25965114.0
Delhi,2241.9450768838806,3,3,3.6829750919817843,1,Unfurnished,Mid,5,1,0,2,0,0,1,28751053.0
Hyderabad,1265.4346419362687,4,1,16.684974823008574,1,Semi Furnished,Top,3,0,0,1,0,0,1,10740577.0
Kolkata,1248.4182404768217,4,2,3.4303295286794984,1,Semi Furnished,Ground,1,0,1,2,0,0,1,12560496.0
Lucknow,993.1970788227657,4,4,10.098839634137319,0,Fully Furnished,Ground,2,1,0,0,1,0,1,7799283.0
Mumbai,1185.2028840681012,5,2,4.513931610676226,0,Unfurnished,Ground,3,1,0,0,1,0,1,16851721.0
Lucknow,883.7054679155424,2,2,5.626970970370696,1,Fully Furnished,Mid,3,0,0,0,0,1,1,6684063.0
Chennai,1714.4055902165028,3,2,14.27399038819931,1,Unfurnished,Ground,2,0,0,1,0,0,0,13039600.0
Delhi,771.9767533267833,4,2,0.9998733275536625,2,Unfurnished,Ground,4,1,0,2,1,0,0,11545221.0
Chennai,1801.866508095111,3,2,0.1816173005634754,1,Unfurnished,Mid,2,1,0,1,1,1,1,17932046.0
Mumbai,1814.0393484501244,5,2,2.099624640675148,0,Fully Furnished,Top,1,0,0,0,1,1,0,31655517.125
Delhi,669.3977974080387,2,2,2.7715939897725086,1,Fully Furnished,Ground,1,1,0,2,1,0,0,10644079.0
Ahmedabad,2274.9093031641696,3,2,3.307324345508379,1,Unfurnished,Top,4,0,0,1,1,0,0,16555712.0
Hyderabad,1756.804647207611,5,2,22.303729907424483,1,Semi Furnished,Mid,5,1,0,0,1,0,1,14264152.0
Delhi,1874.8490107224345,3,2,8.882107044573864,0,Unfurnished,Top,2,1,0,2,0,1,1,24272523.0
Hyderabad,1120.667399228614,3,2,9.521366662727333,0,Semi Furnished,Mid,1,0,0,1,0,0,1,9287626.0
Lucknow,1811.1895592365593,1,2,15.50645472980377,0,Unfurnished,Mid,4,0,0,0,0,1,1,8559161.0
Jaipur,2063.1967248610326,3,2,19.590568471885554,1,Unfurnished,Top,2,1,0,2,1,1,1,14869650.0
Pune,1450.6958004976614,4,2,0.052717773658574864,1,Semi Furnished,Top,2,0,0,1,0,1,0,16198649.0
Jaipur,2500.9612296241803,3,3,29.144876434915663,0,Semi Furnished,Ground,4,0,1,0,1,0,1,15131100.0
Kolkata,1522.032317456469,1,3,66.89638166273235,1,Fully Furnished,Mid,5,1,0,1,0,0,1,10691098.0
Pune,2070.392900226237,1,2,1.9483407588985027,2,Semi Furnished,Top,3,0,0,2,0,0,0,21408763.0
Pune,1646.5044036293275,4,1,15.79371423256963,1,Unfurnished,Ground,2,0,0,0,0,0,0,12715141.0
Bangalore,1792.7607664284337,3,1,0.036250083034701605,1,Fully Furnished,Mid,4,0,0,1,0,0,1,21900573.0
Pune,664.333866182614,2,2,0.7540833353793989,0,Unfurnished,Ground,2,0,0,1,0,0,1,5562578.0
Mumbai,1685.5268691076815,2,2,5.032112444743962,0,Fully Furnished,Ground,2,0,0,1,1,0,1,26626420.0
Jaipur,1132.512449371367,4,1,28.101450748436683,1,Unfurnished,Mid,3,1,0,0,1,1,0,5891645.0
Lucknow,1076.8008471111561,4,2,15.854898120691294,1,Semi Furnished,Ground,4,0,0,0,0,0,1,6223361.0
Hyderabad,2372.051592232989,2,4,8.854011254622435,1,Unfurnished,Top,2,1,1,1,1,0,0,25311656.0
Kolkata,1393.1148759688256,3,3,8.659783442179803,2,Unfurnished,Ground,3,1,0,1,0,1,1,10478614.0
Pune,998.3490845122517,4,3,9.411896573384476,1,Fully Furnished,Ground,3,0,0,0,1,0,1,11303853.0
Kolkata,1320.4341859455626,3,1,5.588430916257439,1,Semi Furnished,Mid,4,1,0,0,1,1,1,12266715.0
Lucknow,849.7748855390431,5,1,31.520954225517507,1,Semi Furnished,Top,3,1,1,2,1,0,0,5421528.0
Kolkata,2216.942234098135,3,1,12.585401993650201,0,Unfurnished,Top,4,0,0,1,1,1,1,15807345.0
Lucknow,1152.1596279167425,3,4,9.923273224360717,2,Unfurnished,Top,3,1,0,2,0,0,0,8901675.0
Pune,1764.6499669718346,3,2,9.384475887136267,1,Fully Furnished,Top,3,0,0,0,1,0,1,21915654.0
Lucknow,2178.053357105163,4,2,41.19246615397186,0,Fully Furnished,Ground,2,0,0,1,1,1,0,12552605.0
Pune,1249.9236593926353,3,2,19.291953976281395,0,Semi Furnished,Top,4,0,0,0,1,1,1,12552858.0
Bangalore,1766.011216136393,2,3,2.3465540774308606,2,Semi Furnished,Top,3,1,1,1,0,1,1,27978538.0
Bangalore,984.956972547785,3,2,8.6163400219661,1,Fully Furnished,Mid,3,1,0,0,0,0,0,12773210.0
Lucknow,2722.884784556842,4,2,5.1030040754523895,0,Fully Furnished,Top,4,0,0,0,1,0,1,21499258.0
Bangalore,1968.190067308311,3,4,64.99130049988304,0,Unfurnished,Mid,2,0,0,1,1,0,0,15969721.0
Hyderabad,1403.696780619597,3,2,8.052301225115803,1,Unfurnished,Top,3,1,0,2,1,1,1,14701631.0
Hyderabad,1113.583134555518,3,2,1.0542464936504339,0,Fully Furnished,Ground,3,0,0,2,0,0,0,10826634.0
Bangalore,1443.0017235801868,2,2,7.945336420415551,0,Fully Furnished,Top,2,0,0,0,1,0,0,19244104.0
Bangalore,1330.0081388242404,1,3,5.814752425723626,1,Fully Furnished,Mid,2,0,0,2,0,1,1,18460230.0
Ahmedabad,2476.4722769997534,2,2,13.728718402721436,1,Unfurnished,Top,4,0,0,2,0,1,0,16328450.0
Ahmedabad,887.2326388925488,3,2,3.8442661812196146,2,Semi Furnished,Ground,4,1,0,0,0,1,0,7155908.0
Pune,1567.4007116451016,3,3,0.549549756126399,0,Fully Furnished,Mid,4,0,0,2,0,1,1,18428933.0
Lucknow,1490.830966683145,4,2,1.5119039847079196,2,Unfurnished,Ground,3,1,0,2,1,0,0,10637174.0
Chennai,1441.2948498275653,4,3,4.993279540729321,1,Semi Furnished,Top,2,0,1,0,1,1,0,18070707.0
Chennai,1445.6916725308288,3,2,6.423085097486829,1,Fully Furnished,Top,2,1,0,0,0,1,1,16104574.0
Bangalore,1441.9645949397582,3,2,26.97727915678252,0,Semi Furnished,Mid,3,1,0,0,1,0,1,13527782.0
Kolkata,1936.5330331660498,2,1,4.722093104250214,2,Unfurnished,Ground,4,1,0,2,1,0,1,16817114.0
Bangalore,1804.4922232462177,2,3,0.47999435556720343,2,Unfurnished,Ground,2,0,0,0,1,0,1,21181041.0
Ahmedabad,1709.4558056863932,2,3,22.762009760984448,2,Fully Furnished,Mid,4,1,0,1,1,1,1,13869117.0
Pune,400.0,3,2,30.478933765572137,0,Semi Furnished,Top,2,0,0,1,0,0,1,3037669.0
Bangalore,1649.897437081582,2,2,10.168152640605449,2,Semi Furnished,Top,2,0,0,1,1,0,0,20362578.0
Jaipur,672.1803199149588,2,3,5.030564494516425,1,Semi Furnished,Ground,4,1,0,0,1,1,1,5117422.0
Kolkata,1823.1600815679126,3,2,22.18535021389243,0,Semi Furnished,Mid,3,0,0,1,1,0,1,12015234.0
Jaipur,2237.2486837852575,3,2,0.1340735091733,0,Unfurnished,Ground,2,1,0,1,1,0,0,14693716.0
Pune,1036.8804437057247,3,4,38.66090164987948,1,Semi Furnished,Top,4,0,0,1,1,0,1,9335924.0
Pune,1369.1096388286467,3,3,30.09639578280983,2,Fully Furnished,Top,4,0,0,0,0,0,0,11961738.0
Hyderabad,1200.3221474735014,2,2,11.806370335114211,2,Unfurnished,Ground,4,1,0,2,1,1,0,9887291.0
Delhi,2117.7158878784003,2,3,4.877253541785273,1,Fully Furnished,Top,3,0,1,1,0,0,1,31655517.125
Jaipur,1547.5139426360365,2,1,0.500945783784385,1,Semi Furnished,Top,2,1,0,1,0,0,1,11740237.0
Hyderabad,2364.1646902831667,2,1,80.0,1,Semi Furnished,Mid,4,1,1,0,1,0,1,16242941.0
Ahmedabad,1706.8771014736938,3,3,21.536916209447195,1,Unfurnished,Mid,3,0,0,0,0,1,0,9707204.0
Mumbai,1621.2250903179097,4,2,6.203439275151145,0,Semi Furnished,Mid,4,1,0,2,1,0,0,26986145.0
Kolkata,1534.1033913014182,3,3,0.2919014555689121,1,Fully Furnished,Top,2,1,0,2,1,0,0,18197195.0
Mumbai,1908.9960496286683,3,3,15.295286391413086,1,Unfurnished,Mid,5,0,0,1,0,0,0,24243558.0
Lucknow,631.1569008773283,4,2,65.0317331716234,1,Semi Furnished,Ground,2,0,0,0,0,0,1,3105974.0
Ahmedabad,1542.671977760255,2,3,18.417462796348143,0,Fully Furnished,Top,2,1,0,1,0,0,0,12619872.0
Ahmedabad,1464.9767781360176,2,1,1.311407727964257,1,Semi Furnished,Ground,2,0,1,0,1,1,0,11342995.0
Mumbai,1862.709413578883,3,2,7.719452080795303,0,Semi Furnished,Top,5,0,0,1,0,1,1,28586988.0
Jaipur,1406.1491970629816,3,3,1.7342516888018864,2,Semi Furnished,Ground,1,1,1,2,1,1,0,12882434.0
Delhi,980.6327829186649,3,3,36.4836683712282,1,Semi Furnished,Mid,3,1,0,0,1,0,1,10638966.0
Jaipur,1503.6753374598495,3,2,6.016445570690693,2,Fully Furnished,Top,2,1,1,1,0,0,0,14996455.0
Mumbai,958.5797355658283,2,2,19.828767571962416,0,Unfurnished,Top,2,0,0,0,1,0,0,11519116.0
Lucknow,537.3688937062573,3,2,1.3273929660865835,1,Fully Furnished,Ground,3,1,0,2,1,0,0,4083607.0
Jaipur,1863.5612407427466,2,2,2.061623051467621,2,Fully Furnished,Top,4,1,0,0,0,0,1,16716160.0
Chennai,1789.5307863473354,4,2,17.06751761130991,0,Unfurnished,Ground,2,0,0,1,1,0,0,12877866.0
Jaipur,1733.5454719967872,4,1,27.818567275919264,0,Unfurnished,Mid,3,0,0,1,0,1,0,8500923.0
Pune,2151.4642109729057,2,2,3.3743646179220335,1,Semi Furnished,Ground,3,1,0,1,1,0,0,20803066.0
Hyderabad,1167.4840548480374,2,3,8.127966895182887,1,Semi Furnished,Ground,2,0,0,1,1,0,0,10043646.0
Kolkata,784.4429286143725,2,2,14.490766239271895,0,Fully Furnished,Top,4,0,0,1,1,1,1,7212286.0
Jaipur,1464.9851115959777,2,2,23.86486211490934,2,Semi Furnished,Mid,3,0,0,2,0,1,1,9020710.0
Delhi,1326.2498501470448,3,4,14.84085130426801,1,Unfurnished,Mid,5,0,0,0,1,1,1,14650394.0
Delhi,1078.8521416149656,3,2,1.504366149117129,1,Unfurnished,Mid,2,1,0,1,0,0,0,13336104.0
Jaipur,1460.075423256102,5,3,11.74014935102237,0,Semi Furnished,Mid,1,0,1,0,1,0,1,12350890.0
Bangalore,1194.1974268977076,3,2,32.39113237492202,0,Fully Furnished,Top,3,0,0,1,1,0,0,12008767.0
Ahmedabad,581.9973583215844,2,2,30.376996159076214,0,Semi Furnished,Top,4,1,1,1,1,1,1,3906526.0
Jaipur,1279.4116546031198,2,2,13.192715527457059,1,Unfurnished,Top,2,0,0,0,1,1,1,8431833.0
Ahmedabad,931.8124166480713,2,2,80.0,1,Unfurnished,Mid,2,0,0,0,1,1,1,4554801.0
Chennai,1615.8240358054613,2,2,1.6660471134584065,0,Fully Furnished,Ground,3,1,0,0,0,1,1,15350687.0
Mumbai,1171.9826208796726,4,2,9.768433101030503,2,Unfurnished,Mid,2,0,0,0,1,0,0,15765118.0
Chennai,2055.8157370705258,2,2,22.38306804070652,1,Fully Furnished,Mid,4,0,1,1,1,1,1,22563984.0
Jaipur,2301.9330336339326,5,2,2.280460994547905,0,Fully Furnished,Mid,2,1,0,0,0,0,0,19074308.0
Delhi,1839.6906865059532,3,2,54.04039507482637,1,Semi Furnished,Ground,3,0,1,0,0,0,1,16898616.0
Bangalore,724.48690900834,3,4,6.555417437448468,0,Semi Furnished,Ground,4,0,0,1,1,0,0,9279912.0
Lucknow,2252.5979994395198,3,3,6.464969179957394,1,Fully Furnished,Top,2,0,0,1,0,0,1,19007278.0
Ahmedabad,2287.8602251868824,3,3,3.596609241136192,1,Semi Furnished,Mid,4,0,0,0,0,1,1,19141316.0
Hyderabad,1509.3952556539705,3,3,5.095528440816016,2,Unfurnished,Mid,2,0,0,0,0,0,1,11828237.0
Ahmedabad,2161.463080167766,3,2,12.926644030489705,1,Fully Furnished,Mid,3,1,0,2,0,1,1,18028714.0
Pune,1224.162430976661,2,2,8.414800996359046,0,Fully Furnished,Mid,2,1,0,1,1,1,1,14193437.0
Kolkata,566.8770325752052,4,3,3.223505145178228,0,Semi Furnished,Top,2,0,0,2,1,1,1,5627510.0
Jaipur,1119.857780689203,2,1,24.84322186926974,0,Fully Furnished,Ground,3,0,1,1,0,1,1,7133750.0
Chennai,2364.6504330223784,3,2,0.9639073108729876,2,Fully Furnished,Top,3,1,0,0,1,0,0,29553984.0
Hyderabad,754.4600381942632,3,2,26.99561156728378,1,Fully Furnished,Top,3,0,0,1,1,1,1,7098774.0
Delhi,1499.7606409657471,2,2,4.822486649578003,2,Semi Furnished,Top,1,0,1,0,1,0,1,23058582.0
Delhi,1517.0719466701062,2,2,10.274808448337547,1,Fully Furnished,Ground,3,0,0,2,1,0,0,19807178.0
Delhi,1243.5128780160942,2,4,7.196314115943928,2,Fully Furnished,Top,2,1,0,0,0,0,0,19426640.0
Lucknow,1278.2392000814425,3,3,12.680569729153424,0,Fully Furnished,Mid,2,0,0,1,1,1,0,10292687.0
Pune,1536.1245671181014,3,2,23.843793643649967,2,Semi Furnished,Top,3,0,0,2,0,0,0,13609570.0
Delhi,1218.9188290326365,4,2,68.09044662092525,0,Fully Furnished,Mid,4,1,1,1,1,1,0,17142101.0
Delhi,788.9707514160344,3,2,5.480528195884336,1,Fully Furnished,Top,3,1,0,1,1,1,0,13179643.0
Jaipur,1607.515971471728,2,2,12.104968286849376,1,Semi Furnished,Top,2,1,0,0,0,1,1,12413955.0
Pune,2036.683291222486,3,3,9.410603646069406,0,Fully Furnished,Mid,4,0,1,1,0,0,1,25780743.0
Bangalore,1934.7862593267105,3,2,80.0,1,Fully Furnished,Mid,1,1,1,0,0,1,1,22365760.0
Bangalore,1095.1322663050942,3,3,24.825446352112444,2,Fully Furnished,Mid,3,1,0,1,1,0,0,13201139.0
Pune,874.3860423111621,3,2,7.589657413222185,1,Fully Furnished,Mid,2,0,1,0,1,0,0,11140389.0
Kolkata,1357.9060589226108,3,2,9.719138856351726,1,Fully Furnished,Mid,4,1,0,1,1,1,1,13367713.0
Lucknow,2283.895754897832,2,3,4.234580183364265,1,Unfurnished,Ground,2,1,0,1,1,1,1,14876755.0
Hyderabad,1822.7990394797728,3,3,21.112605699844593,0,Fully Furnished,Ground,3,1,1,0,0,1,1,17310901.0
Ahmedabad,1851.9823383971168,2,3,27.98546190181324,2,Unfurnished,Ground,4,0,0,0,0,0,1,9905547.0
Jaipur,1944.9284758927474,3,4,50.2804623063364,0,Unfurnished,Top,4,1,0,0,0,0,1,10706985.0
Mumbai,1710.3832812592932,2,3,12.514748634195676,2,Unfurnished,Ground,2,0,0,0,1,0,1,19662199.0
Bangalore,1560.3042738067893,4,3,16.661017096022107,1,Unfurnished,Mid,2,0,0,0,1,0,0,14235849.0
Pune,1831.1534483239839,3,3,8.860451883346155,1,Unfurnished,Ground,1,0,0,0,1,0,1,15315146.0
Hyderabad,1226.9169478909903,3,2,14.090646659417516,2,Semi Furnished,Ground,4,0,0,1,0,1,1,10780717.0
Pune,792.7684943168396,4,2,6.432902952615208,1,Semi Furnished,Top,4,0,0,1,1,1,0,9838748.0
Ahmedabad,1861.4984673121617,4,2,20.073373507245293,1,Semi Furnished,Mid,2,0,0,0,1,1,0,13610226.0
Hyderabad,2118.869052874613,3,2,0.3444297883089897,1,Unfurnished,Top,2,1,1,0,0,0,1,20637998.0
Bangalore,940.8840303219843,2,3,0.4330439247327462,0,Fully Furnished,Ground,3,0,1,0,0,0,1,13261281.0
Delhi,1910.9607412079502,4,1,18.888102016726553,1,Fully Furnished,Ground,3,1,0,0,0,0,1,22634052.0
Pune,2340.3828566940947,3,2,40.03593378628018,0,Fully Furnished,Top,2,0,1,0,1,0,1,22871634.0
Mumbai,1498.8768991214395,3,3,15.005235329748421,1,Fully Furnished,Top,3,0,0,1,1,1,0,25312265.0
Bangalore,1090.998907629127,4,1,19.448356984836874,0,Semi Furnished,Mid,2,0,0,1,0,1,1,11210705.0
Chennai,1561.5093367633779,2,2,26.053470124030486,2,Unfurnished,Ground,1,0,0,2,0,1,1,10144360.0
Mumbai,1224.7330158996492,2,2,6.733598529903699,1,Semi Furnished,Mid,3,1,0,2,0,1,1,19840906.0
Kolkata,1191.6349450217992,3,3,1.7162485996374837,2,Fully Furnished,Ground,4,0,0,0,1,0,1,12510793.0
Lucknow,1716.5920336357713,4,2,40.56661546127422,0,Unfurnished,Ground,4,0,0,0,0,0,1,6944678.0
Bangalore,698.1352624850523,3,4,41.84799242023268,1,Fully Furnished,Top,3,0,0,0,0,0,0,7136542.0
Delhi,778.0355387538864,3,2,8.746659220726944,2,Semi Furnished,Ground,5,0,0,0,0,1,1,9551744.0
Bangalore,1509.6454401869714,3,3,3.6725892310296793,0,Semi Furnished,Ground,1,0,0,1,0,0,1,17485099.0
Ahmedabad,1488.8457305437844,3,2,33.43366153717373,2,Semi Furnished,Mid,2,0,0,0,1,0,1,8834424.0
Hyderabad,1671.777288519968,4,2,18.48695755243866,1,Fully Furnished,Ground,2,1,0,0,0,1,0,15118961.0
Pune,2437.612694241694,2,2,0.12393585418738999,0,Unfurnished,Ground,2,1,0,0,0,0,1,21658183.0
Hyderabad,1552.2570180379105,3,1,1.709624395972656,1,Unfurnished,Ground,4,0,0,0,1,1,1,11963762.0
Hyderabad,1799.0860751673972,4,2,61.29532693818535,0,Semi Furnished,Ground,2,1,1,2,0,1,0,14053178.0
Bangalore,1012.233532192684,3,2,0.5831111879736509,2,Unfurnished,Top,3,0,0,2,0,1,1,14294574.0
Ahmedabad,1883.9688317582686,3,2,4.980885056759314,0,Fully Furnished,Ground,3,0,0,0,0,1,1,15584229.0
Pune,1236.8045674446612,1,3,11.927577154033688,1,Unfurnished,Ground,4,0,0,0,1,0,0,9959381.0
Pune,1535.7104162905466,4,2,3.056652347725959,1,Fully Furnished,Top,3,0,0,1,0,0,0,19340403.0
Hyderabad,1445.5756874654192,3,4,3.9605395989928165,1,Semi Furnished,Ground,2,0,0,0,1,0,1,12572008.0
Kolkata,2016.4871174570155,3,3,6.530380997023431,0,Semi Furnished,Top,3,0,0,0,1,0,1,19087119.0
Lucknow,845.0117228125002,3,2,4.711505097544888,1,Semi Furnished,Mid,3,0,0,0,1,1,0,5714185.0
Ahmedabad,400.0,3,2,24.395421760193962,0,Unfurnished,Ground,3,0,0,1,0,1,1,2123548.0
Kolkata,1393.2836514560377,3,2,10.405444171074066,1,Fully Furnished,Top,2,1,0,0,1,0,1,15361946.0
Jaipur,1734.265628452562,4,3,4.898841590161247,2,Semi Furnished,Mid,1,1,1,1,0,1,1,15727826.0
Jaipur,1576.13468790375,3,3,5.63341174915727,0,Fully Furnished,Ground,2,1,0,0,0,0,0,11594978.0
Mumbai,2116.1021187069555,3,2,0.6102200597571404,0,Semi Furnished,Mid,2,0,0,1,0,1,1,31655517.125
Hyderabad,1718.686337089834,3,1,0.7598036885898101,1,Fully Furnished,Ground,2,1,0,2,0,1,0,17752924.0
Pune,1218.07583407007,2,2,18.982807243238636,0,Semi Furnished,Top,2,1,0,1,0,0,1,10503377.0
Bangalore,400.0,2,3,1.797146697307542,0,Fully Furnished,Top,5,0,0,0,1,0,1,5937915.0
Pune,1381.3438829023908,4,3,9.688137529090984,0,Fully Furnished,Top,2,1,0,2,0,1,1,19880005.0
Pune,2013.9795011288988,3,3,27.71215684700026,1,Fully Furnished,Top,3,1,0,0,1,1,0,20949196.0
Delhi,1303.9761086664428,3,3,6.8937557215007255,0,Unfurnished,Top,3,1,0,0,0,0,1,16926907.0
Pune,1514.160131838882,2,1,6.364037122374473,1,Semi Furnished,Ground,3,0,0,1,1,1,1,14332897.0
Mumbai,1710.6801271533543,4,4,30.959225836439536,1,Fully Furnished,Top,1,1,0,0,1,0,0,27957388.0
Kolkata,992.353812875092,3,3,30.020594117230903,1,Unfurnished,Ground,4,0,0,1,1,0,0,5750301.0
Jaipur,1811.6179483194087,4,1,31.82106298015922,2,Unfurnished,Ground,3,0,0,0,1,0,1,8896344.0
Pune,2318.5608950008527,5,1,12.72646613811257,1,Unfurnished,Ground,5,1,0,0,0,0,1,19070694.0
Pune,1413.5933240532968,5,2,45.64370216748501,1,Fully Furnished,Ground,2,0,1,2,0,1,1,14494398.0
Delhi,935.4677890838491,4,3,25.63588626331904,0,Fully Furnished,Ground,3,0,0,1,1,1,1,11057857.0
Ahmedabad,1466.6994864890132,1,2,8.058427661287507,1,Unfurnished,Ground,4,0,0,0,1,0,1,9159646.0
Bangalore,400.0,4,1,14.895760147044776,2,Semi Furnished,Top,2,1,1,1,0,0,0,5374338.0
Ahmedabad,1668.451631988308,2,2,1.9480273432123683,1,Fully Furnished,Top,4,1,0,0,0,0,1,16075807.0
Bangalore,1726.1371888242893,4,2,12.02208750199143,0,Fully Furnished,Top,2,0,0,0,1,1,1,24507495.0
Lucknow,2337.818146922781,2,2,4.580545373837792,2,Semi Furnished,Ground,2,0,0,2,1,0,1,15154271.0
Pune,1403.0026037166874,3,2,5.0016442000879895,1,Fully Furnished,Ground,4,1,1,2,0,1,1,18730934.0
Delhi,1704.2426690732352,1,3,2.015288509921686,0,Semi Furnished,Ground,2,0,0,1,1,0,0,19112499.0
Chennai,1069.3559488070493,4,2,6.652160108157476,1,Semi Furnished,Ground,3,0,0,1,0,0,1,9752020.0
Hyderabad,1321.7864397374606,2,3,9.849056404090305,0,Fully Furnished,Mid,3,1,0,1,1,0,0,12972539.0
Jaipur,737.407281668901,3,3,13.757658414939263,1,Unfurnished,Mid,1,0,0,1,0,1,1,4809215.0
Kolkata,1402.6051893583822,4,2,5.454831685803592,1,Fully Furnished,Top,5,0,0,0,1,0,1,14533777.0
Jaipur,1347.3454232407175,3,2,23.571170192604452,0,Unfurnished,Top,2,0,0,1,0,0,0,7764596.0
Kolkata,1649.599883044448,1,2,11.039566463974763,1,Fully Furnished,Ground,2,0,0,2,0,1,1,12405294.0
Lucknow,1188.2015598336804,3,2,15.243825373639611,2,Unfurnished,Ground,2,0,0,0,1,1,1,6882948.0
Ahmedabad,1541.672675487546,1,3,4.888935964137225,0,Semi Furnished,Top,3,0,0,0,1,1,0,11340738.0
Mumbai,1333.309972196167,3,3,25.24109106842558,0,Unfurnished,Top,2,0,0,2,0,1,1,15224384.0
Pune,1334.250305850243,5,2,14.683444857490791,1,Unfurnished,Top,3,0,0,1,0,0,1,12719501.0
Chennai,1540.1811629815152,3,3,29.745479436457224,2,Fully Furnished,Ground,3,0,1,0,1,1,1,15017095.0
Kolkata,1520.261471158505,2,3,2.614436170275874,0,Semi Furnished,Top,2,0,0,1,0,1,0,12365283.0
Hyderabad,1880.5870195258192,3,3,7.186592384165695,2,Unfurnished,Ground,3,1,0,0,1,0,0,15556757.0
Kolkata,1439.6784829350827,5,2,1.7989281401375286,2,Unfurnished,Mid,3,1,0,2,0,0,0,13828433.0
Mumbai,1325.0573254384985,2,3,3.6411528082503284,1,Fully Furnished,Ground,4,1,0,1,0,0,1,22163424.0
Jaipur,1409.5962774563868,3,2,7.526687610564387,0,Semi Furnished,Top,4,1,0,0,0,1,1,10588366.0
Delhi,1142.6679415795038,3,3,33.74731505280177,0,Unfurnished,Mid,5,0,1,1,1,1,1,12182733.0
Jaipur,1320.0444532166641,4,2,12.21415975387913,0,Fully Furnished,Top,1,0,1,0,1,1,0,12699084.0
Lucknow,2515.5793565366157,4,3,6.01563598188973,0,Semi Furnished,Mid,3,0,0,1,0,1,0,17112522.0
Delhi,1043.6606196520665,3,2,20.609509559512702,2,Unfurnished,Ground,3,1,0,1,1,0,0,11232732.0
Jaipur,1360.6718330603453,3,3,0.2981848579494708,0,Unfurnished,Top,2,0,0,0,1,0,0,10289362.0
Hyderabad,1306.2556683651549,3,3,6.932727560416721,0,Unfurnished,Top,4,1,0,1,1,0,0,11365318.0
Jaipur,1376.4141938778002,2,2,13.775582069718174,1,Unfurnished,Top,1,1,0,0,1,0,1,8861505.0
Hyderabad,1334.3803455608024,2,2,13.128574397662257,2,Unfurnished,Mid,3,0,1,2,1,1,1,10955228.0
Hyderabad,1639.6200506105,3,3,14.030493357385309,0,Semi Furnished,Ground,2,1,0,0,0,1,0,13961146.0
Delhi,644.9124493041029,2,2,3.564357638111854,1,Unfurnished,Top,3,0,0,1,0,0,1,8452644.0
Ahmedabad,2018.5857362660022,4,2,6.166495230558123,1,Unfurnished,Mid,3,0,1,1,0,1,0,16011289.0
Bangalore,1816.2913998210986,2,3,40.228162437347756,1,Unfurnished,Mid,4,1,0,0,1,0,1,15533645.0
Pune,878.5642069684326,2,3,54.73077118745893,2,Unfurnished,Top,3,1,1,2,1,0,1,7142147.0
Kolkata,400.0,3,2,5.610332787262011,0,Fully Furnished,Ground,4,1,0,0,0,0,0,3749845.0
Bangalore,1011.4639269292994,2,2,15.513606708869311,1,Semi Furnished,Mid,3,1,0,1,0,1,1,10724961.0
Mumbai,1378.6667692864387,3,3,4.142168871116548,1,Semi Furnished,Mid,4,1,0,1,0,1,0,23719497.0
Ahmedabad,2790.1459493453876,3,3,6.895540999071102,2,Semi Furnished,Top,1,0,0,0,0,0,1,22752220.0
Bangalore,1771.6284824871368,3,2,23.57741421916951,0,Unfurnished,Top,3,1,0,0,1,1,1,19018845.0
Delhi,596.2051754092712,5,1,10.432611356349843,1,Semi Furnished,Top,2,0,0,2,1,1,1,9328315.0
Mumbai,1155.172247549528,4,2,28.41585169982646,0,Unfurnished,Top,4,0,0,2,0,1,1,12131949.0
Chennai,1473.3937818635084,2,3,14.862799723370296,2,Unfurnished,Mid,2,1,0,1,1,1,0,13296580.0
Ahmedabad,1626.8417771490485,4,2,14.870111999662411,2,Fully Furnished,Mid,1,0,1,0,0,0,0,14734091.0
Bangalore,842.6255698447885,3,2,0.5170088702574575,1,Unfurnished,Mid,4,1,0,1,1,0,1,9966670.0
Mumbai,1432.5048860114694,3,1,20.774649999425456,0,Semi Furnished,Mid,3,0,0,2,1,1,0,18432522.0
Chennai,1141.1804311947296,3,1,57.15996365836021,0,Unfurnished,Mid,5,0,0,2,1,0,0,6994147.0
Jaipur,948.1207186988418,2,3,9.609133889077757,1,Semi Furnished,Top,3,0,1,0,1,0,1,8003492.0
Mumbai,1629.7978233494769,4,2,2.5899653396910494,2,Unfurnished,Mid,3,0,0,2,0,0,0,24188553.0
Delhi,1886.9385867214112,3,2,56.56936086663052,2,Fully Furnished,Ground,3,1,0,1,0,1,0,21461476.0
Jaipur,1920.5206384808098,3,1,5.140014197101554,1,Unfurnished,Top,2,0,0,2,0,1,1,13766840.0
Delhi,1787.193175566938,2,2,7.894114022555824,1,Semi Furnished,Top,2,1,0,0,1,1,1,26151302.0
Bangalore,1251.3152334298686,4,3,1.2078465748376588,2,Fully Furnished,Top,3,0,0,1,0,0,0,21013928.0
Pune,1857.274880731753,4,2,1.762118357171148,2,Unfurnished,Ground,3,1,0,1,1,1,0,21060901.0
Bangalore,1654.527219052144,2,3,3.661020564332957,1,Fully Furnished,Mid,4,1,0,1,0,0,0,21331672.0
Jaipur,1566.9709414760066,3,1,11.926571228601285,1,Unfurnished,Mid,1,0,0,0,1,1,1,10343504.0
Hyderabad,1194.153439149101,3,2,12.239528876029302,1,Fully Furnished,Top,3,0,0,1,0,0,1,12728934.0
Bangalore,1251.5619363292358,3,2,13.980351014209083,1,Unfurnished,Ground,2,0,0,1,0,0,1,12226356.0
Jaipur,1536.943468062277,3,3,13.14945162453561,2,Semi Furnished,Top,3,1,0,0,1,1,0,12699680.0
Mumbai,2719.9372334927507,3,2,10.254993499237768,0,Unfurnished,Mid,4,1,0,2,0,1,1,31655517.125
Lucknow,1650.621240045695,2,3,24.29979942036542,1,Semi Furnished,Top,2,0,0,1,1,0,1,10045754.0
Bangalore,1194.405748874857,3,2,40.74872930741174,1,Unfurnished,Ground,3,1,0,1,1,1,0,10339051.0
Mumbai,1083.8052775152787,3,1,4.715757863396772,2,Unfurnished,Mid,3,0,1,0,1,0,1,16039841.0
Delhi,1254.1166936718987,3,2,2.0922707318773766,0,Semi Furnished,Top,4,0,0,1,0,1,1,18089408.0
Ahmedabad,2588.646723774533,4,3,8.303055977978204,1,Semi Furnished,Ground,3,0,0,1,1,0,1,20765815.0
Pune,1300.371677027019,1,2,0.4016657908015119,0,Semi Furnished,Ground,2,0,0,1,1,0,1,11400996.0
Delhi,1953.4352673051426,2,3,32.22465721848698,0,Semi Furnished,Ground,5,1,0,0,0,0,0,17658347.0
Delhi,1312.0358772643217,2,4,4.110756310464463,1,Unfurnished,Ground,4,0,0,0,1,1,1,15866621.0
Jaipur,1630.5922706398144,1,1,11.954188072461273,1,Unfurnished,Mid,3,0,0,1,1,0,1,9102633.0
Hyderabad,1895.8726370043612,2,2,1.8341245942677922,2,Unfurnished,Ground,4,1,0,2,0,1,1,16900344.0
Kolkata,1214.048575095038,5,2,12.08658829731425,0,Semi Furnished,Top,1,0,0,1,1,0,0,9973197.0
Lucknow,1179.4441729236153,2,2,0.5966108585673613,0,Unfurnished,Ground,2,0,0,1,0,0,0,6669320.0
Hyderabad,2329.434847227665,3,1,21.967516541453342,0,Unfurnished,Mid,4,1,0,1,1,1,0,17586719.0
Jaipur,1992.2964474478986,2,2,46.6575414147301,1,Fully Furnished,Mid,2,1,0,0,0,1,0,11305467.0
Pune,1895.3361593453642,3,3,5.500361131016066,0,Fully Furnished,Top,1,1,0,0,1,1,0,25170450.0
Lucknow,1893.638146561457,5,3,4.480429651030555,2,Semi Furnished,Top,3,0,0,2,1,0,0,18070239.0
Lucknow,1729.7877441555327,2,3,8.912971849536037,1,Semi Furnished,Top,1,1,0,2,0,0,0,12707610.0
Jaipur,2508.8879065875326,4,1,14.512720702999475,2,Fully Furnished,Top,2,1,0,1,1,0,0,20264507.0
Chennai,1521.9541509385783,5,2,3.141614097918089,1,Unfurnished,Ground,1,0,1,1,0,1,0,15423176.0
Delhi,1788.6311836004597,3,2,24.391743173567015,1,Unfurnished,Ground,3,1,0,0,1,1,1,17352283.0
Ahmedabad,774.5435357029937,3,2,3.3197061468418885,2,Semi Furnished,Ground,3,0,0,0,1,0,1,5861929.0
Chennai,1087.5196567043795,3,1,0.08233887650332114,2,Unfurnished,Top,2,0,0,0,0,1,1,10625673.0
Jaipur,899.5905000824797,4,2,11.142959992065023,0,Unfurnished,Top,3,0,0,1,0,1,1,6372479.0
Chennai,2137.0317917580746,2,3,1.8350522016520394,2,Fully Furnished,Top,1,1,0,0,1,0,1,27066806.0
Ahmedabad,400.0,3,4,17.971785834248468,1,Fully Furnished,Ground,2,0,0,0,0,1,0,3236615.0
Jaipur,1298.8449886236388,3,1,2.749290251673102,0,Semi Furnished,Ground,2,0,0,2,1,1,1,9726244.0
Jaipur,400.0,2,3,25.50524930407898,1,Semi Furnished,Top,2,0,0,0,0,0,1,2303093.0
Lucknow,1084.3560522590549,4,3,9.533596561615008,0,Fully Furnished,Top,2,1,0,0,0,1,0,8599762.0
Chennai,1254.5255251340668,3,2,12.530269248010853,1,Unfurnished,Ground,4,0,0,0,1,0,1,10290088.0
Mumbai,2192.435546897022,3,1,3.0977107168247717,2,Fully Furnished,Top,4,0,0,0,0,1,0,31655517.125
Bangalore,1698.3139696107287,3,4,2.3794518202114583,0,Fully Furnished,Ground,3,0,0,0,1,0,0,24410566.0
Jaipur,1083.4292383355169,2,3,14.966273121068532,0,Semi Furnished,Ground,1,1,1,2,0,0,1,7765600.0
Chennai,2032.981859865913,2,4,4.424842911602909,2,Unfurnished,Top,3,0,0,1,0,0,0,21311492.0
Kolkata,1508.9161272648787,3,2,7.31458700915819,1,Semi Furnished,Top,3,0,0,1,1,1,0,12200454.0
Pune,1518.7834293536262,3,2,9.793015631062982,1,Semi Furnished,Top,2,0,0,2,0,1,1,16888598.0
Kolkata,898.664246114004,2,2,3.9133356060152718,2,Fully Furnished,Mid,2,0,0,0,1,1,1,8516662.0
Chennai,1004.9931430484303,2,4,23.80222212575961,2,Fully Furnished,Mid,3,1,0,0,0,1,1,9923550.0
Delhi,1087.4513500272378,3,2,42.05794881484682,0,Semi Furnished,Top,2,1,0,2,0,0,1,12027704.0
Delhi,1523.2306365770949,4,1,8.481686744763568,1,Fully Furnished,Mid,3,0,0,0,0,1,1,24228183.0
Chennai,1538.9428634903375,4,2,37.43315454508586,2,Fully Furnished,Ground,2,0,0,1,1,1,0,12635719.0
Lucknow,2272.0463317620224,2,2,32.14311073996005,0,Unfurnished,Ground,3,0,0,0,0,0,1,8180534.0
Lucknow,1692.5275839689173,3,2,2.7236776108155607,1,Unfurnished,Ground,3,1,0,1,1,1,0,10256788.0
Jaipur,400.0,4,2,2.856188034769042,1,Semi Furnished,Ground,3,1,0,0,0,0,1,3062855.0
Ahmedabad,1631.3209939358453,3,2,9.734229166703445,1,Unfurnished,Ground,2,1,0,0,1,1,1,12376463.0
Bangalore,774.9918219162336,4,2,11.193700395516965,0,Semi Furnished,Ground,4,0,0,1,1,0,1,8672819.0
Jaipur,1017.0145376942318,4,1,6.258429242060821,1,Unfurnished,Ground,2,0,0,2,1,0,1,6587257.0
Kolkata,1093.915264136835,2,2,5.629589569580221,0,Fully Furnished,Ground,3,0,1,0,1,0,0,10489454.0
Bangalore,1168.330838243849,2,1,8.467808307163912,0,Fully Furnished,Mid,2,1,0,0,1,1,0,14961314.0
Kolkata,812.4253039798484,2,2,17.59095370395974,0,Semi Furnished,Mid,2,0,0,0,1,0,0,4715674.0
Lucknow,1601.7410017261438,2,3,1.3225310554631333,0,Unfurnished,Top,3,0,1,0,1,1,1,12236341.0
Chennai,794.5988574545204,4,2,18.598249218067654,2,Fully Furnished,Ground,2,1,0,0,1,0,1,7973695.0
Ahmedabad,1678.3338036249233,4,2,39.1041337022025,2,Semi Furnished,Ground,4,0,0,2,0,0,1,9633958.0
Kolkata,2618.4855385308147,2,2,21.6275315796753,1,Unfurnished,Ground,3,0,0,1,1,1,1,17114998.0
Lucknow,835.3204705329681,3,2,3.1919005522076933,1,Fully Furnished,Mid,4,1,0,2,1,1,0,6892193.0
Ahmedabad,1357.7448478303888,3,2,1.373198680488434,0,Unfurnished,Top,4,0,0,0,0,1,0,9656871.0
Jaipur,400.0,3,2,10.111360973475783,0,Semi Furnished,Mid,2,0,0,0,0,0,1,2376148.0
Chennai,1349.5323535149334,3,3,46.99256697673552,1,Semi Furnished,Ground,2,0,1,0,1,1,0,9987004.0
Pune,1821.3585763157419,4,3,25.64378784012626,1,Semi Furnished,Mid,3,0,0,1,0,0,1,15202703.0
Delhi,1860.3196156786335,2,2,12.408191217900864,0,Fully Furnished,Mid,2,0,0,0,0,1,0,23234991.0
Hyderabad,1538.6818651420483,2,2,2.3144352649064137,2,Semi Furnished,Mid,3,1,0,0,1,0,0,14042004.0
Ahmedabad,1944.631712379488,1,3,18.767894085412333,1,Unfurnished,Mid,2,0,0,1,0,0,1,10943167.0
Pune,2773.0272679713958,3,2,25.149558644415404,2,Fully Furnished,Ground,3,1,0,0,0,1,0,25012699.0
Pune,2356.1523437188,3,2,41.016483187061496,1,Semi Furnished,Ground,3,1,0,0,1,0,1,17887661.0
Ahmedabad,1238.7395352951817,3,3,14.205743352251892,1,Semi Furnished,Mid,3,0,0,0,1,1,1,9836378.0
Pune,774.4480067666307,3,2,10.837583715792046,0,Fully Furnished,Ground,1,0,1,0,1,1,0,8403957.0
Kolkata,1296.9242917130982,4,3,14.481507340200368,1,Semi Furnished,Mid,2,1,0,0,1,0,0,11123650.0
Pune,1026.5086171913258,3,2,43.03715637820393,2,Unfurnished,Top,2,1,0,1,0,1,0,8140050.0
Lucknow,1725.6737739323164,3,2,14.838046688635758,0,Fully Furnished,Top,3,1,0,0,0,0,0,12659041.0
Bangalore,909.403230285251,4,3,4.467841782663958,0,Unfurnished,Ground,4,0,0,1,1,0,0,9488564.0
Kolkata,1463.588783704829,4,2,15.16526180646914,0,Unfurnished,Ground,3,0,1,2,0,1,1,12293795.0
Pune,1919.007027268155,2,2,31.77205857580964,2,Semi Furnished,Ground,5,1,0,0,1,1,0,13681655.0
Jaipur,1449.6520635914114,3,1,12.555333539548133,0,Fully Furnished,Mid,1,0,0,0,0,0,0,10371043.0
Delhi,1026.8430886261017,4,2,10.47839184836129,2,Semi Furnished,Top,3,1,0,1,1,0,1,15858083.0
Chennai,2087.407028792846,2,1,19.82835802031511,0,Unfurnished,Top,4,0,0,1,1,1,1,15202411.0
Pune,560.5095276230863,3,2,16.225827367534293,2,Semi Furnished,Ground,2,1,0,1,1,1,0,5221315.0
Mumbai,1336.1024720612684,3,4,0.8753665044407355,1,Semi Furnished,Top,4,1,1,1,1,0,0,27605663.0
Delhi,1479.1699883093327,2,3,19.381743649518075,0,Unfurnished,Ground,3,0,0,1,1,1,1,13813790.0
Jaipur,1507.9543291998154,2,2,7.852317536379698,1,Semi Furnished,Ground,5,0,0,1,1,1,1,10395156.0
Lucknow,1590.2480280390405,3,3,42.42742878448133,2,Unfurnished,Top,2,1,1,0,0,0,1,8667060.0
Pune,1805.2199099047466,4,2,53.0053337706907,1,Fully Furnished,Top,3,0,0,2,0,1,0,16129682.0
Lucknow,1482.2962804773247,4,2,8.933198517682436,1,Unfurnished,Mid,2,0,0,0,0,0,0,8036257.0
Pune,1315.9708589281597,5,2,52.00758039878308,0,Fully Furnished,Ground,2,1,0,1,1,1,1,12815177.0
Hyderabad,1296.2053276701522,2,3,5.583803116550434,2,Unfurnished,Mid,4,1,0,1,1,0,1,12438746.0
Bangalore,1194.2420989808227,2,2,17.215986522740216,0,Unfurnished,Mid,3,0,0,1,1,0,1,11861033.0
Lucknow,1893.7716621634327,4,2,1.170310355464344,0,Semi Furnished,Top,3,1,0,0,0,0,1,14760313.0
Bangalore,1176.7357602617426,3,3,2.349620283694584,0,Fully Furnished,Top,4,1,0,1,0,0,1,20103527.0
Delhi,1923.3855545041222,3,1,29.984622275939657,0,Unfurnished,Top,3,0,0,0,0,1,1,17979908.0
Hyderabad,1509.4995411299356,2,1,33.63421338541155,1,Semi Furnished,Mid,5,0,0,2,1,1,1,9366492.0
Chennai,1239.3725965719352,2,2,11.408907034923967,1,Semi Furnished,Top,4,1,0,1,0,1,0,12601705.0
Kolkata,1809.2036078720676,3,2,6.227583155525726,1,Fully Furnished,Top,3,0,0,1,1,1,1,19793949.0
Bangalore,1136.2730376384409,2,2,8.995506449673169,0,Semi Furnished,Ground,5,0,0,1,1,0,1,12912352.0
Hyderabad,1819.0920203641065,5,2,30.560046709729917,0,Semi Furnished,Top,1,0,0,2,0,0,0,13360565.0
Bangalore,1606.3630605958924,2,2,3.5547093273354524,2,Unfurnished,Ground,1,1,0,1,0,1,1,19085926.0
Ahmedabad,1201.8376554540396,5,2,5.240601360491286,2,Fully Furnished,Mid,1,0,1,0,1,1,1,14955476.0
Jaipur,1764.3174076672794,4,2,23.087693028255003,1,Fully Furnished,Ground,4,0,0,0,1,1,0,11949554.0
Chennai,1773.2948628443194,3,4,41.06282919812898,1,Fully Furnished,Top,3,0,0,0,1,0,1,17866405.0
Jaipur,2078.7598029049786,3,2,1.4629908275874732,0,Fully Furnished,Ground,4,0,0,0,1,0,1,15473883.0
Pune,1983.0735062046479,3,3,24.427193493611583,2,Semi Furnished,Top,2,0,0,0,0,1,0,18654675.0
Bangalore,1745.6370103631414,2,3,15.537448828696682,2,Fully Furnished,Mid,1,1,0,2,0,0,1,25353086.0
Pune,936.2045243956184,3,2,3.935509084129171,0,Semi Furnished,Ground,3,1,1,1,1,1,0,11290211.0
Mumbai,2724.293494087028,3,2,21.147572102967175,1,Semi Furnished,Top,2,0,0,2,1,0,1,31655517.125
Bangalore,798.1918944640948,3,2,19.52467013590902,1,Semi Furnished,Top,4,0,0,0,0,1,1,7946091.0
Hyderabad,1974.6315871411546,3,3,2.297788882400916,0,Semi Furnished,Ground,3,0,0,0,0,0,0,15212473.0
Chennai,1715.6419084431493,3,2,10.464891906338796,1,Fully Furnished,Ground,4,0,0,0,0,0,0,14830842.0
Pune,912.9288137594427,3,1,21.300316477395462,1,Semi Furnished,Mid,3,1,0,0,0,0,0,7358733.0
Bangalore,1437.8495305607505,3,1,3.1894377009968276,1,Unfurnished,Top,3,1,0,1,1,1,1,18308868.0
Mumbai,1460.6235568776797,3,2,9.319823503128474,1,Unfurnished,Top,3,1,0,0,1,1,1,21815743.0
Jaipur,2152.791357905262,3,2,1.9301387025373495,2,Unfurnished,Ground,2,0,1,0,1,1,1,16258811.0
Hyderabad,1143.3445498598942,4,3,5.497306549669628,1,Unfurnished,Ground,4,0,0,2,0,1,1,9819749.0
Ahmedabad,1369.027496787823,3,2,3.6874512257063987,1,Semi Furnished,Mid,3,1,0,2,0,1,1,11963374.0
Bangalore,400.0,3,2,10.550118256367082,1,Unfurnished,Ground,2,1,0,0,1,0,1,3813613.0
Ahmedabad,2367.3813965617887,3,3,2.2835560385901954,0,Unfurnished,Ground,3,0,0,0,1,0,1,16988669.0
Delhi,964.7658784899644,3,3,7.246959315932634,1,Semi Furnished,Mid,3,1,0,1,0,0,0,15119407.0
Chennai,1663.4554321195874,3,2,4.827125188611813,2,Fully Furnished,Ground,5,1,0,0,0,0,0,18553796.0
Bangalore,1449.296085139068,1,2,20.559204091900263,0,Fully Furnished,Top,4,1,0,1,0,1,0,18460848.0
Lucknow,1450.99951660833,5,2,18.043089802474846,2,Fully Furnished,Top,2,0,0,1,1,1,1,13300889.0
Mumbai,1904.9309924354375,1,2,1.4961536314186066,1,Fully Furnished,Mid,2,1,0,1,0,0,1,30492069.0
Pune,2335.6312301518174,3,2,46.01934793734098,1,Semi Furnished,Mid,2,1,0,2,1,0,0,18646972.0
Lucknow,1625.746834970996,2,2,20.47873571652766,2,Semi Furnished,Mid,2,1,0,0,0,0,0,8486686.0
Delhi,1827.539008815263,2,1,14.35507753533088,1,Fully Furnished,Ground,3,1,0,2,1,0,0,26190024.0
Chennai,1664.4457683635205,4,3,9.742740082070796,0,Unfurnished,Ground,3,1,0,1,1,0,1,15787567.0
Jaipur,2008.7657119653131,3,1,2.938807646227306,1,Semi Furnished,Top,4,0,0,0,0,1,0,15111942.0
Hyderabad,1268.5418102568365,4,2,49.05884482033906,2,Unfurnished,Mid,5,1,0,0,0,0,0,8115922.0
Ahmedabad,2037.695277208207,2,4,0.11834124699476459,0,Unfurnished,Mid,3,0,0,1,1,1,1,14097287.0
Delhi,2055.249932823692,2,3,17.688282622793526,0,Unfurnished,Mid,3,1,0,0,1,0,0,21328736.0
Pune,2041.268504341455,2,2,10.622216672048058,0,Fully Furnished,Top,3,0,0,1,1,1,1,23878329.0
Hyderabad,1169.926066331762,3,1,34.93114727366936,1,Fully Furnished,Mid,3,0,0,0,1,0,0,8137672.0
Jaipur,1415.8311828814046,4,4,7.187416169255468,2,Fully Furnished,Top,1,0,1,2,0,0,1,15652434.0
Pune,1619.7334943902174,3,1,10.967235424273802,0,Unfurnished,Mid,2,1,0,1,1,1,0,14677651.0
Mumbai,814.5789775854971,3,3,20.341680488798392,2,Unfurnished,Top,4,0,0,1,1,1,1,11394236.0
Ahmedabad,2297.4601040430075,5,3,0.7310255426648413,2,Semi Furnished,Top,3,0,0,0,1,0,1,23570141.0
Lucknow,1493.861733248912,2,1,0.8402280766206334,2,Semi Furnished,Ground,3,0,0,0,1,0,0,9207358.0
Bangalore,1641.9639438023607,3,3,3.567629729726888,0,Fully Furnished,Top,4,0,0,1,0,0,0,24645408.0
Delhi,1211.4977801363984,3,4,2.374820688490296,1,Semi Furnished,Mid,1,1,0,2,1,1,0,20515465.0
Bangalore,836.5612203164886,2,2,0.09696475624604446,2,Unfurnished,Mid,3,1,0,1,0,1,1,10258443.0
Hyderabad,1197.9850572626146,2,2,14.632246422491797,0,Unfurnished,Top,2,1,0,0,1,0,0,9370630.0
Bangalore,1609.6020938167942,1,3,23.839968753948078,0,Unfurnished,Top,3,0,0,2,0,0,1,13314640.0
Lucknow,1836.7144063768467,4,2,47.238489190935596,2,Fully Furnished,Ground,2,0,0,2,1,0,0,11024209.0
Kolkata,1580.89577030136,3,3,8.721412487012026,1,Semi Furnished,Top,3,1,0,2,0,0,1,16821129.0
Hyderabad,1673.3620081209751,4,2,4.921742513253854,1,Unfurnished,Ground,2,0,0,1,0,0,0,12033608.0
Ahmedabad,1331.4868126593117,3,1,29.91575042971582,2,Fully Furnished,Mid,3,1,0,2,0,0,0,9282805.0
Pune,1748.1242831227141,3,2,27.906577087736014,1,Fully Furnished,Ground,4,1,0,0,0,1,1,14976981.0
Ahmedabad,2241.4164331929533,3,1,14.706168543241965,1,Semi Furnished,Top,2,0,0,2,0,1,1,17131817.0
Bangalore,1852.3947212194935,4,1,4.785507412118336,1,Unfurnished,Mid,2,1,0,1,0,1,0,22467430.0
Chennai,1904.77094412647,2,1,35.87412928868193,0,Fully Furnished,Top,4,0,0,2,1,1,0,15607575.0
Hyderabad,1647.0081996533156,3,2,2.947548709597885,1,Fully Furnished,Top,3,1,0,0,0,0,1,19651706.0
Pune,748.4224652001991,3,2,0.6694150232140268,1,Unfurnished,Mid,3,1,0,0,0,0,0,6996418.0
Jaipur,977.6667346843784,5,3,23.89006042234924,0,Fully Furnished,Ground,3,0,0,1,1,0,1,6786911.0
Mumbai,1727.4379003319216,5,3,12.439970545993624,2,Fully Furnished,Ground,2,0,0,2,0,1,1,31655517.125
Ahmedabad,1494.5304740199572,3,2,4.244753259569043,0,Semi Furnished,Ground,3,0,0,0,0,1,0,10880731.0
Ahmedabad,1719.921443236414,2,2,16.67070664033306,1,Semi Furnished,Ground,2,0,0,0,0,0,1,9340978.0
Hyderabad,2338.211708922037,2,2,21.832513933823293,1,Semi Furnished,Ground,4,0,1,1,0,1,0,17205088.0
Chennai,1863.017999614667,4,2,27.92107647087073,1,Semi Furnished,Ground,3,0,0,1,1,0,1,14397232.0
Bangalore,2129.4431028714107,3,2,4.971918525647371,1,Semi Furnished,Mid,2,0,0,1,0,0,0,26879338.0
Bangalore,1547.340694735365,2,3,0.3888075551012743,1,Unfurnished,Top,3,1,0,2,1,1,0,20443389.0
Hyderabad,1096.3921612577801,4,1,10.701436733407382,2,Fully Furnished,Mid,2,0,0,2,0,0,1,10590781.0
Ahmedabad,1471.0669203928294,2,3,29.077319231553655,1,Unfurnished,Top,1,1,1,1,0,0,0,9309269.0
Pune,1097.6240931404311,3,3,3.494524925141792,1,Unfurnished,Mid,3,0,1,0,1,0,0,11729425.0
Mumbai,2279.147478386224,3,2,8.200042972326997,2,Semi Furnished,Top,1,0,0,2,1,1,0,31655517.125
Hyderabad,1895.1955382677347,2,2,4.444198623797672,0,Unfurnished,Top,3,1,1,1,1,0,0,17637077.0
Pune,1760.2562483141398,3,2,0.20179102581912342,2,Fully Furnished,Mid,4,1,0,2,0,1,1,22797487.0
Pune,2117.9716011140517,2,2,34.31900868101502,1,Unfurnished,Ground,5,0,0,1,1,1,1,13848404.0
Jaipur,489.9717927383873,3,2,2.1763096156673694,1,Unfurnished,Top,4,0,0,1,0,0,1,3694019.0
Lucknow,1794.0689756713298,3,2,21.835767320750147,1,Semi Furnished,Mid,5,0,0,0,1,1,1,10422227.0
Kolkata,844.6771078478137,1,1,6.383560889138734,2,Unfurnished,Top,1,0,0,2,1,0,1,6093443.0
Mumbai,1496.3721507671694,5,2,4.879345015952325,0,Unfurnished,Ground,3,0,0,1,0,1,1,19517287.0
Delhi,1344.1462037663928,3,1,42.46061335134622,1,Semi Furnished,Top,2,0,1,1,0,0,0,14507883.0
Chennai,1830.8683060484739,2,2,16.059098925054464,1,Fully Furnished,Ground,2,1,0,1,0,0,0,16681232.0
Kolkata,1614.0936444804777,2,2,17.41957548674958,2,Semi Furnished,Top,3,1,1,1,1,0,1,15762148.0
Jaipur,2172.5585868058943,2,2,21.385068408486067,0,Semi Furnished,Ground,2,1,0,0,1,1,0,12522604.0
Mumbai,1199.0514195336932,5,2,6.253958854469349,0,Unfurnished,Top,2,0,0,0,0,0,0,16252395.0
Bangalore,1854.5571948166419,2,3,12.440156878325368,2,Semi Furnished,Ground,2,0,0,0,0,1,1,21613632.0
Kolkata,1581.111608449416,3,3,4.725251136020063,1,Semi Furnished,Top,1,0,0,0,0,0,0,14195431.0
Bangalore,682.3548649642237,4,2,26.985524466535157,0,Fully Furnished,Mid,2,1,0,0,1,1,0,7683328.0
Chennai,1040.6917707384837,3,2,13.718410162923487,0,Unfurnished,Top,2,0,0,1,0,0,0,9176029.0
Bangalore,1425.060983238916,3,3,4.183943832277664,1,Fully Furnished,Ground,2,1,0,2,0,1,1,23465603.0
Chennai,2056.1462249458637,4,2,34.502581048427835,1,Fully Furnished,Ground,4,0,0,2,1,1,1,17420324.0
Mumbai,1731.8615287785574,3,2,13.042538572945992,2,Semi Furnished,Top,2,0,0,1,1,1,0,27195770.0
Ahmedabad,916.2495880596429,2,3,10.248858810315118,0,Fully Furnished,Top,2,0,0,0,1,0,0,8782213.0
Chennai,1429.8418859764201,3,2,0.5264448008532021,2,Fully Furnished,Top,2,1,0,0,0,1,1,19497227.0
Pune,2508.903224396515,4,2,36.08622123483981,2,Semi Furnished,Ground,1,0,0,0,1,0,0,18886315.0
Delhi,1555.611667420429,3,4,45.634157952347834,1,Semi Furnished,Mid,2,0,0,2,0,1,0,16457196.0
Delhi,1336.3372124638022,3,2,12.403560504849116,0,Unfurnished,Mid,3,1,0,1,1,1,0,16500645.0
Hyderabad,1745.8698203781103,5,3,8.764750929098772,2,Semi Furnished,Mid,5,1,1,0,0,1,0,19861431.0
Delhi,1881.696539790985,3,2,6.684116236104588,0,Semi Furnished,Ground,3,0,1,1,1,0,1,23004666.0
Hyderabad,1271.9158262599703,2,2,4.68060475622898,1,Semi Furnished,Ground,4,0,0,1,0,0,0,10789967.0
Delhi,1751.2873871857184,2,2,12.818389235352916,1,Unfurnished,Mid,4,1,0,0,0,1,0,18275577.0
Chennai,1335.5552516645953,3,3,2.056123001480466,2,Fully Furnished,Mid,2,1,0,1,1,0,1,17397492.0
Pune,1859.663800914719,2,1,37.73177604236707,1,Semi Furnished,Ground,3,1,0,2,1,0,0,12703611.0
Ahmedabad,1584.8465789856418,5,2,2.9030201273075606,1,Unfurnished,Ground,4,1,1,0,1,0,0,12536763.0
Bangalore,1740.983913526446,3,3,20.52759833578236,2,Semi Furnished,Ground,2,0,0,0,0,1,1,17626236.0
Jaipur,1120.4082269162477,3,2,5.4984502240480495,2,Fully Furnished,Ground,4,0,0,0,1,1,0,9292012.0
Delhi,1089.3568079635704,3,1,3.844128618530868,1,Fully Furnished,Ground,5,1,0,0,1,0,1,16350702.0
Ahmedabad,1972.7486523296975,3,2,12.242241995786122,1,Semi Furnished,Ground,3,1,1,0,0,0,1,14869577.0
Ahmedabad,1460.301809307253,3,3,21.73052611550287,2,Semi Furnished,Mid,2,0,0,2,1,0,0,11081954.0
Chennai,1642.5173710496808,2,3,19.459790491077882,2,Unfurnished,Ground,2,1,1,2,0,1,1,15860173.0
Mumbai,1346.8022864567401,3,2,3.9938262007429812,1,Fully Furnished,Top,3,0,0,1,0,0,1,24741953.0
Mumbai,1949.363387006822,4,2,6.018414365128687,1,Semi Furnished,Ground,1,0,0,1,1,0,0,28327300.0
Delhi,1196.0950099851711,3,2,30.469165947321095,0,Semi Furnished,Ground,2,0,0,1,0,0,1,10977388.0
Jaipur,1432.1993800495586,3,2,19.269271564131458,1,Semi Furnished,Mid,1,0,0,0,0,1,1,8358499.0
Delhi,1892.9964063515658,2,2,18.70810649536441,2,Semi Furnished,Mid,3,1,0,0,1,1,0,25212356.0
Delhi,2086.483849582133,4,3,4.698179596853889,0,Unfurnished,Ground,3,1,0,1,0,0,0,27239662.0
Hyderabad,1238.1203544866582,4,4,23.55356864202782,1,Unfurnished,Ground,3,1,1,0,0,0,1,10231008.0
Pune,2479.8419909779414,3,3,6.657269382564137,1,Fully Furnished,Top,2,0,0,1,1,0,1,31655517.125
Pune,1656.620846846808,3,2,7.697187705032774,2,Fully Furnished,Mid,4,0,0,2,1,1,0,20871355.0
Jaipur,978.5358690956311,3,2,5.08591664195269,1,Unfurnished,Mid,3,1,0,1,1,0,1,6767801.0
Hyderabad,1684.526024294984,3,1,1.9412167039817814,1,Fully Furnished,Ground,3,0,0,2,1,1,1,18457001.0
Ahmedabad,1308.5003927582711,4,2,8.181089439823545,0,Unfurnished,Ground,3,0,0,1,1,1,0,8678669.0
Hyderabad,1717.0342435915884,2,2,0.2562692459622342,1,Semi Furnished,Top,3,1,0,1,1,0,0,19357059.0
Delhi,1478.571876169831,3,2,9.129615670268093,1,Semi Furnished,Top,4,0,0,0,1,0,0,19209468.0
Mumbai,1537.1368450950724,2,3,19.365113893107097,1,Unfurnished,Top,3,0,0,1,0,1,0,17574832.0
Kolkata,1044.203311706927,3,2,48.56515933484456,1,Semi Furnished,Top,3,0,0,1,0,1,1,7620283.0
Jaipur,1995.03061535818,3,3,1.2281293866739882,1,Semi Furnished,Top,4,1,0,2,0,0,1,19009040.0
Ahmedabad,921.936316424484,1,2,4.954474805558464,1,Unfurnished,Ground,2,1,0,1,0,0,1,5924775.0
Chennai,945.6175522975025,3,2,10.222164577796718,2,Semi Furnished,Ground,2,1,0,0,1,0,1,8889337.0
Kolkata,1683.6801745737434,2,2,2.801956433029436,2,Fully Furnished,Mid,3,0,0,2,0,1,1,17546409.0
Kolkata,2301.422123588985,3,2,1.8635384699748647,0,Semi Furnished,Mid,1,0,0,0,1,0,1,20085776.0
Hyderabad,1323.7034514677964,2,4,9.030909674688505,1,Fully Furnished,Mid,2,0,0,2,0,0,1,14432980.0
Bangalore,1850.486161351983,3,2,13.038621549650559,1,Unfurnished,Ground,3,0,0,1,0,1,1,17762086.0
Kolkata,2036.6700884317727,3,3,25.73929696310002,0,Fully Furnished,Mid,3,0,0,1,0,0,1,16885786.0
Delhi,1907.3422186470345,5,2,80.0,1,Semi Furnished,Mid,3,0,0,0,1,1,1,20472238.0
Lucknow,1344.3958554131593,4,2,22.326287093872214,1,Fully Furnished,Top,2,0,0,1,0,1,0,8876699.0
Mumbai,954.4766414029627,2,1,3.75272048735929,1,Semi Furnished,Top,2,1,1,0,1,0,0,16747695.0
Mumbai,400.0,1,3,20.67358749798428,0,Semi Furnished,Mid,1,1,0,0,1,0,0,4498520.0
Lucknow,1368.5797502688033,3,1,11.555401229091299,1,Fully Furnished,Top,4,0,1,0,0,1,1,11374860.0
Pune,2089.0436842810873,3,4,8.989650614569161,0,Semi Furnished,Mid,2,1,0,1,0,1,1,24622481.0
Delhi,937.9170076190329,1,2,41.1695832905415,1,Fully Furnished,Top,2,0,0,1,0,1,1,10917528.0
Chennai,1850.1049237593827,2,2,18.164588026702578,2,Semi Furnished,Ground,1,1,0,0,0,0,1,15025930.0
Kolkata,1024.9237349740638,3,2,17.17108776227371,1,Unfurnished,Ground,5,0,0,1,0,0,0,5929844.0
Pune,1553.036288193419,4,1,0.17738418705004047,1,Unfurnished,Ground,3,0,0,0,1,0,0,14950166.0
Delhi,1853.8958070775088,4,1,30.04515309884036,0,Fully Furnished,Mid,1,0,0,1,0,0,0,18318472.0
Hyderabad,1170.252281580786,2,3,23.64733682961668,1,Fully Furnished,Mid,2,0,0,1,0,0,0,9226574.0
Mumbai,1585.242340348457,3,2,5.327467234559482,1,Unfurnished,Mid,4,0,1,0,0,1,1,21822490.0
Pune,1292.4543316373356,1,2,5.182070779139656,0,Unfurnished,Top,2,1,0,2,0,1,1,12014294.0
Jaipur,1852.5743294690883,3,2,0.8244232667821014,1,Unfurnished,Mid,3,0,1,0,0,1,0,13857201.0
Kolkata,1617.6585842423185,4,1,0.7829279946542358,0,Unfurnished,Mid,3,0,0,1,1,0,0,12790272.0
Kolkata,1528.2538372146337,4,2,16.566189277335944,1,Semi Furnished,Ground,3,0,0,1,0,0,1,11384073.0
Chennai,2279.1749800709886,3,2,3.0913029501310723,1,Fully Furnished,Mid,4,0,0,2,0,1,1,24260077.0
Bangalore,1831.153071184151,2,3,38.566353329018355,2,Fully Furnished,Top,1,0,0,0,0,0,1,20404388.0
Jaipur,1154.8240669368554,3,2,27.71584797837156,0,Unfurnished,Ground,4,0,0,1,1,0,1,5967502.0
Kolkata,1457.0680496011191,4,3,6.436038702760027,0,Fully Furnished,Ground,3,1,0,2,0,1,0,14193893.0
Ahmedabad,1462.0506074601697,2,1,7.172195617431628,2,Fully Furnished,Top,4,1,0,1,0,1,1,13833390.0
Jaipur,1540.159786312606,3,1,5.9463145675860085,0,Semi Furnished,Mid,1,1,0,0,1,0,0,9769391.0
Kolkata,2762.2546383037475,3,2,1.4541888211712304,1,Semi Furnished,Ground,1,0,0,0,1,1,0,23820764.0
Lucknow,1685.4259463554984,3,3,0.4790202719447334,1,Fully Furnished,Ground,2,1,0,1,1,1,1,16202484.0
Jaipur,482.048714947612,4,3,9.025845168483606,1,Semi Furnished,Mid,3,1,0,1,1,1,1,4005999.0
Delhi,1228.6005141415176,3,1,42.98112032870542,1,Unfurnished,Top,1,0,0,0,0,1,0,11347894.0
Jaipur,533.8139562520957,3,1,37.378845857023556,1,Fully Furnished,Mid,4,1,0,1,1,1,1,3514060.0
Chennai,1335.10087147708,3,3,24.898242537748573,0,Semi Furnished,Top,3,0,0,0,1,1,1,11676142.0
Hyderabad,506.3448851367858,4,3,14.85692958332958,2,Semi Furnished,Mid,4,0,0,1,0,0,1,4403598.0
Hyderabad,1064.204764465786,4,3,29.0923149641189,1,Fully Furnished,Ground,3,0,1,0,0,0,1,8786306.0
Hyderabad,739.6392351829401,4,2,10.85621507547071,1,Fully Furnished,Mid,3,0,0,0,1,1,1,7345009.0
Delhi,1692.0800889837387,2,2,2.979693629486655,1,Unfurnished,Mid,2,1,0,2,0,0,0,20128214.0
Pune,1500.2696813144394,4,3,17.28828429046386,2,Semi Furnished,Ground,4,0,0,1,0,0,1,14320565.0
Hyderabad,1651.4811537493656,3,2,38.00755300520167,2,Fully Furnished,Ground,3,0,0,1,1,0,0,13061245.0
Mumbai,1447.7243057157368,1,2,0.29699739980944856,1,Semi Furnished,Top,3,0,0,1,0,0,1,21703537.0
Delhi,802.8511248977911,2,2,4.344139970499711,1,Semi Furnished,Top,4,0,0,1,0,0,0,10856526.0
Pune,1756.7606846273677,3,2,4.627217042321941,1,Semi Furnished,Mid,4,0,0,1,1,0,1,19306508.0
Mumbai,2461.1122801347265,3,4,1.5644085806040497,2,Semi Furnished,Mid,1,1,0,0,1,1,1,31655517.125
Mumbai,1704.6062893032733,4,3,3.8329523711927287,0,Fully Furnished,Ground,4,1,0,0,1,0,0,31655517.125
Mumbai,1287.037700341217,3,2,7.267188323583051,1,Fully Furnished,Ground,2,0,0,2,1,0,1,21848671.0
Ahmedabad,785.9664119472775,1,1,42.16007328755296,1,Unfurnished,Mid,3,0,0,0,1,1,0,3368736.0
Chennai,1045.9665146200173,3,3,29.520195171453587,1,Fully Furnished,Mid,1,0,0,1,1,1,1,9869552.0
Chennai,1726.5198282860295,2,2,43.78329754775724,0,Semi Furnished,Mid,4,0,0,2,1,1,0,11552305.0
Delhi,2036.5590133996875,3,2,1.9272499344279095,0,Unfurnished,Top,3,0,0,2,0,1,1,29246658.0
Mumbai,1630.4330873609879,3,2,0.4267400009641678,1,Fully Furnished,Mid,4,0,1,0,1,0,0,31655517.125
Lucknow,1899.9436448529918,4,2,1.746038233939581,0,Fully Furnished,Ground,4,1,0,2,0,0,0,14388710.0
Jaipur,1853.8391220136214,3,1,36.85277279200507,0,Unfurnished,Mid,4,0,0,0,1,0,1,9061871.0
Pune,1753.267195692959,4,2,2.570521971432054,1,Fully Furnished,Ground,4,1,1,0,1,1,0,26618063.0
Chennai,1170.763202369372,4,1,12.751812348037701,2,Fully Furnished,Ground,4,0,0,1,1,1,0,11204150.0
Hyderabad,1586.9617559875762,3,3,3.8734485532026075,1,Fully Furnished,Top,2,0,1,1,0,1,0,19981618.0
Delhi,1075.8110980589308,3,3,0.3127696558089881,1,Semi Furnished,Ground,1,1,0,0,1,0,1,15478933.0
Pune,1508.714476479051,3,3,1.3262619838232341,0,Unfurnished,Top,3,0,1,0,1,0,1,17295812.0
Delhi,1665.431765533456,1,2,18.557620200397167,2,Unfurnished,Mid,2,0,0,1,1,0,0,17516498.0
Lucknow,2339.3919036934276,4,2,3.0201154215177684,0,Semi Furnished,Ground,4,0,0,0,1,0,1,14250899.0
Ahmedabad,845.1340128161839,4,3,3.903712102719617,1,Unfurnished,Mid,4,0,0,0,0,0,1,6349366.0
Ahmedabad,1740.7538154956528,2,3,7.10430845688394,0,Fully Furnished,Mid,2,1,1,1,1,1,0,18828588.0
Mumbai,2240.6182958117975,5,2,16.060940053175926,1,Semi Furnished,Ground,2,0,0,1,1,0,0,31264247.0
Ahmedabad,1879.4238829193982,2,2,9.50542213167567,1,Semi Furnished,Mid,3,1,0,1,0,1,1,15030739.0
Delhi,1916.4727214125207,4,2,43.40040159679676,2,Semi Furnished,Ground,3,1,0,1,0,0,1,18748472.0
Hyderabad,1793.8474509339062,3,2,8.542247165451279,0,Unfurnished,Ground,3,0,1,0,0,1,0,15140074.0
Mumbai,2149.1672448877084,4,2,3.330866868179046,2,Semi Furnished,Mid,2,1,1,0,0,1,0,31655517.125
Kolkata,956.260915943816,3,4,11.522679265549982,1,Semi Furnished,Ground,2,1,0,1,0,0,1,8062421.0
Pune,807.0366670148768,3,2,8.991836884238614,1,Semi Furnished,Top,3,0,0,0,0,1,0,8188178.0
Lucknow,1496.832929767372,2,2,23.206692014465155,1,Unfurnished,Top,3,1,0,0,0,0,1,7744228.0
Mumbai,419.4189482141451,2,4,41.02852253619558,1,Unfurnished,Mid,2,0,0,1,1,0,0,4347853.0
Delhi,2115.3229020890058,2,2,27.14535966550751,1,Unfurnished,Ground,2,0,0,2,0,0,1,18870079.0
Pune,2110.357597747721,4,3,7.39085007254391,0,Semi Furnished,Mid,3,1,0,0,0,0,1,21884955.0
Hyderabad,1283.324722457737,2,1,3.652415771541217,2,Fully Furnished,Mid,3,0,0,0,1,1,0,12126522.0
Bangalore,1314.614701669745,3,4,36.886642796397425,1,Unfurnished,Ground,4,0,1,0,0,1,0,12128735.0
Lucknow,1463.8262624246643,4,2,7.314931021549273,2,Fully Furnished,Mid,3,0,0,1,0,1,1,11447629.0
Delhi,1526.0103252198098,4,4,22.058621049737077,1,Fully Furnished,Ground,5,1,0,1,1,1,0,22346119.0
Lucknow,1563.5869595971426,2,2,68.38481014448132,1,Unfurnished,Ground,2,0,0,0,0,0,1,6503428.0
Chennai,1779.1160534391515,4,2,12.92145264500968,0,Unfurnished,Mid,3,1,0,1,0,0,1,14139557.0
Bangalore,1413.686823495761,2,2,9.805449379515158,1,Fully Furnished,Top,4,1,0,2,1,1,0,19973943.0
Pune,1971.596651738897,3,2,18.053132579980982,1,Unfurnished,Top,3,0,0,1,0,0,1,16915623.0
Ahmedabad,1722.9738885626516,3,2,3.23378862552452,1,Fully Furnished,Top,2,1,0,1,1,0,1,18336730.0
Delhi,1196.5182770636823,1,4,10.048485051633742,0,Fully Furnished,Ground,2,1,1,0,0,0,0,17217403.0
Lucknow,2167.5563339020487,2,2,5.616709623911204,1,Semi Furnished,Mid,3,0,1,1,0,0,1,16192847.0
Pune,820.8715069387565,3,3,2.6909891344598535,0,Fully Furnished,Ground,3,0,0,2,1,1,1,9472557.0
Ahmedabad,1453.9170945892618,3,1,14.129380903307364,0,Semi Furnished,Mid,2,0,0,1,1,0,0,9659483.0
Hyderabad,1983.4587005377339,4,3,12.859933038366778,0,Semi Furnished,Ground,2,0,0,0,1,1,0,15263516.0
Hyderabad,1138.4634475439277,3,2,21.48215957814077,1,Unfurnished,Mid,4,1,0,2,0,0,1,8546232.0
Lucknow,1654.7778233835757,4,4,30.94999466991969,1,Unfurnished,Top,4,0,0,0,0,0,0,8248390.0
Mumbai,1771.669798499524,3,2,3.7341526331106327,2,Fully Furnished,Top,2,0,0,1,0,0,1,31655517.125
Chennai,1069.7380660093804,5,2,22.691655954305066,1,Unfurnished,Top,4,0,0,0,1,1,0,9379116.0
Mumbai,1463.7611402029825,3,2,6.868402662513378,1,Unfurnished,Top,3,0,0,1,0,0,0,21200470.0
Chennai,1421.7480848953949,4,3,14.865440538334253,1,Unfurnished,Mid,3,0,0,0,1,0,1,12168355.0
Delhi,1224.1310740838535,2,3,28.48082175779661,1,Unfurnished,Mid,2,0,0,2,1,0,1,10634892.0
Kolkata,2650.8374260253872,3,3,4.439446289634611,1,Fully Furnished,Top,3,0,0,2,1,0,1,28649726.0
Lucknow,1118.4468232772622,2,1,13.780452511988454,1,Semi Furnished,Mid,4,1,0,1,1,0,0,6708679.0
Jaipur,2002.4651470339415,2,2,9.81809821336824,0,Semi Furnished,Ground,1,0,0,2,0,1,1,13251930.0
Lucknow,1303.599491559429,3,3,23.451008252722506,0,Semi Furnished,Mid,3,0,0,0,1,1,1,6598570.0
Bangalore,956.6819055573591,3,1,17.92228735324497,0,Unfurnished,Mid,4,1,0,1,1,0,0,7983104.0
Ahmedabad,1551.4071215775346,1,1,22.021148045565763,0,Unfurnished,Ground,5,0,0,2,0,0,1,8015761.0
Bangalore,1824.5466921937505,3,3,5.093962449107011,1,Fully Furnished,Top,1,1,0,1,1,1,0,31083579.0
Hyderabad,1960.2547875328394,3,2,18.279003688938214,1,Semi Furnished,Ground,4,0,0,1,0,1,1,13692886.0
Chennai,2281.1325553275346,2,3,13.963676791478914,1,Fully Furnished,Top,2,1,0,1,1,0,1,24695689.0
Ahmedabad,2858.437593116735,3,2,9.150864800952236,0,Semi Furnished,Ground,3,0,0,0,1,1,1,20477613.0
Hyderabad,1625.2571018777985,3,4,7.130518437311057,1,Fully Furnished,Top,4,1,0,1,0,1,0,19040858.0
Ahmedabad,1168.453913087306,2,3,6.043027925013826,0,Fully Furnished,Ground,3,1,0,0,0,1,0,9159546.0
Mumbai,1726.4371633974456,4,3,0.14582192942263936,0,Fully Furnished,Mid,2,1,0,1,1,1,1,31655517.125
Hyderabad,1366.8935247967543,3,2,2.786967805298859,1,Semi Furnished,Ground,3,0,0,2,0,1,1,12599178.0
Mumbai,1962.9830649261148,4,2,0.911834787162383,1,Unfurnished,Ground,2,1,0,0,1,0,0,29122804.0
Mumbai,851.4178518171391,2,3,28.29344674761426,1,Semi Furnished,Top,2,1,1,1,1,1,1,13065106.0
Ahmedabad,2684.1672712002187,4,2,29.50121769923443,0,Unfurnished,Top,3,1,0,2,1,1,1,17214581.0
Pune,1928.0240473877564,2,3,28.08088347497937,2,Fully Furnished,Mid,5,0,0,0,0,0,1,18098076.0
Bangalore,657.9979911019177,3,2,25.549617507816706,2,Semi Furnished,Ground,3,0,0,1,1,1,0,6578725.0
Hyderabad,1145.485548842514,2,1,3.7525278799320203,1,Unfurnished,Mid,2,0,0,2,1,0,1,9481340.0
Jaipur,1908.0405220569694,4,2,10.15279505469761,2,Semi Furnished,Top,4,0,0,1,1,1,1,15875143.0
Pune,2088.172028085727,3,2,35.76405017023018,0,Semi Furnished,Ground,2,1,0,1,1,0,1,16073085.0
Bangalore,863.8811863840183,1,3,21.39311365850692,1,Semi Furnished,Mid,2,0,0,2,0,0,1,8489388.0
Hyderabad,1856.5129252164745,1,3,0.027329170320861886,2,Fully Furnished,Mid,3,1,0,2,0,1,1,22221840.0
Chennai,526.3300636690384,2,1,9.226872109313145,1,Unfurnished,Top,3,0,0,1,1,0,1,4678173.0
Bangalore,1455.332067264477,2,2,0.16091301074391692,1,Fully Furnished,Ground,3,0,0,1,0,0,1,19306571.0
Jaipur,2056.0234210516032,3,3,4.941339142643845,0,Unfurnished,Top,3,1,0,0,0,1,1,15454447.0
Lucknow,1224.2421349485098,3,3,8.584198690004097,0,Fully Furnished,Top,3,0,0,2,0,1,1,10693803.0
Delhi,746.5388504309932,4,2,33.50978545466529,0,Semi Furnished,Ground,3,0,0,0,1,0,1,6606787.0
Mumbai,1573.1073981887796,5,2,15.936416534631114,1,Fully Furnished,Ground,1,0,0,0,0,1,0,25773679.0
Delhi,1197.640566682261,3,3,6.7526518686962085,1,Semi Furnished,Top,4,0,0,0,1,1,0,17838483.0
Pune,1814.779183032918,1,2,10.119442513683337,0,Unfurnished,Top,1,1,0,0,0,0,1,14468412.0
Lucknow,1057.3367838909699,3,3,25.505996209376086,1,Unfurnished,Ground,3,1,0,2,1,0,0,5799827.0
Mumbai,1113.6815551734499,3,3,5.342745954983207,1,Semi Furnished,Mid,2,1,0,2,0,1,1,19354726.0
Hyderabad,489.4988395618782,3,3,14.319034119999333,1,Semi Furnished,Mid,2,1,0,1,0,1,1,4553296.0
Pune,1584.9723555257415,3,4,4.562190620444907,2,Fully Furnished,Ground,2,1,0,0,0,0,1,19676729.0
Jaipur,1419.5475308617006,5,3,9.807842352706366,1,Fully Furnished,Ground,2,0,0,2,1,1,1,13586875.0
Ahmedabad,905.8076646299645,4,1,0.3745142482741457,1,Fully Furnished,Ground,5,1,0,2,1,1,0,9514899.0
Hyderabad,1596.899356883546,2,2,28.686075067485028,1,Unfurnished,Mid,5,0,0,2,1,0,1,9711170.0
Bangalore,2013.5351503220695,2,1,0.7433509649176258,0,Semi Furnished,Ground,3,0,0,0,1,1,1,20833181.0
Ahmedabad,1392.2160282905252,4,2,3.8110114258286383,1,Unfurnished,Top,3,0,0,1,1,0,1,12097490.0
Pune,1634.0834749109868,4,1,6.085994436242139,1,Semi Furnished,Ground,1,0,0,1,1,1,1,15936685.0
Bangalore,1636.655624792582,2,2,14.718884850719176,1,Semi Furnished,Ground,4,0,0,1,0,0,0,16111992.0
Jaipur,897.8350864105198,3,1,19.096278043003114,0,Unfurnished,Top,2,0,0,1,0,0,0,4912621.0
Delhi,2528.292910353798,3,2,1.2580798876674875,0,Fully Furnished,Ground,2,1,0,0,0,1,1,31655517.125
Bangalore,1264.575084938858,3,3,0.6665761049117848,1,Fully Furnished,Top,3,0,1,2,0,1,1,22078537.0
Delhi,1828.0581009301354,2,3,24.06600085367941,1,Unfurnished,Mid,2,0,0,1,0,0,0,17057290.0
Mumbai,1884.6076386145248,4,3,18.680598132234767,2,Semi Furnished,Mid,1,1,0,0,1,0,0,27976272.0
Chennai,1430.202436442124,3,2,26.71677618236028,2,Unfurnished,Ground,2,0,0,1,1,0,0,8742036.0
Kolkata,1803.3975125298173,2,2,16.930116854912594,1,Fully Furnished,Mid,5,1,0,0,1,1,0,14787458.0
Hyderabad,1622.9096109081945,3,2,20.855274934086463,2,Semi Furnished,Ground,3,0,0,0,1,1,1,12189328.0
Kolkata,791.1801213862971,3,2,7.147290111125815,1,Unfurnished,Ground,3,0,0,0,0,0,1,5428711.0
Mumbai,1333.863649374956,4,2,13.380716734589992,1,Fully Furnished,Top,2,1,0,1,0,1,1,25098862.0
Bangalore,1193.7245488229692,2,1,24.551546429367043,1,Semi Furnished,Top,3,0,0,1,1,1,1,11395422.0
Mumbai,1269.1274793269365,5,2,2.8332612665853594,0,Unfurnished,Ground,3,1,1,0,0,1,1,18508579.0
Kolkata,847.9984110816811,2,3,8.24409348817215,1,Unfurnished,Mid,4,0,0,1,1,1,1,6419287.0
Kolkata,2063.216858373015,3,3,20.23438723995269,0,Fully Furnished,Ground,4,1,0,0,1,0,1,17833256.0
Hyderabad,2300.9963273067065,3,2,11.409721575755075,2,Unfurnished,Mid,2,1,0,1,0,0,1,20464655.0
Ahmedabad,1989.0014879992043,3,2,17.169409258514364,1,Unfurnished,Top,2,1,1,2,1,1,0,17117486.0
Lucknow,2135.2646120735717,3,2,5.19809425939267,0,Unfurnished,Mid,3,0,0,0,1,1,0,12321097.0
Mumbai,1327.682581495922,4,1,0.4931553948006916,2,Unfurnished,Ground,4,1,0,2,0,1,1,21997480.0
Chennai,1181.8715825069817,3,4,0.44368433387443856,2,Fully Furnished,Mid,3,1,0,0,0,0,0,14121951.0
Lucknow,1110.7064765941443,3,3,42.91308529641888,2,Semi Furnished,Mid,3,1,0,1,1,0,0,6357545.0
Mumbai,1822.0324614786114,2,1,43.38141048104998,1,Semi Furnished,Ground,2,0,0,2,1,0,1,18420848.0
Jaipur,1613.5315265720749,1,2,3.5602030124182646,1,Unfurnished,Top,4,0,0,1,0,1,1,10573077.0
Pune,1461.389144200787,2,2,2.3931268009618334,1,Fully Furnished,Ground,3,1,1,0,0,0,1,17809649.0
Pune,2147.5742720976714,5,2,0.27459566710242467,0,Unfurnished,Top,2,0,0,0,1,0,1,24034997.0
Kolkata,1702.4706769076715,4,3,3.944975680278872,0,Unfurnished,Mid,3,0,0,0,0,1,0,12602433.0
Pune,1080.6711812397075,5,3,6.104901557101367,1,Unfurnished,Top,3,0,0,0,0,0,1,12702609.0
Delhi,1159.5455854321526,1,2,4.141098421587178,1,Unfurnished,Mid,2,0,0,2,1,0,1,13616720.0
Chennai,1840.9966496270727,3,1,23.946651141194735,1,Semi Furnished,Top,2,1,0,0,1,0,1,16855538.0
Pune,2020.8664263272985,1,3,20.760284234048143,0,Unfurnished,Ground,2,0,0,1,1,1,1,14002336.0
Bangalore,1775.8401161279849,4,2,1.2672682219984084,0,Unfurnished,Mid,5,0,1,0,1,0,0,23764628.0
Delhi,2448.4443739360404,3,2,17.926266750727844,1,Unfurnished,Ground,1,0,0,1,1,1,1,26121629.0
Lucknow,2317.503582865709,2,2,11.027833776468846,0,Semi Furnished,Ground,1,1,0,2,1,0,1,14798772.0
Delhi,1720.5179174253815,3,1,2.1263242413909103,0,Fully Furnished,Top,2,0,0,0,1,0,1,25874342.0
Mumbai,1080.709670259249,2,3,20.179326549132686,1,Fully Furnished,Ground,3,0,0,0,0,0,0,13168538.0
Kolkata,845.0062441341162,3,2,1.349618418882754,0,Fully Furnished,Top,2,1,0,1,0,0,0,9812802.0
Hyderabad,1306.3091274926426,3,2,2.924732461225587,2,Fully Furnished,Top,4,1,0,1,0,1,1,14198923.0
Hyderabad,1876.6067232080784,3,1,2.424139824214891,1,Fully Furnished,Mid,2,0,0,1,0,0,1,17992342.0
Jaipur,2413.323539655969,5,2,41.96143761132264,1,Unfurnished,Ground,2,1,0,0,1,0,0,13403737.0
Chennai,1708.7235172054,3,3,17.96767442965088,0,Unfurnished,Ground,3,1,0,0,1,0,0,13329360.0
Mumbai,2084.3613971156183,3,2,7.947219925437982,1,Fully Furnished,Ground,2,0,0,0,0,1,0,31655517.125
Hyderabad,1377.346256906099,4,3,25.906789526717347,1,Semi Furnished,Ground,2,1,1,2,1,0,1,12338217.0
Kolkata,1811.384562613775,3,2,3.6494172960509066,2,Unfurnished,Top,4,0,0,1,0,1,1,16311442.0
Lucknow,1911.6784147385863,1,2,40.12502338806928,1,Fully Furnished,Top,3,1,0,1,0,1,1,11363679.0
Hyderabad,510.2028620737359,4,3,17.91020447293047,1,Semi Furnished,Ground,4,0,0,0,0,0,1,3886885.0
Bangalore,1293.2805988117448,2,3,12.300418760287853,0,Fully Furnished,Top,2,0,1,1,0,0,1,17974470.0
Delhi,1974.8501921389347,2,2,23.745478263075395,1,Semi Furnished,Top,3,0,0,2,0,0,1,22129301.0
Hyderabad,1637.2341678182825,2,1,15.525310890187283,0,Fully Furnished,Ground,4,1,0,0,0,1,1,13056569.0
Mumbai,901.7424759245334,2,1,32.72002445461909,0,Unfurnished,Top,3,0,0,0,0,0,0,8219199.0
Pune,400.0,1,3,26.504773052856052,1,Fully Furnished,Ground,3,1,0,1,0,1,0,3756944.0
Pune,1317.1096273489968,2,1,3.3065302964503775,0,Fully Furnished,Mid,4,0,0,2,1,0,1,14224069.0
Lucknow,1464.2071535530604,3,1,4.109918637190936,1,Fully Furnished,Top,2,1,0,1,0,0,1,13277272.0
Pune,1058.0385250858274,2,2,1.0096941146621485,2,Fully Furnished,Mid,2,0,0,1,0,1,0,12506170.0
Lucknow,1571.5424685139972,2,2,3.7307462075783566,1,Fully Furnished,Mid,4,0,0,1,1,1,0,12319505.0
Mumbai,1753.1933736164474,3,3,6.312234361968559,1,Semi Furnished,Mid,2,1,1,2,1,1,0,31655517.125
Chennai,1835.3435853631163,2,2,0.4387653815602861,0,Unfurnished,Top,3,0,0,1,1,1,1,16995601.0
Pune,400.0,1,2,5.674226477247762,1,Unfurnished,Ground,3,1,1,1,1,0,0,3847207.0
Jaipur,842.85745109594,3,1,22.146295628817832,1,Unfurnished,Ground,3,0,1,1,0,1,0,4540013.0
Kolkata,1347.6886758226321,3,2,27.519465754525108,1,Semi Furnished,Mid,3,1,0,1,1,0,0,9093307.0
Delhi,1786.0865655187317,3,2,0.13369338099341804,1,Fully Furnished,Mid,3,0,0,1,1,1,1,27339077.0
Pune,1744.6170067750177,3,2,0.1075905104085166,1,Unfurnished,Mid,4,1,0,2,1,0,0,18297314.0
Lucknow,1735.9349739383379,3,2,2.3727564210664696,0,Semi Furnished,Mid,2,0,1,1,0,0,0,12348719.0
Mumbai,1308.2910290155341,3,3,30.903652425266678,1,Fully Furnished,Top,4,0,1,0,1,0,0,20611518.0
Pune,1336.1832813450196,4,3,9.502755475048668,2,Unfurnished,Top,3,0,0,0,1,1,0,13906516.0
Hyderabad,1135.8353657891296,3,2,61.031973542653986,0,Semi Furnished,Mid,3,1,0,1,1,0,0,7631536.0
Pune,1884.097064052924,3,1,32.74957644405452,1,Semi Furnished,Top,2,0,0,2,0,0,0,14387586.0
Lucknow,1039.755606130211,2,2,33.126603898188215,1,Unfurnished,Mid,1,0,0,0,0,0,1,3948275.0
Bangalore,1925.0181975947849,4,2,2.0626855691509105,1,Fully Furnished,Ground,4,1,1,0,0,0,1,29535824.0
Bangalore,1603.9266190688231,2,3,9.6719095122449,1,Semi Furnished,Mid,2,1,0,1,1,0,0,18278465.0
Pune,1477.4777607724232,3,4,75.74983796594891,2,Semi Furnished,Top,2,0,0,0,0,1,0,12675410.0
Delhi,1171.6448001117667,3,2,2.4209268932033745,1,Fully Furnished,Ground,1,1,0,1,1,1,1,18575682.0
Mumbai,822.2290694179368,3,2,12.80796144172689,1,Semi Furnished,Top,3,0,0,2,0,0,0,12799858.0
Jaipur,1176.1736218109772,4,3,6.3303209722800675,1,Fully Furnished,Top,3,1,0,1,1,0,1,11763201.0
Jaipur,1334.9965656875568,4,2,7.361868389674586,2,Unfurnished,Top,4,0,1,1,0,0,1,11431921.0
Pune,400.0,2,2,33.21758360564236,2,Fully Furnished,Ground,4,0,0,2,0,1,0,3184700.0
Pune,1401.3224223326679,2,2,13.297432125707958,2,Semi Furnished,Mid,3,1,0,1,0,0,1,14003640.0
Bangalore,1962.1786840130028,4,2,21.330463962205812,0,Fully Furnished,Ground,2,1,0,1,0,0,1,21094693.0
Lucknow,1783.6089527169363,3,1,16.777682655441467,0,Fully Furnished,Ground,2,0,0,0,0,0,0,9405782.0
Delhi,1251.8970621292463,3,2,11.293957482489855,1,Fully Furnished,Top,2,0,0,1,0,0,1,18818670.0
Pune,1523.4681492076138,3,2,23.5324454229047,0,Fully Furnished,Ground,2,0,0,0,0,0,0,12587622.0
Jaipur,1221.9177152890002,3,3,52.969371940305386,1,Semi Furnished,Ground,4,1,0,0,0,0,1,6827965.0
Mumbai,1574.380366667848,5,3,51.086918267178376,0,Unfurnished,Top,4,1,0,0,0,0,0,18026264.0
Chennai,2270.0539118720158,3,4,23.37062442103063,1,Unfurnished,Mid,2,1,0,0,1,0,1,18932693.0
Hyderabad,1984.249401312438,3,1,10.02183658839732,1,Fully Furnished,Ground,4,0,0,1,1,1,1,17048993.0
Pune,1760.3971528463765,3,2,2.671817128958241,1,Unfurnished,Top,4,0,0,2,1,0,1,20999305.0
Lucknow,1253.557543808141,4,2,0.6823447691974373,0,Semi Furnished,Mid,4,0,0,0,1,0,0,8074140.0
Pune,1874.9691964724193,3,3,3.9486466412149723,2,Semi Furnished,Mid,2,1,0,1,0,0,1,21647320.0
Lucknow,656.5615243134735,3,2,6.238596433011448,1,Unfurnished,Mid,2,0,0,1,1,1,1,3989536.0
Delhi,1373.8232590045548,5,1,2.0863384050697764,1,Unfurnished,Mid,3,0,0,0,1,1,0,18494284.0
Chennai,1791.8557099119748,3,2,3.818842424453212,1,Semi Furnished,Ground,2,0,0,0,1,0,1,16031243.0
Kolkata,1870.2106070238756,3,4,1.3086422948252723,1,Fully Furnished,Ground,3,0,0,0,0,0,0,16486896.0
Mumbai,1834.9422451078706,3,3,11.124885371943282,1,Fully Furnished,Top,1,0,0,1,1,0,0,31655143.0
Mumbai,1647.4153446048472,3,2,2.0255854911194873,0,Semi Furnished,Ground,4,0,1,0,0,1,0,24803505.0
Lucknow,1402.1375104580586,1,3,20.36668989623963,2,Unfurnished,Ground,2,0,0,0,0,0,1,5856175.0
Bangalore,1768.9879849132444,3,1,6.066604509283651,1,Unfurnished,Ground,3,0,0,1,1,1,0,18821852.0
Lucknow,1023.5694797068497,3,2,16.723993361143645,1,Unfurnished,Mid,4,1,0,1,0,1,1,6382208.0
Bangalore,1077.661368353375,3,3,32.12223546027408,0,Unfurnished,Ground,4,0,0,1,1,0,0,9200914.0
Ahmedabad,1530.8673382301483,4,2,1.3491421012138052,1,Unfurnished,Top,4,0,0,1,0,0,1,12042674.0
Jaipur,1586.5988213543737,3,2,67.64897387579443,0,Unfurnished,Ground,3,0,0,1,0,1,1,6495537.0
Mumbai,587.1924107176768,5,3,15.544847940079329,1,Unfurnished,Mid,3,0,0,1,1,1,1,8253883.0
Delhi,1727.5731904747593,2,2,0.822640138943452,2,Unfurnished,Top,3,0,0,0,0,0,0,22309751.0
Lucknow,1886.3641889596965,2,4,5.653213571973467,1,Fully Furnished,Mid,1,1,0,0,0,0,1,14195746.0
Delhi,1461.3573812668524,3,1,32.605643630878575,1,Fully Furnished,Ground,1,0,0,2,1,1,1,16785697.0
Chennai,2687.233141641996,3,2,13.603781953581427,1,Unfurnished,Top,4,0,0,0,1,0,1,21934725.0
Delhi,1158.532446842407,3,2,5.078786740949097,1,Unfurnished,Mid,3,0,1,0,0,1,0,15320093.0
Pune,1319.4564183065652,2,3,42.32531928090177,0,Fully Furnished,Mid,1,1,0,2,0,1,0,11429178.0
Jaipur,1302.4665469363954,3,2,23.214743901368088,0,Semi Furnished,Mid,3,0,0,1,0,0,0,6512568.0
Pune,1461.9061943544912,3,2,19.95089372064299,1,Fully Furnished,Ground,3,0,0,1,0,0,1,13690937.0
Hyderabad,1335.6375935168544,3,1,32.89615904069381,2,Unfurnished,Ground,2,1,1,0,1,0,0,9277005.0
Lucknow,796.5947276975642,4,3,22.030794979914788,1,Fully Furnished,Top,3,0,0,1,0,0,1,5499686.0
Mumbai,1226.7258518817623,4,2,5.068604397343758,1,Unfurnished,Mid,3,0,0,0,1,0,1,17468556.0
Lucknow,1451.189652112962,3,1,13.151942989548541,1,Fully Furnished,Mid,3,0,0,0,1,0,1,9166311.0
Jaipur,2114.2860410309986,3,2,27.704596147602707,2,Fully Furnished,Top,3,1,0,0,1,0,0,15898751.0
Kolkata,2601.1216366864564,3,2,2.9922862567217248,1,Fully Furnished,Mid,2,0,0,1,1,1,1,28071531.0
Kolkata,2167.7369489253274,4,2,2.6693853285538305,1,Unfurnished,Ground,1,0,0,1,1,0,0,16954492.0
Hyderabad,1112.3104851636967,4,1,2.5970306449409466,0,Semi Furnished,Ground,1,0,1,0,1,0,1,10200963.0
Jaipur,1152.0951946869172,3,3,3.2398245687720504,1,Unfurnished,Top,3,0,0,0,0,0,1,8645353.0
Ahmedabad,1420.3357112453245,2,1,1.6343515433985236,0,Semi Furnished,Mid,2,0,0,0,1,1,1,10352991.0
Ahmedabad,2392.279444426793,2,1,27.26807342374393,2,Semi Furnished,Ground,4,0,1,1,0,0,1,14819765.0
Ahmedabad,1417.2879739090533,3,2,25.582478789618587,1,Semi Furnished,Ground,3,0,1,0,0,1,0,8824142.0
Mumbai,836.2462547312847,3,4,2.46196209797428,1,Semi Furnished,Mid,3,0,0,2,1,1,1,15850959.0
Mumbai,1249.4114315234824,3,1,18.339037808497142,2,Semi Furnished,Top,3,0,0,1,1,0,0,17988695.0
Ahmedabad,1878.5280009097085,3,3,14.791670048680247,2,Semi Furnished,Ground,2,0,0,1,0,1,0,13423064.0
Kolkata,1844.9701384480434,3,3,4.848483679055944,1,Unfurnished,Ground,2,0,0,1,0,0,1,12343968.0
Jaipur,1399.8916667541719,4,2,3.869294585109517,0,Unfurnished,Mid,1,1,0,0,0,0,1,9576427.0
Delhi,1841.7073367800153,3,2,4.326952771021771,0,Fully Furnished,Top,3,0,0,1,1,0,0,27097470.0
Jaipur,400.0,2,3,19.675074559485775,0,Semi Furnished,Ground,4,1,0,0,1,1,0,2513356.0
Ahmedabad,1551.914617516349,3,3,5.769880058892971,1,Unfurnished,Mid,4,0,0,1,1,1,0,11378054.0
Jaipur,1930.342710684315,3,3,4.885106092319844,1,Unfurnished,Ground,3,1,0,2,0,0,1,13536584.0
Chennai,1083.5683624227324,4,3,0.3410647820520081,0,Unfurnished,Ground,4,0,0,2,0,0,1,9337558.0
Mumbai,1081.830731751856,3,2,35.82810894128865,1,Unfurnished,Ground,5,0,0,1,1,0,1,9441793.0
Mumbai,566.7759236182624,3,3,20.957547952609577,0,Fully Furnished,Ground,5,0,0,1,1,1,0,7698894.0
Kolkata,2294.947797405347,3,1,9.602164984881206,1,Unfurnished,Top,3,1,0,1,0,1,0,19087124.0
Delhi,1139.9230114892166,3,2,42.95134099833099,1,Fully Furnished,Top,2,0,0,1,0,0,1,12922945.0
Ahmedabad,1620.5216389310558,3,2,5.2121650702681555,1,Semi Furnished,Mid,2,1,0,0,1,1,1,13932474.0
Lucknow,1801.9585207416872,1,2,16.845344231984885,2,Fully Furnished,Ground,5,1,0,1,1,0,1,11418898.0
Kolkata,2256.0339745707265,3,1,5.460897413844442,1,Unfurnished,Top,2,0,0,0,0,1,1,17945068.0
Kolkata,1423.0511130071823,2,2,5.665686586900563,1,Semi Furnished,Top,1,0,0,0,1,0,0,12103057.0
Delhi,1230.2851031107907,3,2,27.936833646367724,0,Fully Furnished,Mid,2,1,0,2,1,1,1,15110385.0
Pune,1586.5338242852768,3,3,23.19849279678479,1,Fully Furnished,Mid,3,0,0,1,0,1,1,16316628.0
Ahmedabad,2142.0401382711434,2,2,5.224383317062943,2,Fully Furnished,Mid,4,0,0,0,0,1,1,18872351.0
Lucknow,1414.9137342996082,3,3,1.2733964065921954,2,Unfurnished,Top,3,1,1,0,1,1,1,12598265.0
Mumbai,1022.5654592079618,3,2,6.637791410257472,2,Semi Furnished,Ground,2,1,0,1,0,1,1,15707154.0
Delhi,729.6210958423188,3,1,21.410341733536114,1,Fully Furnished,Mid,4,0,0,2,0,0,0,8575102.0
Lucknow,889.3513076973874,2,2,1.5894831661790119,1,Unfurnished,Top,3,0,0,2,1,0,0,6159399.0
Chennai,1932.1957487033324,3,2,16.72573848435603,1,Semi Furnished,Mid,1,0,1,1,1,0,1,19882775.0
Kolkata,1339.6877618465942,2,2,33.07687564824439,1,Fully Furnished,Ground,4,1,0,0,1,1,1,9304469.0
Delhi,1196.2395450396448,2,3,2.9626333414060673,0,Semi Furnished,Mid,3,1,0,0,0,0,1,14775380.0
Mumbai,1142.016388408029,3,2,29.729749526726845,0,Unfurnished,Top,1,0,0,1,0,0,1,11772224.0
Jaipur,1542.522930100091,2,2,0.7909498753071236,1,Semi Furnished,Top,1,0,1,2,0,0,0,13411611.0
Mumbai,1380.2724531172082,5,1,16.488799024850618,0,Semi Furnished,Mid,1,0,0,0,0,1,0,18452943.0
Chennai,1363.4339281403738,2,1,23.48410899379356,2,Semi Furnished,Mid,4,0,0,1,1,1,1,10102407.0
Delhi,2174.6619639053697,4,1,8.825487665714629,1,Fully Furnished,Ground,3,0,1,1,1,0,1,31655517.125
Chennai,2269.008140930817,4,3,3.417229733214272,1,Fully Furnished,Mid,2,0,0,2,0,1,0,28037616.0
Ahmedabad,694.9891635455018,5,2,38.80000458956427,0,Fully Furnished,Mid,2,0,0,1,0,0,1,5127340.0
Ahmedabad,1663.7963655714789,3,2,0.3025641163591648,1,Fully Furnished,Ground,3,0,0,2,0,1,1,14208928.0
Jaipur,1111.5689506893038,4,2,12.147616129681774,1,Fully Furnished,Ground,1,0,0,0,0,1,0,8497407.0
Kolkata,1375.8744430694533,5,2,6.998528845249198,1,Fully Furnished,Ground,3,0,0,1,1,0,1,12713329.0
Pune,1654.6391925633473,2,1,9.272187416529833,1,Fully Furnished,Ground,2,0,0,1,0,1,1,16216080.0
Bangalore,1393.6400415345404,3,2,11.536338938605606,2,Unfurnished,Top,4,1,0,2,0,1,0,17997319.0
Lucknow,1615.2299403138165,2,3,11.47766133282783,1,Unfurnished,Mid,4,1,0,0,1,1,1,9160565.0
Chennai,1836.4851030159587,3,2,3.415251309591214,1,Semi Furnished,Top,1,0,0,1,1,1,1,19890686.0
Lucknow,1647.2884002701599,3,3,17.077567119854407,0,Semi Furnished,Mid,2,1,1,2,0,1,1,12127945.0
Jaipur,1176.5818479161883,2,2,0.2900099120676392,1,Unfurnished,Top,3,0,0,1,0,0,0,8521270.0
Lucknow,1185.4001965148382,4,3,0.32117545878438714,2,Unfurnished,Top,3,0,0,1,1,0,1,9424436.0
Lucknow,780.1473516909823,1,3,9.765325967408556,2,Semi Furnished,Mid,3,1,0,2,0,0,0,5068983.0
Mumbai,1073.039851239641,4,2,11.710110983042025,0,Unfurnished,Top,4,0,0,0,0,1,0,15685178.0
Delhi,2481.034180949264,1,2,4.821467950664815,1,Unfurnished,Ground,1,1,0,0,1,0,0,28760450.0
Kolkata,1103.9982129523778,3,2,12.033570801243101,0,Unfurnished,Top,1,1,0,2,1,1,1,10012811.0
Bangalore,903.31059377809,2,2,10.888441285854418,1,Semi Furnished,Top,3,1,1,0,1,1,1,11684481.0
Delhi,1659.9639309223867,2,1,6.443767319861161,2,Semi Furnished,Mid,3,0,0,1,0,1,1,21888520.0
Mumbai,1444.8176203540702,3,3,15.823581190092469,1,Fully Furnished,Top,4,0,0,0,1,1,1,25316179.0
Lucknow,1402.2033815753873,2,1,47.52887899112269,1,Semi Furnished,Top,2,0,1,1,0,1,1,7830488.0
Bangalore,2204.522983206045,3,2,10.123795556996958,1,Fully Furnished,Top,5,1,0,2,0,1,0,31655517.125
Mumbai,1774.5633377791826,4,3,23.130247274530554,1,Unfurnished,Top,2,1,0,0,1,0,1,22633741.0
Mumbai,1235.0035341482624,1,3,4.267239214174962,2,Fully Furnished,Top,2,1,0,1,0,1,1,23520148.0
Mumbai,1287.7620412041101,4,1,21.529155548247715,2,Unfurnished,Mid,2,0,0,0,0,0,1,15655441.0
Ahmedabad,1248.7067430471575,2,3,15.700517332693916,2,Fully Furnished,Ground,1,0,0,0,0,1,0,8439253.0
Bangalore,1937.3698107901287,2,3,15.31218149274039,0,Unfurnished,Ground,4,0,1,1,0,0,0,19115403.0
Mumbai,1345.9261852734312,2,1,33.52885175374457,1,Semi Furnished,Mid,1,0,0,0,1,1,1,14411087.0
Pune,603.4232487729247,5,2,3.985878564801581,0,Fully Furnished,Top,3,1,0,1,1,0,0,8411807.0
Lucknow,1475.8401606328277,2,3,6.893675237469889,0,Fully Furnished,Top,1,1,1,2,0,0,1,12699097.0
Bangalore,731.4869994360355,4,3,1.3008205822198906,1,Unfurnished,Mid,1,0,0,2,0,0,1,9316618.0
Ahmedabad,2592.115300877451,5,2,19.425977098623502,1,Unfurnished,Ground,4,0,0,2,0,0,1,16527454.0
Chennai,1017.1660430763845,3,2,27.855733472157482,0,Semi Furnished,Top,4,0,0,0,0,1,1,7206967.0
Chennai,1419.0676173211345,3,3,7.808935529687657,0,Fully Furnished,Mid,2,0,0,0,1,1,0,15613367.0
Kolkata,1629.1013673505686,4,4,6.620118860496204,1,Semi Furnished,Top,3,0,1,1,1,0,0,17273518.0
Hyderabad,1355.670919660385,3,3,16.122785579202425,1,Semi Furnished,Ground,4,1,0,1,1,1,0,12525181.0
Pune,1354.9847992669038,2,4,1.1790012192201658,0,Semi Furnished,Top,4,1,0,0,0,1,0,16472939.0
Chennai,1710.9136430804385,3,2,5.218741851160828,1,Unfurnished,Ground,3,0,1,1,1,1,0,15684295.0
Ahmedabad,2263.1079793981394,4,3,6.840630378950309,1,Semi Furnished,Top,3,0,0,1,1,1,0,21446139.0
Hyderabad,1883.7545409086488,4,3,10.965548566508227,1,Semi Furnished,Mid,3,0,0,1,0,1,1,17845808.0
Mumbai,2239.2569392867713,2,3,9.710257227083611,2,Unfurnished,Ground,2,1,0,1,0,1,1,31655517.125
Mumbai,976.6904459532491,2,2,3.510800641311719,1,Unfurnished,Top,3,1,0,0,1,0,0,13001796.0
Jaipur,1658.6813166276806,4,3,11.673645408500933,2,Semi Furnished,Ground,3,0,1,1,0,1,1,14307589.0
Lucknow,1577.6230260291397,1,2,39.028759661608504,0,Fully Furnished,Mid,4,0,0,2,1,0,1,7816989.0
Hyderabad,1675.5456458383674,3,1,0.41192295091780307,0,Fully Furnished,Top,2,0,0,0,0,1,0,17885623.0
Lucknow,2188.115985317786,1,2,17.105891717481338,1,Unfurnished,Mid,2,0,0,1,1,0,1,10912156.0
Ahmedabad,1389.605425103973,4,2,14.700804398807637,1,Semi Furnished,Ground,2,0,0,1,1,1,0,10122146.0
Pune,1297.2483167229561,4,1,38.739834047678414,1,Fully Furnished,Top,3,0,0,1,0,0,1,12267950.0
Hyderabad,1766.9903987093319,2,4,15.549144374938264,0,Fully Furnished,Mid,3,1,0,1,1,1,1,16617053.0
Chennai,610.8986362170763,2,3,14.706148613481528,1,Semi Furnished,Ground,2,0,0,2,0,1,1,4793134.0
Pune,1381.5739754389108,3,3,22.03247056108164,2,Fully Furnished,Top,3,0,0,1,0,0,0,14617215.0
Jaipur,1432.9011553572734,2,4,4.675645543679835,2,Fully Furnished,Mid,3,1,0,2,1,1,0,14796146.0
Lucknow,1039.8206918465373,3,2,13.585168556533096,1,Unfurnished,Ground,2,0,0,0,0,1,1,5334204.0
Lucknow,2028.5295056782886,3,2,10.991458193668816,1,Fully Furnished,Top,2,1,0,1,0,1,1,15410796.0
Pune,968.8798413283579,2,2,8.656418128458284,2,Fully Furnished,Mid,4,0,0,1,1,0,1,10751851.0
Mumbai,1432.0634758181018,3,2,1.2423650620697677,1,Unfurnished,Top,3,1,0,1,1,0,0,22838028.0
Lucknow,1646.5786126614842,4,2,5.192996962794115,2,Fully Furnished,Top,3,0,0,2,0,0,1,13580816.0
Jaipur,2176.7257807380593,3,2,4.9271800508799695,2,Unfurnished,Mid,4,1,0,0,1,0,1,15526658.0
Chennai,1494.7217825595733,3,2,19.323961379762995,1,Semi Furnished,Top,2,0,1,1,1,1,1,15221357.0
Bangalore,1968.0767970641052,3,2,38.009462300113505,1,Fully Furnished,Mid,2,0,0,2,1,1,1,21189085.0
Chennai,1850.2976986385638,4,2,3.9358148172140774,1,Fully Furnished,Top,3,0,0,1,0,1,1,23206100.0
Chennai,1561.7287780845713,3,1,1.1633260730983448,2,Unfurnished,Ground,2,0,0,1,0,0,1,13616567.0
Lucknow,955.2432958632722,2,3,80.0,1,Fully Furnished,Mid,4,0,0,1,0,0,1,5174114.0
Delhi,782.7095695478256,1,1,17.62618082665942,0,Fully Furnished,Mid,1,1,0,0,0,1,0,8375650.0
Mumbai,1553.2527007095932,4,2,32.63543430496224,1,Unfurnished,Ground,2,0,0,1,0,1,0,15380952.0
Lucknow,1228.6515630486933,4,1,2.330160651653259,2,Fully Furnished,Mid,2,1,0,0,0,0,1,9519907.0
Mumbai,1959.630545840646,3,3,24.19928265813534,1,Unfurnished,Top,5,0,1,1,1,1,1,27644655.0
Ahmedabad,1872.9282590492887,2,2,25.17569136692905,0,Fully Furnished,Mid,3,0,1,1,0,0,0,13029910.0
Delhi,1407.6945027814752,3,1,2.4640821467252096,0,Semi Furnished,Top,3,0,0,0,0,0,0,18433857.0
Lucknow,921.1435380293653,4,2,2.6403964330211482,1,Unfurnished,Top,2,0,0,1,0,0,0,6364962.0
Kolkata,1755.3677748036366,3,3,5.2529655590960935,1,Semi Furnished,Mid,2,0,0,1,1,0,1,15193104.0
Chennai,991.0252769324247,2,3,3.665267413071954,0,Semi Furnished,Mid,4,1,1,0,0,0,0,10567326.0
Ahmedabad,1120.7680385345675,3,2,55.58117525556376,2,Unfurnished,Mid,3,0,0,2,0,0,0,6225187.0
Delhi,1010.2921308924227,4,3,6.763461810627026,1,Semi Furnished,Ground,1,0,0,1,0,1,0,13523437.0
Lucknow,1430.7494890300234,1,1,21.48861910789433,1,Fully Furnished,Mid,3,0,1,2,0,0,1,8729973.0
Jaipur,2085.096167035281,3,1,24.525244275641636,2,Unfurnished,Mid,3,0,0,0,1,1,1,10954248.0
Pune,1497.4795648882357,3,2,7.314961207151213,1,Fully Furnished,Top,2,0,0,1,1,1,1,20202774.0
Pune,1278.3906537861521,3,2,17.213204389011743,1,Semi Furnished,Mid,3,0,0,0,0,0,0,10667719.0
Mumbai,737.1925349773779,3,3,1.7109767131114226,1,Unfurnished,Ground,2,0,0,0,0,1,1,10050448.0
Delhi,1776.0622923649214,3,3,7.586627270540452,2,Semi Furnished,Top,4,1,0,0,0,1,1,26412843.0
Chennai,1109.7976970356863,2,1,51.31059376520041,0,Fully Furnished,Top,3,1,0,1,0,0,1,8374219.0
Chennai,1558.7588095790484,2,2,2.7684127024470273,1,Unfurnished,Mid,4,1,0,2,1,0,1,13787265.0
Bangalore,1322.8906920416798,3,2,7.309354103319685,1,Semi Furnished,Top,3,0,0,2,0,1,1,17885596.0
Pune,1919.0886097997188,1,2,23.447013261101947,2,Unfurnished,Top,3,0,0,1,0,0,0,14657886.0
Ahmedabad,1421.381803985724,3,3,16.423334902105267,2,Semi Furnished,Mid,4,1,0,1,1,0,1,12232827.0
Delhi,1470.5368227384743,3,3,14.975475716963249,0,Fully Furnished,Mid,3,1,0,1,0,0,1,21231504.0
Chennai,1742.8735737277298,2,2,28.78613477756815,0,Unfurnished,Ground,3,0,0,0,1,0,0,9145737.0
Bangalore,2553.470091131593,3,2,0.4428819166766179,0,Semi Furnished,Ground,3,0,0,1,1,0,1,31567477.0
Delhi,1944.2234651792771,3,3,22.121269471970678,1,Semi Furnished,Mid,3,1,0,1,1,1,1,24361314.0
Hyderabad,1455.6969468256952,2,2,32.12601581314521,2,Fully Furnished,Top,4,0,1,1,1,1,1,13999791.0
Chennai,1501.5989953076441,3,4,0.24460068270927757,0,Unfurnished,Ground,3,0,0,0,1,0,0,13046700.0
Hyderabad,1237.5702698377827,4,1,12.279395939542203,1,Semi Furnished,Ground,4,0,0,0,1,1,0,10424652.0
Delhi,1025.0021482401523,3,2,6.4292056396377335,2,Fully Furnished,Mid,4,1,0,1,0,1,1,17421657.0
Chennai,1223.624606466839,3,1,0.7814470234200063,2,Unfurnished,Top,3,0,0,0,0,1,1,11070908.0
Hyderabad,1113.9255181440287,1,2,8.11278210297369,1,Semi Furnished,Ground,4,0,0,1,0,0,1,8189284.0
Kolkata,1826.6841918979428,2,2,15.493638268914832,2,Semi Furnished,Mid,3,0,0,0,1,0,0,12708113.0
Bangalore,964.402571065507,2,3,37.70211644548984,1,Unfurnished,Mid,4,1,0,1,0,0,1,8453167.0
Ahmedabad,2166.605280690022,4,3,14.534715280444917,0,Unfurnished,Top,2,0,0,0,0,1,1,15632039.0
Pune,1876.0231918094148,3,2,29.146734423903492,0,Semi Furnished,Mid,1,0,1,2,1,0,1,15755136.0
Bangalore,1510.2508646838342,2,2,1.9443115649448124,1,Fully Furnished,Mid,3,0,0,1,0,1,0,20298774.0
Hyderabad,1500.1593057325342,3,3,3.5457338542219436,1,Fully Furnished,Mid,2,1,0,0,1,0,0,17182647.0
Chennai,1221.3593451927231,2,3,52.74551999844067,1,Fully Furnished,Ground,3,1,0,0,1,1,0,10459135.0
Kolkata,1635.042205673882,2,2,32.75879540188704,0,Unfurnished,Top,1,0,0,0,0,1,0,8641691.0
Kolkata,2044.0462316042945,3,3,4.0226423967816896,0,Semi Furnished,Mid,5,0,0,1,0,1,1,18088638.0
Pune,1148.4217688720933,3,4,14.552252442169252,0,Fully Furnished,Mid,3,1,0,1,0,1,0,13296291.0
Kolkata,733.3039555406348,3,2,6.756139084627939,2,Unfurnished,Top,1,0,0,1,0,1,0,5817257.0
Bangalore,1851.609127428372,3,2,9.483561590311012,2,Semi Furnished,Ground,3,0,0,1,0,0,0,21008643.0
Lucknow,1662.1829871219002,3,2,29.58607656941426,0,Semi Furnished,Top,4,0,0,1,0,0,0,8061667.0
Kolkata,939.9005992794102,4,2,19.960772549220074,0,Unfurnished,Ground,4,0,0,1,1,0,0,6598141.0
Pune,1133.304314542941,4,3,4.085845225170815,2,Unfurnished,Mid,3,1,0,2,1,0,0,12588706.0
Kolkata,1070.4478629749296,4,2,5.696808550480214,0,Fully Furnished,Top,2,0,1,2,0,0,1,12191659.0
Kolkata,1137.7338654828754,4,3,5.131238835060227,2,Semi Furnished,Ground,4,0,0,2,0,0,1,9888968.0
Jaipur,1338.1586229794061,3,2,22.757173628284956,1,Semi Furnished,Top,5,0,0,0,0,0,1,7724586.0
Bangalore,1366.7263478596265,3,2,10.102769146095156,1,Semi Furnished,Mid,1,0,0,2,1,1,1,17315594.0
Hyderabad,1174.6031724657698,3,3,45.15486543915298,1,Semi Furnished,Ground,1,1,0,1,0,0,1,8715536.0
Mumbai,1120.918090250036,4,2,25.448417572156753,0,Fully Furnished,Mid,3,0,0,1,0,0,0,14057086.0
Lucknow,1385.6078280403092,3,2,3.5585312316450426,0,Semi Furnished,Top,3,0,0,1,0,0,1,9509608.0
Kolkata,1583.8457674297806,2,2,23.122679823814224,2,Unfurnished,Mid,3,0,1,1,1,1,0,11407279.0
Ahmedabad,1341.8517318175777,4,1,10.580705948787482,2,Fully Furnished,Top,2,0,1,1,1,0,1,14061603.0
Kolkata,2079.3335116706508,4,4,4.389617751736734,1,Semi Furnished,Top,1,1,1,1,1,1,1,27025993.0
Jaipur,1754.0438572103933,4,2,6.772598226313439,2,Fully Furnished,Mid,3,0,1,2,1,0,1,18475096.0
Hyderabad,704.577071570652,2,3,53.7009766881838,2,Fully Furnished,Ground,2,0,0,1,0,0,1,5052598.0
Ahmedabad,1761.8638827069267,2,2,9.923606889271085,0,Fully Furnished,Top,2,0,0,0,1,0,0,14577327.0
Lucknow,1802.7719912927914,2,3,19.073384785553785,1,Unfurnished,Top,3,1,0,0,1,0,1,11022781.0
Ahmedabad,1282.6325159379044,3,2,9.72505374724335,0,Fully Furnished,Ground,2,0,0,0,1,1,0,9850606.0
Bangalore,752.4012063484222,2,2,6.967655744131908,0,Semi Furnished,Ground,3,1,1,1,0,0,0,8517211.0
Pune,1504.033379705568,3,4,23.875444809738976,1,Semi Furnished,Ground,3,1,0,0,0,1,1,13283898.0
Pune,1496.145674258878,2,2,28.290163970807352,0,Semi Furnished,Mid,1,0,1,1,1,0,0,12201818.0
Lucknow,939.1768817334026,2,3,1.1190617966676952,0,Fully Furnished,Ground,3,0,0,2,1,0,0,7232238.0
Hyderabad,774.3903918700322,3,1,4.906275887176778,1,Semi Furnished,Top,3,1,0,2,1,0,1,7432518.0
Pune,1456.2232267732802,4,2,10.63521747780559,0,Fully Furnished,Top,1,1,0,0,0,0,0,18067961.0
Delhi,1383.461403974589,1,3,5.707879908068882,0,Fully Furnished,Mid,3,0,1,0,1,0,1,19764279.0
Jaipur,1291.367317338803,3,3,22.95822299688055,0,Fully Furnished,Mid,2,1,1,0,1,0,1,9712363.0
Lucknow,1458.2946326267192,1,2,1.82799588094042,2,Semi Furnished,Top,2,1,0,0,0,1,0,9974660.0
Lucknow,948.6118130898404,2,3,23.977342456399054,1,Fully Furnished,Top,2,0,1,1,1,0,0,6649902.0
Mumbai,1282.589693566943,3,2,14.430560660779621,2,Unfurnished,Top,3,0,0,1,1,0,0,18215658.0
Mumbai,1766.6625153071736,3,2,5.124002519530238,2,Unfurnished,Mid,3,1,0,0,0,0,0,26554609.0
Bangalore,1325.0149598243556,4,2,6.334317794735049,2,Fully Furnished,Top,2,0,0,0,0,1,1,23444984.0
Bangalore,664.013764103724,3,2,3.0298913784138914,0,Semi Furnished,Top,4,0,0,0,1,1,0,8250238.0
Mumbai,1263.653861138214,4,2,4.366787593761883,2,Fully Furnished,Mid,2,1,0,1,1,1,1,24816113.0
Pune,964.9207682465698,2,2,18.948883500219587,1,Fully Furnished,Top,2,0,0,0,0,0,1,9311674.0
Chennai,1633.5681482308653,2,4,7.071288834570512,0,Unfurnished,Top,2,1,0,1,0,0,1,16073385.0
Lucknow,1659.4187016902126,2,1,17.446500823384348,1,Semi Furnished,Ground,2,0,0,1,1,1,0,8458665.0
Delhi,670.6126874569845,4,1,10.826519363315478,1,Semi Furnished,Top,5,1,0,1,0,1,1,10663477.0
Lucknow,1879.5064852910946,2,1,2.3550317384158657,0,Fully Furnished,Ground,3,0,1,1,1,0,1,12237039.0
Kolkata,943.9068493607208,2,2,10.369353021192909,0,Semi Furnished,Mid,4,0,0,1,1,1,1,7393569.0
Hyderabad,2279.5911452411756,3,2,21.187717616270387,1,Fully Furnished,Mid,3,0,0,0,0,0,1,18312141.0
Jaipur,1475.6118677496916,2,1,5.300396066635809,2,Fully Furnished,Ground,3,0,0,1,0,1,0,10356849.0
Chennai,876.8032507304189,1,2,15.665341983782342,1,Unfurnished,Top,5,0,0,2,1,0,0,7036811.0
Delhi,929.0069646536593,2,2,3.329026499443444,1,Semi Furnished,Ground,2,1,1,1,1,1,0,12702877.0
Kolkata,1674.0476458936723,1,3,2.187512137920667,0,Semi Furnished,Mid,2,1,1,2,1,0,0,16484934.0
Bangalore,1304.350055050811,3,4,6.699607412456783,1,Unfurnished,Top,2,0,0,1,1,0,0,18007462.0
Delhi,1451.6730451909295,3,2,7.394873838745697,0,Semi Furnished,Top,2,0,0,2,0,1,0,22110388.0
Mumbai,2306.3901163485198,2,1,21.46998033428236,2,Fully Furnished,Mid,3,0,0,1,0,1,1,31636568.0
Lucknow,1150.3779678854623,2,1,9.244979786100476,2,Semi Furnished,Ground,2,0,0,1,0,1,0,6710752.0
Delhi,1529.9814288478533,4,3,1.2708718220097421,1,Semi Furnished,Ground,4,1,0,2,1,0,1,25237069.0
Hyderabad,2209.9222436865266,3,3,15.076808624520545,2,Semi Furnished,Mid,1,1,0,1,1,0,0,21106559.0
Ahmedabad,1635.2567377332,3,2,9.502054806251712,1,Fully Furnished,Top,2,0,0,0,1,0,1,15207086.0
Bangalore,696.698632320997,3,2,6.043996757285629,0,Semi Furnished,Mid,4,0,0,0,1,0,1,8553463.0
Jaipur,1752.6945058660683,2,3,24.308909300236234,1,Fully Furnished,Top,3,1,0,1,1,0,1,12760529.0
Jaipur,918.4985711082779,5,2,2.515362864435126,2,Unfurnished,Ground,4,0,0,1,0,1,0,6747388.0
Delhi,2203.4037643664824,3,2,36.66436318734849,1,Fully Furnished,Ground,2,0,0,0,0,0,1,21299223.0
Ahmedabad,1088.5661975010112,2,2,6.09836910761538,1,Unfurnished,Ground,2,1,0,1,0,0,0,7712135.0
Lucknow,2858.437593116735,3,2,9.268966159771,1,Unfurnished,Ground,4,0,0,0,1,1,0,16184127.0
Kolkata,2233.687994163839,3,3,39.72543638847209,1,Fully Furnished,Mid,3,0,0,2,1,1,0,16679000.0
Chennai,1101.6937151860106,2,3,21.484435664218882,0,Fully Furnished,Ground,2,1,1,1,0,1,1,10356067.0
Lucknow,1510.0069025008052,4,3,1.1581155009471846,1,Unfurnished,Mid,2,0,1,1,1,1,1,11564848.0
Kolkata,1876.8221408167317,4,2,12.951805038813212,1,Unfurnished,Mid,2,0,0,2,1,0,1,14444347.0
Chennai,1891.8302371133539,2,3,5.5738458105134585,1,Semi Furnished,Mid,4,0,1,0,0,0,0,18606408.0
Ahmedabad,1721.1681299880986,3,2,10.65404149421484,1,Fully Furnished,Top,3,0,0,1,0,1,0,13895547.0
Chennai,2126.079518483055,4,2,20.37838111161365,1,Unfurnished,Ground,3,0,0,0,0,1,0,15226741.0
Lucknow,1438.5155266828153,2,3,10.282832294237835,0,Fully Furnished,Top,4,1,0,0,0,0,0,10057657.0
Hyderabad,1316.6411657119834,3,2,1.1050513404572828,2,Fully Furnished,Top,4,1,0,0,0,0,0,13650021.0
Delhi,1326.5680060376947,3,2,11.324717030556306,1,Unfurnished,Mid,4,0,0,2,0,1,1,15947599.0
Kolkata,1929.1866159860635,3,4,0.3663833471576575,1,Unfurnished,Ground,3,0,0,0,1,1,1,16982214.0
Hyderabad,1682.590520151323,3,4,6.425081444198846,0,Fully Furnished,Mid,2,0,1,1,1,0,0,19895540.0
Kolkata,1645.6418328451282,3,2,9.752192487637604,0,Semi Furnished,Ground,3,0,1,0,0,1,1,12640689.0
Delhi,1897.617124628591,5,1,15.520775583604289,0,Unfurnished,Top,2,1,0,1,1,0,1,23650057.0
Pune,474.47379607307244,3,2,10.584576717831695,1,Fully Furnished,Top,4,1,0,1,0,1,1,5775954.0
Chennai,1655.0344119375752,4,3,2.4721788261886113,1,Semi Furnished,Mid,2,0,0,0,1,0,1,18679679.0
Ahmedabad,1609.284444436858,1,2,40.371782596035686,1,Fully Furnished,Ground,2,0,0,1,1,0,0,8763920.0
Pune,2334.4040406503527,2,4,15.760180486715912,2,Fully Furnished,Mid,2,1,0,0,0,1,1,28174996.0
Pune,735.7060088681665,1,1,5.718198806937821,0,Unfurnished,Mid,2,0,0,0,1,1,0,6242105.0
Jaipur,2278.593316188379,3,2,50.69433979274031,0,Semi Furnished,Top,2,1,0,1,1,0,1,13837779.0
Mumbai,1537.7045644623329,2,2,32.12966500022095,0,Fully Furnished,Mid,2,1,0,0,1,0,0,19096988.0
Lucknow,1744.4947653300226,4,2,2.3233408409578753,1,Semi Furnished,Mid,2,0,0,1,1,1,1,13132288.0
Hyderabad,2337.9593938046883,3,3,15.981830849800454,2,Semi Furnished,Ground,2,0,0,0,0,1,0,19060637.0
Hyderabad,1780.3806340027866,1,2,12.317076152700194,2,Unfurnished,Ground,4,1,0,1,0,1,1,13213545.0
Hyderabad,1700.1841447312804,3,2,3.2129229618673794,1,Fully Furnished,Ground,1,0,1,1,0,0,0,18468175.0
Hyderabad,1621.1455929011593,4,2,3.988322230448315,1,Fully Furnished,Mid,2,0,0,1,0,1,1,19270436.0
Lucknow,1258.2609325028116,3,3,12.44391453294294,2,Unfurnished,Ground,3,0,0,1,0,0,1,7902358.0
Pune,1485.7554377448037,1,2,5.813382202500835,1,Unfurnished,Mid,4,0,0,2,0,0,0,12297364.0
Lucknow,1142.2436169386256,4,3,27.011830452955667,0,Fully Furnished,Ground,2,0,0,0,1,0,1,6706905.0
Hyderabad,1477.716550287259,3,2,1.5427755688044655,1,Unfurnished,Ground,2,0,0,1,1,1,0,11401139.0
Mumbai,400.0,3,2,36.8064881204379,1,Fully Furnished,Ground,4,0,0,0,0,0,0,4398300.0
Bangalore,1714.5197837837743,3,1,27.54061308427068,1,Semi Furnished,Mid,2,0,0,2,0,0,1,15699903.0
Delhi,1439.1313731081873,3,1,20.12689976645695,0,Semi Furnished,Top,4,1,0,0,0,1,0,16236866.0
Hyderabad,1331.898131666618,4,2,4.568705739520658,1,Unfurnished,Top,3,0,0,1,1,0,1,13911574.0
Ahmedabad,1609.8790419700715,2,4,18.82677354163913,1,Semi Furnished,Mid,3,1,0,2,0,0,1,11762112.0
Bangalore,783.2180385172796,2,1,8.664361239433282,0,Fully Furnished,Mid,3,0,0,0,0,1,0,9354554.0
Lucknow,2464.634998310641,4,2,15.066910219256787,1,Semi Furnished,Top,2,0,0,2,0,0,1,16140034.0
Ahmedabad,1448.6162692562002,1,2,5.621589073048611,0,Semi Furnished,Mid,2,0,0,0,1,0,0,10010126.0
Ahmedabad,1427.0777835139052,4,2,27.105337222373223,1,Semi Furnished,Ground,2,0,0,1,0,1,1,9016023.0
Kolkata,1017.3018949335388,3,3,0.6213341716735368,0,Fully Furnished,Top,3,0,0,1,1,0,1,10442213.0
Ahmedabad,1511.9731912246307,3,3,17.638544451333008,2,Unfurnished,Mid,4,1,0,1,0,0,0,10101529.0
Hyderabad,2193.4799451366403,2,1,26.45906333066859,0,Fully Furnished,Mid,2,1,0,1,1,1,1,18547239.0
Kolkata,2017.958104716017,4,3,15.595026938849319,1,Unfurnished,Top,1,0,0,2,0,0,1,17039038.0
Jaipur,1927.218875570278,3,2,3.1977457482108473,0,Semi Furnished,Mid,3,0,0,0,0,0,1,13984538.0
Pune,1773.199475833636,4,2,5.0316878283483435,0,Semi Furnished,Top,2,0,0,0,1,0,0,18338298.0
Ahmedabad,1320.728736218695,3,2,10.851167070610238,1,Semi Furnished,Mid,1,1,0,0,0,0,1,9374422.0
Mumbai,774.918416481649,2,3,5.9948342972948065,0,Fully Furnished,Mid,4,0,0,1,0,0,0,11780282.0
Delhi,1399.4806140666824,3,2,0.07392820600469707,1,Semi Furnished,Top,4,0,0,1,1,0,0,22420269.0
Ahmedabad,1382.0642677331614,3,2,0.6229291686719585,0,Fully Furnished,Top,4,1,0,0,0,0,1,14022839.0
Jaipur,2024.3972198356205,3,2,21.900303943954217,1,Fully Furnished,Ground,2,0,0,1,0,1,1,12734285.0
Chennai,1654.6952212299102,4,2,1.3112894210737698,1,Unfurnished,Mid,2,0,0,2,0,0,1,16275675.0
Lucknow,2306.155763951774,3,2,39.470891348668005,2,Unfurnished,Mid,3,0,0,1,1,1,0,11764439.0
Lucknow,2098.7442700190873,3,2,8.770754757166818,1,Unfurnished,Top,2,0,0,2,0,0,1,14189954.0
Jaipur,1271.7521952479522,5,3,21.293836249337367,2,Unfurnished,Ground,2,0,0,0,1,1,0,7948369.0
Chennai,602.4354016900659,2,2,2.0116236028553742,2,Fully Furnished,Top,3,1,0,2,0,1,1,8272915.0
Lucknow,2192.7876169707406,4,2,39.15856246932867,0,Fully Furnished,Mid,4,1,1,1,0,1,0,14651977.0
Lucknow,2179.6926116153722,3,3,0.5159034845229138,2,Unfurnished,Top,3,0,0,1,0,1,0,15195284.0
Lucknow,816.8942045488869,3,3,0.6457602795129056,1,Unfurnished,Mid,2,1,0,0,0,0,1,5280862.0
Jaipur,2254.6200099137504,2,2,0.8419817956359368,0,Unfurnished,Mid,3,0,0,1,1,1,1,16707921.0
Pune,1691.058585296259,3,2,1.637318241378351,2,Unfurnished,Top,3,1,0,1,1,0,0,21220690.0
Delhi,1580.3427490628264,1,3,10.007269621363093,0,Unfurnished,Mid,1,0,0,0,1,0,0,15994767.0
Jaipur,2307.3916271236635,5,2,23.28710741193201,1,Unfurnished,Mid,3,1,1,0,0,0,0,14257340.0
Chennai,2172.3425866153075,4,2,5.030996639274917,1,Unfurnished,Ground,3,0,0,2,1,0,1,19066881.0
Ahmedabad,1825.6654759976018,2,1,20.543141145076397,1,Semi Furnished,Ground,2,0,0,0,1,0,1,11995382.0
Pune,1736.6085329059915,5,4,22.312351739596554,1,Unfurnished,Mid,3,1,0,1,0,1,0,16496861.0
Pune,1808.1971452651796,3,1,35.834785641961766,0,Unfurnished,Mid,2,0,0,1,1,1,0,12530917.0
Ahmedabad,1299.971283058737,4,2,2.4263515969164526,1,Fully Furnished,Mid,4,1,0,2,0,1,0,13511029.0
Mumbai,1472.4492751338396,2,2,2.1846583885029114,0,Unfurnished,Ground,3,0,0,1,1,0,0,19251113.0
Kolkata,1048.8414227027288,3,3,1.9532543237136468,0,Unfurnished,Mid,3,0,0,0,0,0,1,7546159.0
Delhi,1333.4801121305406,3,2,6.678157635156366,2,Unfurnished,Ground,2,0,0,1,0,0,0,14876258.0
Delhi,1316.6830606655335,2,3,10.08290365577743,1,Fully Furnished,Ground,5,1,0,1,1,0,1,19672465.0
Mumbai,1182.3473151891676,3,3,9.28756314583183,1,Fully Furnished,Mid,5,1,0,1,1,1,0,23638615.0
Kolkata,1568.3732513242317,3,2,4.456872356454485,0,Semi Furnished,Ground,2,0,0,0,1,0,0,11805389.0
Delhi,1338.0095746497113,2,3,14.592107758874068,1,Fully Furnished,Mid,4,0,0,1,0,0,0,17436040.0
Chennai,1751.117360175987,3,1,6.193547218803305,0,Fully Furnished,Top,3,1,0,2,1,1,0,22619212.0
Bangalore,688.8396933531174,5,3,6.837558437055341,1,Semi Furnished,Top,4,1,0,2,0,0,1,11321774.0
Bangalore,1443.3226029463501,2,3,1.6728597764610995,0,Fully Furnished,Top,1,1,0,0,0,1,0,21690885.0
Delhi,1565.7758200887479,2,3,13.455828947313643,1,Semi Furnished,Top,1,0,1,0,0,0,1,20656028.0
Hyderabad,1344.6853800815597,3,3,15.975358112652058,1,Semi Furnished,Mid,3,1,0,1,1,1,0,13216158.0
Delhi,1413.8036500953845,3,3,21.279178101104698,2,Fully Furnished,Top,1,0,1,1,0,0,1,21223221.0
Ahmedabad,707.3769946350714,3,2,35.15254593291726,0,Fully Furnished,Mid,4,1,0,1,1,0,1,5163756.0
Ahmedabad,1678.2385523347461,4,2,21.786798076125347,0,Semi Furnished,Mid,4,0,0,2,1,0,0,10897098.0
Kolkata,1823.8029912835352,1,2,4.032780458669659,2,Semi Furnished,Mid,3,1,0,2,1,0,0,15689394.0
Lucknow,1746.7686471018835,3,1,4.031043445367287,1,Semi Furnished,Mid,1,1,0,2,1,0,0,11922362.0
Pune,2019.3635297210915,4,3,36.99195568733453,1,Semi Furnished,Mid,3,0,1,0,1,0,1,19329103.0
Chennai,1600.764802891251,4,1,23.41925993191728,1,Fully Furnished,Ground,1,1,0,2,1,1,0,15661371.0
Mumbai,1739.3405903254686,3,1,22.86586904795053,1,Unfurnished,Top,4,0,0,2,0,0,0,19831051.0
Delhi,1578.0453692284261,2,3,19.079153338396495,0,Semi Furnished,Ground,3,1,0,0,1,1,0,18489833.0
Lucknow,1843.7753597962471,3,3,4.663277744223124,0,Fully Furnished,Ground,2,0,0,1,1,0,1,13219053.0
Lucknow,711.385181933939,2,3,28.200044055732047,1,Semi Furnished,Top,3,0,0,0,0,0,1,3367990.0
Chennai,1053.2095160109945,3,3,2.3127420715510874,2,Unfurnished,Mid,2,0,1,2,0,0,1,10970675.0
Mumbai,2293.4498285165455,2,2,6.46215011530458,1,Fully Furnished,Mid,2,1,0,0,0,0,1,31655517.125
Ahmedabad,400.0,2,3,6.380606806955502,1,Fully Furnished,Top,1,0,0,1,0,0,0,3544309.0
Jaipur,1429.911035087328,3,2,12.319213788588712,0,Unfurnished,Top,4,0,0,1,1,1,0,9106218.0
Chennai,2086.1374798040342,3,4,9.338752719128683,1,Unfurnished,Top,3,0,0,2,1,1,1,22321273.0
Lucknow,1453.3696672291178,3,1,9.237463401852366,2,Fully Furnished,Ground,2,0,0,1,1,1,1,9622074.0
Bangalore,1297.4944642746514,3,3,12.097171679036343,2,Unfurnished,Ground,1,1,1,0,0,0,0,15113243.0
Delhi,1564.7108384076503,3,2,8.052884928703286,1,Fully Furnished,Top,3,0,0,2,1,0,1,25812553.0
Kolkata,1323.4399099987768,3,2,4.314895716880552,1,Unfurnished,Top,3,0,0,1,0,1,0,11378373.0
Bangalore,1515.4247463784695,3,3,16.365051939668653,1,Semi Furnished,Top,2,0,0,1,1,1,0,18138983.0
Lucknow,1158.309481739935,3,3,23.45502593304344,1,Semi Furnished,Top,3,0,0,1,0,0,0,6891416.0
Pune,2054.337209977862,3,3,9.779959907593414,1,Fully Furnished,Ground,2,0,0,2,0,0,0,23899601.0
Hyderabad,2211.6324605328305,3,2,15.72519906340794,1,Fully Furnished,Top,4,1,0,1,0,1,1,24267824.0
Mumbai,1433.3048389441888,3,2,11.4974914494435,0,Fully Furnished,Top,2,1,0,0,1,0,1,22928756.0
Ahmedabad,806.7552896543783,3,1,0.9121253195992161,0,Semi Furnished,Top,4,1,0,2,1,0,1,7932363.0
Delhi,1238.0784148433024,3,1,8.250896255806023,0,Semi Furnished,Top,3,1,1,0,0,0,0,17481653.0
Kolkata,1408.0056699485178,4,2,0.14852034854073823,0,Fully Furnished,Mid,4,1,0,1,0,0,1,14485153.0
Jaipur,1752.769438451604,3,3,16.26528423111598,0,Unfurnished,Mid,3,1,1,1,0,1,0,11421856.0
Ahmedabad,995.993388414661,3,2,10.64407210767875,0,Fully Furnished,Top,4,1,1,0,0,0,1,9739791.0
Delhi,1115.4188406789247,3,3,2.0344015418481303,0,Fully Furnished,Ground,1,0,0,0,1,0,1,15872665.0
Jaipur,1755.3380689294038,2,2,11.719565619699253,0,Fully Furnished,Mid,2,0,1,0,0,0,0,12763603.0
Kolkata,1969.4544160197788,3,2,34.30451567864465,1,Unfurnished,Ground,2,0,0,2,0,0,1,11788494.0
Lucknow,1189.2029774146579,3,1,6.24388955329524,1,Semi Furnished,Mid,2,1,0,1,0,1,1,7297023.0
Hyderabad,833.391473024502,1,3,60.571249558609146,2,Unfurnished,Mid,4,0,0,0,0,1,1,5013680.0
Bangalore,2858.437593116735,3,3,48.05238640458824,1,Semi Furnished,Top,2,0,0,1,0,0,1,31655517.125
Bangalore,1891.6521185443567,3,2,23.078391269735256,0,Semi Furnished,Top,5,1,0,1,1,0,1,20667430.0
Lucknow,1366.4981191164843,5,2,25.214006925215113,1,Unfurnished,Top,3,1,0,0,0,0,0,7706629.0
Ahmedabad,1934.5156377654198,4,2,7.928362633037475,2,Semi Furnished,Ground,4,0,1,1,0,1,1,17314277.0
Lucknow,1437.771685142789,2,3,7.726046644226057,1,Unfurnished,Ground,2,0,0,0,0,1,1,8129183.0
Lucknow,1933.578444550093,3,3,46.31684447097667,0,Semi Furnished,Ground,2,1,1,1,0,0,1,10465422.0
Delhi,1579.696598888111,2,2,6.840238715184069,2,Fully Furnished,Top,1,1,1,2,1,1,1,31655517.125
Delhi,1545.6359490837867,2,2,1.528379554882555,0,Semi Furnished,Mid,3,1,0,1,0,0,0,20613052.0
Kolkata,1443.2090658846057,4,2,2.4855261012467516,2,Unfurnished,Mid,5,1,0,1,1,0,1,13982476.0
Hyderabad,776.3093332684551,2,1,18.588765678721494,2,Semi Furnished,Mid,2,0,1,1,0,0,1,6298690.0
Delhi,2469.04744969657,2,1,7.242830342784589,1,Fully Furnished,Top,4,0,0,1,0,1,0,31655517.125
Kolkata,1029.2330398661284,4,2,3.334836572402173,1,Unfurnished,Mid,2,0,0,0,1,0,0,7679690.0
Pune,819.9882118447027,4,1,25.21289130067963,0,Fully Furnished,Mid,5,0,0,0,0,1,1,7399127.0
Lucknow,1393.5700586218163,4,2,10.061203969905158,1,Fully Furnished,Ground,4,1,0,1,1,0,0,10373386.0
Lucknow,1019.2640932447466,4,2,12.577492364023225,1,Fully Furnished,Ground,2,0,0,1,0,1,0,6929059.0
Ahmedabad,1474.1436047198645,3,2,2.5076408503191083,1,Unfurnished,Top,4,0,0,1,0,0,1,11660391.0
Pune,1843.8819242808843,2,2,3.211906109407559,0,Semi Furnished,Mid,3,1,0,0,0,1,1,17787851.0
Ahmedabad,1997.6514502646114,3,3,2.017652992046275,0,Fully Furnished,Top,4,1,0,1,1,1,1,21819089.0
Jaipur,1907.365360810841,3,2,10.839962251491263,1,Unfurnished,Ground,1,0,0,1,1,1,1,12517809.0
Kolkata,1347.1839726071598,3,2,22.41868800853102,1,Semi Furnished,Mid,4,0,0,1,0,0,0,8923736.0
Kolkata,1524.7959138307929,4,3,19.767498121915057,1,Semi Furnished,Mid,2,1,0,1,1,1,0,12631652.0
Lucknow,1703.9395254487454,3,3,4.541546227961488,1,Unfurnished,Ground,3,0,0,0,1,0,1,10190019.0
Chennai,621.1062880289637,2,2,28.612625153357804,1,Unfurnished,Mid,2,0,1,0,1,0,0,4471109.0
Jaipur,1785.2923500599297,2,1,1.675053168794365,1,Semi Furnished,Top,3,1,0,0,0,0,0,12487630.0
Kolkata,771.3503562080842,2,3,1.8164209441487023,1,Semi Furnished,Mid,4,1,0,1,0,1,1,7772636.0
Delhi,2520.173299453245,4,3,28.38738887745527,1,Fully Furnished,Ground,2,0,1,1,0,0,1,31655517.125
Lucknow,1297.7424576791523,3,1,4.2040354793801775,2,Semi Furnished,Ground,4,0,0,1,1,0,0,8650796.0
Ahmedabad,1407.5624114027044,3,1,18.470974254762282,1,Fully Furnished,Top,3,1,1,2,0,0,1,13581272.0
Pune,1115.1464503810723,3,3,0.13681593948026707,2,Fully Furnished,Top,2,1,0,0,0,0,1,16633074.0
Ahmedabad,1185.0149840721551,3,2,1.474136554577956,1,Semi Furnished,Ground,1,0,0,0,0,1,1,9577465.0
Bangalore,2637.04678457162,4,3,14.096795658248713,0,Unfurnished,Top,3,0,0,1,0,0,1,28224675.0
Chennai,1970.1848443116487,3,2,3.0210236100938173,1,Semi Furnished,Ground,2,0,0,1,1,0,1,19217124.0
Kolkata,725.3987774260809,4,3,0.42929010864038114,0,Fully Furnished,Top,4,0,1,1,0,0,0,9005217.0
Hyderabad,2252.106450342615,5,1,9.437009492295438,2,Semi Furnished,Ground,2,1,0,0,0,0,1,20095753.0
Mumbai,2096.6211375707157,5,2,6.018820996614058,1,Semi Furnished,Top,3,0,0,0,0,0,0,31655517.125
Chennai,1359.3937688558558,3,4,24.31180061253834,1,Unfurnished,Top,3,1,0,1,0,0,1,12289700.0
Lucknow,1653.3484710149187,4,2,25.62470839837769,1,Fully Furnished,Top,2,1,0,1,1,0,1,11610362.0
Kolkata,1492.527960289463,3,1,14.295220195284458,0,Fully Furnished,Top,4,1,0,0,0,0,0,13355205.0
Pune,2486.289952223466,4,3,5.201585189604487,1,Fully Furnished,Mid,2,0,0,0,0,1,1,31201334.0
Kolkata,1101.8549055039548,4,1,9.288045041036426,1,Fully Furnished,Ground,4,0,0,0,0,1,1,9462248.0
Mumbai,1573.0053048878635,4,1,18.17281969674807,2,Unfurnished,Ground,2,0,0,0,0,1,1,18059158.0
Pune,1285.9273345035976,4,2,1.0774121678499464,1,Unfurnished,Mid,1,0,0,1,1,1,0,13112379.0
Ahmedabad,783.4797976910729,3,2,6.063172899930043,1,Fully Furnished,Top,4,0,0,1,1,0,0,7701603.0
Pune,2595.8191275274935,2,3,25.920762899793075,2,Semi Furnished,Top,3,0,0,1,1,0,1,21272179.0
Chennai,909.2167104487938,3,3,7.8138601754232,0,Fully Furnished,Ground,3,1,0,0,0,0,1,9055413.0
Ahmedabad,1610.064593743888,4,2,14.69916512254012,0,Semi Furnished,Ground,2,0,0,2,1,0,0,11323600.0
Kolkata,629.6496968098323,2,2,1.5194379656023353,0,Fully Furnished,Ground,2,0,0,0,0,1,0,5039624.0
Lucknow,1300.4647303784534,3,2,22.511845432828974,2,Unfurnished,Mid,3,0,0,2,1,1,0,7178566.0
Jaipur,1710.9844107167287,3,3,1.58816790748461,0,Unfurnished,Ground,3,0,0,0,0,1,1,11172504.0
Lucknow,1087.6330102488187,3,3,29.656009694421627,1,Fully Furnished,Mid,2,0,0,0,0,0,0,6014300.0
Kolkata,1793.4009253678275,4,3,1.6908305944523652,1,Semi Furnished,Mid,2,1,0,1,0,1,0,17986095.0
Mumbai,1365.4794540559587,3,4,33.23136084389046,0,Semi Furnished,Ground,4,0,0,1,0,1,0,15065952.0
Jaipur,2080.0412561993066,4,2,6.782924221673971,2,Semi Furnished,Ground,4,0,0,2,1,0,0,16310410.0
Kolkata,2180.880456670112,3,2,14.693679801034987,1,Unfurnished,Ground,2,1,0,1,1,0,0,16812267.0
Hyderabad,1206.627619634994,4,2,28.11576139244571,1,Semi Furnished,Top,4,1,0,2,0,1,1,10283545.0
Chennai,1538.3664296964785,2,2,0.15441337767774094,0,Semi Furnished,Top,2,0,0,2,1,1,1,15796708.0
Hyderabad,1591.7271132361163,2,1,4.632424522338459,1,Semi Furnished,Top,4,1,0,1,1,1,0,15666145.0
Ahmedabad,1809.6746477173492,4,3,35.84476328346685,1,Unfurnished,Ground,2,1,1,2,0,0,1,12025163.0
Bangalore,1507.190998122133,3,2,7.3696607782796555,1,Fully Furnished,Mid,4,0,0,1,0,1,0,20576589.0
Kolkata,1595.105479671421,3,2,18.381824835018268,1,Unfurnished,Mid,3,1,1,0,0,0,0,12252432.0
Delhi,1378.2967626024401,3,2,2.262553629239851,0,Unfurnished,Top,2,1,0,0,1,0,0,17642338.0
Delhi,1557.6199334860091,3,3,17.015376622596666,2,Fully Furnished,Mid,3,0,0,0,0,0,1,21358202.0
Pune,2148.9700967675662,3,1,1.1396310330890025,1,Fully Furnished,Top,2,0,0,1,1,1,1,27414871.0
Lucknow,1823.0416206059272,2,2,18.951869183952706,1,Semi Furnished,Mid,2,1,1,0,0,0,1,11531270.0
Lucknow,1850.6278197216845,3,2,5.869105733130345,0,Semi Furnished,Ground,3,1,0,2,1,0,0,12263554.0
Lucknow,1861.535162067789,3,3,9.406112883478986,1,Fully Furnished,Ground,5,1,0,2,0,0,1,12800777.0
Hyderabad,1423.0956110594823,3,2,2.7275083932269784,0,Semi Furnished,Mid,4,0,1,1,1,1,0,13929197.0
Chennai,1659.4135217897651,3,3,14.826834611168325,1,Fully Furnished,Top,4,1,0,2,0,0,0,19224887.0
Kolkata,957.4131608321277,5,2,6.17755211266839,1,Semi Furnished,Ground,4,1,0,2,1,1,0,8468578.0
Mumbai,2134.4038281584785,3,4,7.252413438579974,2,Unfurnished,Mid,3,0,0,0,1,0,1,30195398.0
Pune,400.0,4,3,15.841610024794896,2,Semi Furnished,Top,2,0,0,0,0,1,0,3985927.0
Ahmedabad,1456.4258038322873,3,2,2.955955250795333,1,Fully Furnished,Mid,4,1,0,1,0,0,1,13874667.0
Jaipur,2070.447988575137,3,2,28.659046480919244,1,Fully Furnished,Top,1,0,0,0,1,1,1,14524384.0
Ahmedabad,818.0660331853293,2,2,20.16499220324406,1,Unfurnished,Mid,5,0,0,1,0,0,1,4417334.0
Kolkata,1699.8899588084255,2,3,12.931655498139952,0,Semi Furnished,Mid,3,0,0,1,1,0,1,12743446.0
Bangalore,1159.6167767104866,3,2,2.0602182855138675,2,Fully Furnished,Ground,3,0,0,2,1,0,1,18131235.0
Lucknow,1315.5983674055656,3,2,17.428539168158267,1,Semi Furnished,Top,2,0,0,0,0,1,1,7842853.0
Jaipur,1972.970480319719,4,2,0.27397753982912626,1,Fully Furnished,Ground,2,1,0,2,0,0,1,16860690.0
Hyderabad,1599.028462942575,3,3,24.474930855920864,2,Semi Furnished,Ground,3,1,0,0,1,0,1,11930661.0
Kolkata,482.8220660578187,4,1,5.431724930613956,2,Unfurnished,Ground,2,0,0,2,0,0,1,3819407.0
Bangalore,1011.7872301342009,5,1,1.8700453298549748,1,Semi Furnished,Mid,2,1,0,0,1,0,0,14130009.0
Hyderabad,1987.6678674443797,2,1,2.695675654132359,1,Semi Furnished,Mid,2,0,0,0,0,1,0,17345914.0
Bangalore,1724.4713590964989,3,2,49.507145574185124,2,Fully Furnished,Ground,3,1,0,1,0,0,0,15870189.0
Lucknow,2374.0677862621424,3,2,22.297052963998297,1,Semi Furnished,Top,3,0,1,2,1,1,1,17322571.0
Hyderabad,2341.3237970066484,3,3,4.074610851210536,2,Fully Furnished,Mid,3,1,1,1,1,0,1,29664244.0
Chennai,1328.877434926604,2,2,49.642779137399046,0,Fully Furnished,Ground,1,0,0,0,1,0,0,9653818.0
Delhi,2751.618902534744,4,1,2.2643958817193655,1,Semi Furnished,Mid,3,1,0,2,0,0,0,31655517.125
Ahmedabad,1512.2398349259554,5,2,19.83724723556768,1,Fully Furnished,Ground,2,0,0,1,0,0,0,11338344.0
Chennai,1018.6657327954872,4,4,16.03899021606332,1,Unfurnished,Mid,2,1,0,1,1,0,0,9153799.0
Jaipur,1183.1800670447114,3,2,25.845548393051097,2,Semi Furnished,Ground,3,0,0,0,0,1,0,5733157.0
Pune,400.0,3,4,7.2116914997413915,1,Unfurnished,Top,3,0,0,0,1,1,0,4175792.0
Delhi,2303.5095041246404,3,1,7.708341143291678,2,Semi Furnished,Top,3,0,0,1,0,1,0,31433494.0
Chennai,2297.380994521932,3,2,14.695129523759343,1,Fully Furnished,Top,3,1,0,1,1,1,1,28544885.0
Kolkata,992.2462805933395,3,3,7.6175952161288265,0,Unfurnished,Top,3,1,0,0,0,0,1,8178828.0
Bangalore,1386.057855809047,2,2,0.6334524813872733,0,Unfurnished,Top,2,0,0,2,1,0,1,16583362.0
Jaipur,1547.8037720562888,4,3,19.623788108641044,0,Fully Furnished,Ground,2,0,0,0,0,1,0,12196791.0
Kolkata,1019.8234739289431,4,3,15.364239893892144,1,Semi Furnished,Mid,1,0,0,0,1,0,1,8043619.0
Delhi,622.4489843644192,3,2,8.267237303626708,0,Semi Furnished,Ground,5,1,0,2,0,1,1,8313037.0
Bangalore,1394.8211981115442,4,3,5.410880484924003,1,Semi Furnished,Top,2,1,0,0,0,1,1,22831117.0
Jaipur,1339.4602852703765,2,2,5.800956903059458,1,Semi Furnished,Ground,4,1,0,0,0,0,1,8955395.0
Pune,1305.7943795056124,2,3,20.265566094776013,0,Unfurnished,Ground,4,0,1,0,1,0,0,9976556.0
Delhi,1611.3580313004823,4,2,19.59345425629499,0,Fully Furnished,Ground,3,1,0,0,0,1,0,20343668.0
Jaipur,2214.759829262996,5,1,25.63211449367594,1,Fully Furnished,Ground,3,0,0,2,0,0,1,14689927.0
Chennai,1348.453640154137,3,2,21.543644919713422,1,Unfurnished,Top,3,1,1,0,0,0,1,11292685.0
Jaipur,1585.2214993606815,2,4,21.27880514389404,2,Fully Furnished,Ground,2,0,0,2,1,0,0,12284682.0
Delhi,1863.435261872468,4,1,4.350737758871805,1,Fully Furnished,Ground,2,1,0,1,1,1,0,30955359.0
Lucknow,1777.0714632563745,2,2,1.6073077507965285,2,Fully Furnished,Ground,2,0,0,2,0,0,0,12910657.0
Chennai,1192.788237776079,3,2,21.516663714931042,0,Unfurnished,Top,4,0,0,1,1,0,1,9150256.0
Kolkata,1548.188561557018,2,3,1.557392395026312,1,Unfurnished,Ground,3,0,0,1,1,0,1,12078585.0
Delhi,1773.7699100845266,4,2,60.353879047951516,2,Fully Furnished,Mid,4,0,0,1,0,1,1,22559542.0
Lucknow,935.8243312446111,3,2,31.202339045985646,2,Unfurnished,Top,4,0,0,1,1,0,0,4951497.0
Mumbai,2131.7695053982543,4,2,11.436224266317943,1,Unfurnished,Top,3,1,0,1,1,1,0,31655517.125
Pune,2215.7944526070555,2,1,6.512218533595757,1,Unfurnished,Ground,2,1,0,1,0,1,1,18034760.0
Lucknow,1138.609872277753,3,2,11.224921464723998,0,Semi Furnished,Top,4,0,0,1,0,1,1,7529797.0
Mumbai,1596.8350091740845,4,2,19.880914880808252,0,Unfurnished,Mid,2,0,0,0,0,1,0,18673682.0
Ahmedabad,1821.1391283355158,2,2,21.17910510177224,0,Semi Furnished,Mid,1,0,1,2,1,0,0,12737235.0
Bangalore,1227.1929218356236,3,2,1.1478062515082406,0,Fully Furnished,Mid,1,1,0,1,1,1,0,17967582.0
Lucknow,1740.8069228440472,3,1,24.51011653342878,1,Fully Furnished,Top,3,0,0,1,0,0,1,10531174.0
Hyderabad,1581.6278131460826,4,2,15.387277180247112,0,Fully Furnished,Top,4,0,0,0,0,0,0,14511406.0
Pune,766.0409111805996,2,3,0.6213891201602219,1,Unfurnished,Mid,3,0,0,0,0,1,1,7450962.0
Lucknow,1729.580657989279,3,2,5.634834992016246,2,Semi Furnished,Top,3,1,0,2,0,0,0,11967600.0
Mumbai,949.928791864482,3,2,10.719894914378214,1,Unfurnished,Top,3,1,0,1,1,0,0,14676856.0
Hyderabad,1969.6014258310236,3,2,3.13216677514814,0,Fully Furnished,Top,3,0,0,0,0,1,1,20748770.0
Pune,1164.3944624330557,2,1,2.530550125515355,1,Semi Furnished,Top,4,1,0,1,0,0,0,11117036.0
Hyderabad,1419.3572831694275,3,3,0.21576182755279816,2,Unfurnished,Top,2,1,0,2,1,1,1,16640515.0
Chennai,2186.1394567232874,3,2,36.37987530134217,0,Unfurnished,Ground,2,1,1,0,0,1,0,14435936.0
Mumbai,1748.1908232644225,1,2,0.8661521777743377,2,Fully Furnished,Top,1,0,0,2,1,1,1,31655517.125
Jaipur,960.2630402127273,3,3,6.835865094520086,0,Unfurnished,Ground,3,1,0,1,1,0,0,6132453.0
Chennai,992.5417146004581,4,3,3.4557637289649317,1,Unfurnished,Ground,4,0,0,0,0,1,1,9673809.0
Pune,1200.3486056881372,2,3,20.265825498017033,0,Fully Furnished,Mid,3,1,0,2,0,0,1,11588377.0
Pune,1697.322041678333,3,3,18.423196484341155,1,Semi Furnished,Top,2,0,1,1,1,1,0,19392658.0
Delhi,1679.149907466384,3,1,24.61566346517266,1,Unfurnished,Top,2,1,0,0,1,1,1,19767416.0
Mumbai,1078.4488476685653,2,4,14.388298441150765,1,Fully Furnished,Ground,3,0,0,0,1,0,0,16614604.0
Ahmedabad,916.3952571928204,1,3,13.434575527256293,1,Unfurnished,Ground,2,0,1,2,1,0,0,6516849.0
Ahmedabad,1640.7917025429172,3,2,7.841214021233674,2,Semi Furnished,Mid,3,0,0,1,1,1,0,13823162.0
Pune,1409.069967104919,4,3,15.173810056050042,0,Semi Furnished,Ground,4,0,1,0,0,0,0,12702918.0
Ahmedabad,2578.6079437238686,2,2,1.8359994053602933,1,Fully Furnished,Ground,2,1,0,1,1,1,0,23620168.0
Bangalore,1518.3018282815394,4,3,17.304559864545993,0,Fully Furnished,Top,1,1,1,1,0,1,1,24682567.0
Delhi,2407.1264138501374,3,2,1.6455114448409986,1,Unfurnished,Top,4,1,0,1,0,1,1,31655517.125
Pune,914.80820094783,3,2,29.679279052626292,1,Fully Furnished,Ground,2,0,1,0,0,0,0,7601022.0
Ahmedabad,713.3935302191464,3,1,10.568668115707897,0,Fully Furnished,Mid,5,0,0,1,0,0,1,5651226.0
Mumbai,939.9574337372327,5,2,11.336733661483958,0,Fully Furnished,Mid,4,0,0,0,0,0,0,14296590.0
Lucknow,2094.564890726733,2,2,13.187005355847303,2,Unfurnished,Top,3,0,0,0,0,0,0,11437001.0
Jaipur,2378.050794846767,3,2,22.44515437556201,0,Fully Furnished,Mid,3,0,1,1,0,0,0,16751217.0
Chennai,1108.910273023683,3,3,9.764845054687767,1,Semi Furnished,Ground,2,0,0,1,0,0,1,9244310.0
Chennai,1269.7169851202211,2,3,8.368445937305983,1,Fully Furnished,Top,1,0,0,0,0,0,1,13225314.0
Bangalore,915.5095448937501,1,2,5.102187231583827,0,Unfurnished,Top,3,0,0,0,0,0,1,9163794.0
Hyderabad,594.1800764408064,1,3,2.0551647459168687,0,Unfurnished,Ground,3,0,1,2,1,0,0,5380780.0
Mumbai,1859.205848888315,3,2,3.167160164643941,1,Semi Furnished,Top,5,0,0,1,0,0,0,28792331.0
Hyderabad,1611.5101514810815,2,3,0.007919745665288011,0,Semi Furnished,Top,3,0,1,1,1,0,1,17656124.0
Delhi,1505.2439913369378,4,2,30.53672748416392,2,Unfurnished,Mid,3,1,0,2,0,0,1,15405038.0
Jaipur,799.97173141831,5,3,21.71989106287134,2,Unfurnished,Top,2,1,1,1,1,0,0,7277650.0
Delhi,2319.97834091433,2,3,3.701603858398958,1,Unfurnished,Mid,3,0,0,0,1,0,1,28837355.0
Pune,1248.3216309752634,3,2,0.03589427132045625,0,Unfurnished,Mid,1,1,0,1,1,1,1,13128973.0
Mumbai,1766.8132124082379,1,2,10.16254206292112,1,Semi Furnished,Top,3,0,0,0,0,1,1,24575227.0
Pune,772.7192973776378,2,4,7.980054529578236,0,Unfurnished,Top,4,0,0,1,0,0,1,7210230.0
Kolkata,1404.7374051899812,3,3,22.44208180690127,1,Semi Furnished,Ground,3,1,0,1,0,1,1,10039737.0
Ahmedabad,1645.6872281192918,3,2,7.734947253722838,0,Unfurnished,Top,2,1,0,2,1,1,1,13968327.0
Chennai,1663.5376090266539,4,2,29.93895306796072,1,Semi Furnished,Top,3,0,0,1,1,1,1,15216585.0
Lucknow,1577.3242716183127,3,3,1.5112047667585797,0,Unfurnished,Top,4,1,0,1,1,1,0,11714180.0
Pune,1747.2612460243863,3,4,6.832237663120211,1,Fully Furnished,Top,3,1,0,0,1,0,0,27248322.0
Hyderabad,934.7397719835194,2,2,40.75808194406701,0,Unfurnished,Ground,3,1,1,0,1,0,1,5671642.0
Kolkata,1598.68630271983,1,3,0.17698435590460931,1,Semi Furnished,Top,3,1,0,0,1,0,0,14895280.0
Chennai,1556.8788417401388,4,1,7.433869464756555,0,Unfurnished,Top,4,1,0,0,0,1,1,14326181.0
Pune,1615.8363420975304,2,4,4.510562598792074,2,Unfurnished,Top,2,0,0,2,1,0,0,17432611.0
Kolkata,1536.1726086595909,5,3,11.3848413858257,1,Fully Furnished,Mid,4,1,0,2,1,0,1,17446573.0
Kolkata,863.3936130433012,2,2,4.901891320675707,0,Unfurnished,Ground,4,1,1,1,0,0,1,6877081.0
Mumbai,841.1001239455131,3,2,30.592706039570537,1,Fully Furnished,Mid,3,0,1,0,1,0,1,11191906.0
Delhi,400.0,5,2,41.502261806193786,0,Unfurnished,Top,3,1,1,1,0,1,1,5155046.0
Kolkata,1908.7672549226488,2,2,28.370478337499765,1,Fully Furnished,Top,4,0,0,1,0,0,1,14957148.0
Bangalore,1913.8287548675994,3,3,7.626623149882221,0,Fully Furnished,Ground,4,1,0,1,1,1,0,28075550.0
Delhi,1921.7751456110602,4,3,68.97852867375886,1,Fully Furnished,Mid,5,0,0,1,1,1,0,25209529.0
Chennai,1653.394981230726,1,2,19.922437593782362,1,Unfurnished,Mid,3,0,1,0,0,1,1,11827106.0
Chennai,433.4403911409445,3,3,6.591742438713667,1,Fully Furnished,Top,1,0,0,0,0,1,1,5230826.0
Chennai,986.6447541073669,2,2,1.4756547143097045,1,Unfurnished,Mid,2,0,0,0,1,1,0,9211043.0
Chennai,1585.207708796556,2,3,16.496282808763468,2,Semi Furnished,Mid,4,1,0,1,1,0,0,14799226.0
Bangalore,1567.7590013958977,2,3,19.56062375767178,2,Unfurnished,Top,3,0,0,1,1,0,1,15746694.0
Pune,1388.6258934239895,4,3,1.9594762877952852,2,Unfurnished,Top,2,0,0,0,0,1,0,16109921.0
Jaipur,1684.4586014541233,2,1,11.96882974326173,0,Semi Furnished,Mid,1,0,0,0,1,0,1,9956716.0
Kolkata,1505.8258538426228,1,2,65.24395398699266,1,Fully Furnished,Top,2,1,0,1,1,0,0,10263886.0
Chennai,1560.3852327756808,3,2,5.923266526792248,1,Unfurnished,Ground,2,0,0,0,0,0,1,12784514.0
Delhi,1180.467333583992,3,2,5.390786848015581,1,Unfurnished,Top,4,1,0,0,1,0,1,16215621.0
Delhi,1991.005493060795,3,2,35.04246415361764,2,Unfurnished,Mid,4,0,1,0,1,0,1,20078174.0
Kolkata,1284.614195659808,2,3,1.8735204176336346,0,Fully Furnished,Mid,4,0,0,0,0,1,1,11081241.0
Pune,834.6754584896868,3,2,40.66450502190007,1,Fully Furnished,Top,1,0,0,0,0,1,0,7980202.0
Lucknow,1114.5004935906356,3,2,22.676983533751617,1,Semi Furnished,Ground,2,1,0,1,0,1,0,5760401.0
Lucknow,1325.7669043190099,3,2,7.4351248695769465,0,Unfurnished,Top,2,0,0,0,1,1,0,9165077.0
Jaipur,1997.0013941844234,2,2,1.3086775796166032,2,Semi Furnished,Ground,2,1,0,0,1,1,0,15657939.0
Pune,1478.8660007826036,3,3,0.2904113552114057,1,Fully Furnished,Ground,1,1,0,0,0,1,0,19522680.0
Kolkata,1406.9258905171755,4,1,7.0700164300057775,1,Fully Furnished,Ground,5,0,0,2,1,0,0,13249593.0
Lucknow,875.6682876186863,3,2,18.329688494617,2,Semi Furnished,Ground,4,0,1,2,0,1,0,5692756.0
Lucknow,1892.741294914788,1,2,10.02767357227176,1,Fully Furnished,Ground,1,0,0,2,0,0,0,11468917.0
Lucknow,1174.0239229883073,2,1,20.128530244278128,2,Unfurnished,Ground,2,1,0,0,1,1,0,5787008.0
Hyderabad,1449.986070529332,3,1,16.655909505826205,0,Fully Furnished,Mid,2,0,0,2,1,0,1,12238631.0
Bangalore,2240.0915384409323,5,3,12.761309013937495,1,Fully Furnished,Ground,4,1,1,2,0,1,1,31655517.125
Kolkata,1754.3816655246524,1,3,51.39730356986064,1,Semi Furnished,Ground,3,1,0,2,0,1,1,10740474.0
Ahmedabad,685.8729761424129,3,2,19.550513610260722,1,Fully Furnished,Mid,3,0,0,0,1,0,1,4753018.0
Mumbai,615.2448818237639,2,2,36.908500127247315,0,Fully Furnished,Ground,4,0,0,2,1,0,0,7118940.0
Mumbai,1467.844774940377,3,3,4.159256130867621,1,Semi Furnished,Mid,1,1,1,0,1,1,0,26571514.0
Pune,893.6296925625975,3,1,18.757563226811126,0,Unfurnished,Ground,2,1,0,1,1,1,0,6813561.0
Kolkata,1824.2733738164989,4,2,13.66219381575344,0,Semi Furnished,Mid,2,1,0,1,1,0,0,14656080.0
Kolkata,1521.1315324824895,2,2,38.713883384317796,1,Unfurnished,Top,1,1,0,1,0,0,0,9529404.0
Mumbai,1582.6923845119316,4,3,10.714122619185463,1,Unfurnished,Mid,3,0,1,2,0,0,1,23946488.0
Jaipur,1146.6284091788234,3,4,4.920091594399545,2,Semi Furnished,Top,2,0,0,2,0,1,1,11261453.0
Mumbai,2370.691827643353,4,2,7.288067886151833,1,Semi Furnished,Mid,3,0,0,1,0,0,1,31655517.125
Kolkata,2858.437593116735,3,2,3.704433511423549,1,Semi Furnished,Top,3,1,0,0,1,0,1,26681428.0
Lucknow,1360.7076381216427,1,3,3.72640115592951,0,Fully Furnished,Top,3,1,1,1,1,1,1,12146623.0
Jaipur,1676.5196242075006,4,4,9.535110514556994,0,Unfurnished,Mid,2,1,0,0,1,0,0,10909167.0
Chennai,1548.7086715321564,2,3,33.46357447228286,1,Unfurnished,Ground,3,1,0,2,0,1,1,9701063.0
Ahmedabad,1370.1565682794658,3,3,3.1954729373122794,0,Unfurnished,Top,2,0,1,1,0,0,0,11204832.0
Hyderabad,1083.9647661336016,4,3,5.09242225488182,1,Semi Furnished,Mid,4,1,0,2,1,1,1,12557664.0
Bangalore,957.5160062597614,2,1,28.7586290086542,0,Unfurnished,Top,3,0,0,2,0,1,0,8434405.0
Chennai,932.201367237238,3,2,6.215838393029891,1,Unfurnished,Mid,1,1,0,0,0,1,0,8391392.0
Delhi,1702.6200127745728,4,1,49.21661592031971,1,Unfurnished,Top,3,1,0,0,1,0,1,17141548.0
Mumbai,1240.1627608981823,5,2,4.69849146380521,2,Unfurnished,Mid,2,1,0,0,1,1,1,20332138.0
Ahmedabad,400.0,3,2,8.75480066657805,1,Semi Furnished,Ground,2,0,0,1,0,1,1,2557799.0
Mumbai,1722.4291102991613,2,3,1.507417926872914,0,Fully Furnished,Top,2,1,0,2,1,1,0,31655517.125
Mumbai,1480.869358767922,3,2,72.75799774987824,2,Fully Furnished,Ground,1,0,0,1,1,1,0,19193088.0
Chennai,2173.336500700573,3,3,33.12850597063684,1,Semi Furnished,Mid,5,1,0,2,1,1,0,18700766.0
Lucknow,1686.5611985455046,3,1,25.520194137021026,2,Fully Furnished,Ground,3,1,0,2,0,0,1,10538750.0
Lucknow,760.6632018448514,4,3,2.5679198350687695,0,Unfurnished,Ground,2,0,0,0,0,1,0,4423444.0
Hyderabad,400.0,2,2,52.28078324930798,1,Fully Furnished,Mid,3,0,0,0,0,1,0,2921763.0
Jaipur,1140.2638078310313,2,3,39.70812689273601,0,Fully Furnished,Mid,3,0,0,0,0,0,1,7036924.0
Mumbai,1187.4462896531736,3,2,8.581779711757003,0,Unfurnished,Ground,2,0,0,2,1,1,0,16685578.0
Pune,1971.5796005000834,5,2,17.168446966329928,0,Unfurnished,Mid,3,0,0,1,1,1,1,19529525.0
Lucknow,1495.5645338552133,3,2,73.30986884692744,1,Unfurnished,Mid,3,1,0,0,0,1,0,6644452.0
Kolkata,2066.8442490492544,5,2,7.9080150590708636,2,Semi Furnished,Mid,2,0,0,0,0,1,0,17671278.0
Ahmedabad,837.5834721486826,4,1,1.7994271146459198,1,Fully Furnished,Ground,3,1,0,2,1,1,0,7792667.0
Pune,1982.632192190224,4,2,30.34921165938604,1,Semi Furnished,Top,4,0,0,1,1,1,1,18510154.0
Chennai,1860.4945767154597,4,2,9.707847330474674,2,Semi Furnished,Ground,2,0,0,1,0,0,1,19425660.0
Chennai,490.8829442844018,4,3,65.10688600071627,0,Unfurnished,Top,3,1,0,0,0,1,1,3706224.0
Hyderabad,2161.308920630386,4,3,12.007407021788863,0,Fully Furnished,Top,5,1,0,1,0,1,0,24021155.0
Hyderabad,1546.7292458831764,3,3,0.4488119917726115,0,Semi Furnished,Top,4,0,0,2,0,0,1,17554816.0
Jaipur,1696.0222519342528,1,2,10.151047538563924,2,Unfurnished,Top,3,1,0,2,1,0,0,11990831.0
Kolkata,1067.5519437857886,2,2,18.991028236300373,1,Semi Furnished,Ground,3,0,0,1,1,1,0,7441002.0
Ahmedabad,2137.6235064609864,2,3,0.39562208388207704,1,Fully Furnished,Ground,3,1,0,1,0,1,0,19875593.0
Kolkata,907.0738353805651,1,2,8.002427567538742,2,Unfurnished,Ground,5,1,0,1,0,1,1,6700295.0
Delhi,1916.046009186973,2,2,2.53622745890735,0,Semi Furnished,Top,2,1,0,0,1,0,1,26484228.0
Hyderabad,1910.3037379543357,4,3,15.454361119929017,0,Fully Furnished,Ground,3,1,0,0,0,1,1,17907246.0
Jaipur,1012.9162859138889,3,1,47.319460162437714,1,Fully Furnished,Ground,1,0,0,0,1,1,1,5825008.0
Bangalore,2491.6867997112868,3,2,14.695844160170662,1,Semi Furnished,Top,2,1,0,0,1,1,1,31655517.125
Mumbai,1615.7642401087596,4,3,17.80563930104339,0,Fully Furnished,Top,3,0,0,2,1,0,0,28896532.0
Mumbai,1826.9463051355121,3,3,7.576702049007177,0,Unfurnished,Mid,4,1,0,2,1,1,1,30747575.0
Bangalore,736.4396023321221,2,3,12.422167356524962,1,Unfurnished,Mid,1,0,0,0,0,0,1,6966657.0
Lucknow,2558.865001504282,4,2,11.774257169693534,0,Unfurnished,Ground,2,0,0,2,0,0,1,14240853.0
Kolkata,887.7215298874551,3,3,21.3821620694223,1,Unfurnished,Ground,2,0,0,1,1,1,0,5234235.0
Bangalore,2012.4432163829651,3,3,29.164394797648278,1,Semi Furnished,Ground,4,1,1,2,1,1,1,23332386.0
Jaipur,1002.6141410341522,2,3,16.310009424379757,1,Semi Furnished,Ground,3,0,0,0,1,0,1,5273853.0
Ahmedabad,1190.5055985761587,3,3,58.537627625263255,2,Fully Furnished,Top,3,1,0,1,1,0,1,10478538.0
Bangalore,1894.3770219427236,4,2,26.429083651926096,1,Fully Furnished,Top,4,1,0,1,0,1,0,25270164.0
Jaipur,2013.7763568375785,2,1,1.996916378582905,0,Fully Furnished,Mid,3,0,0,2,1,1,1,16056058.0
Hyderabad,864.357875442949,5,3,10.623163006532856,1,Unfurnished,Top,4,1,0,2,0,0,1,8305097.0
Pune,2045.236084528497,2,3,35.03221601929899,1,Semi Furnished,Top,4,1,0,0,0,1,0,16169002.0
Chennai,2022.490247566597,3,2,43.21861808556337,2,Semi Furnished,Ground,2,0,0,1,0,0,0,12904729.0
Chennai,1031.0232955775537,4,3,7.1755202232280855,1,Fully Furnished,Mid,3,1,1,2,0,0,1,13956457.0
Delhi,2299.323796795555,4,2,19.40321531984012,1,Semi Furnished,Top,3,0,0,1,0,0,1,28934621.0
Kolkata,771.571185875981,2,2,7.928365774310964,2,Semi Furnished,Top,3,0,0,1,1,1,0,6932063.0
Ahmedabad,1187.6137086111924,2,2,1.9800122770548692,1,Fully Furnished,Mid,3,0,0,1,0,1,0,11065714.0
Pune,1739.5013120459944,3,1,32.39173338959079,2,Semi Furnished,Ground,1,0,0,0,1,1,0,12791616.0
Pune,1073.2168576486968,1,2,40.31337659153773,0,Unfurnished,Ground,4,1,0,2,0,1,1,6983629.0
Hyderabad,1631.9095428396704,3,3,10.540404991897933,0,Semi Furnished,Ground,2,0,0,1,0,1,1,13484679.0
Bangalore,1620.5380394016477,4,2,0.2771562847703589,1,Unfurnished,Top,3,0,0,0,0,1,1,20460204.0
Kolkata,1406.4628650386396,3,1,25.395248331550096,0,Unfurnished,Top,2,1,0,2,0,0,1,8748306.0
Mumbai,1916.20026929528,2,4,9.721470543045113,1,Fully Furnished,Mid,3,0,0,2,1,0,1,31655517.125
Pune,1385.8196036711804,3,2,1.1698829811200542,1,Fully Furnished,Top,5,0,0,1,1,1,1,20580655.0
Jaipur,1615.770534406903,4,3,3.149550864791548,1,Fully Furnished,Ground,3,0,0,1,0,0,0,13203348.0
Mumbai,2073.235938743951,3,3,2.4752307674645135,2,Semi Furnished,Ground,3,0,0,0,0,1,0,31655517.125
Delhi,1895.3431050129202,3,2,17.388761954625757,1,Fully Furnished,Top,2,1,0,2,1,0,0,30599718.0
Bangalore,1893.0086454071043,3,3,5.337475769037563,2,Unfurnished,Top,3,0,0,0,1,0,0,23540787.0
Bangalore,925.4101988916099,2,4,2.0491651004880183,1,Fully Furnished,Ground,4,0,0,2,0,0,1,12433235.0
Ahmedabad,1762.3962877506608,2,3,37.45143853650819,1,Unfurnished,Top,4,1,0,2,0,0,0,10207612.0
Pune,1060.7506045152477,3,2,47.03562894405668,1,Unfurnished,Top,3,0,0,0,0,0,1,8274134.0
Hyderabad,859.2925101109869,2,2,2.237524461432478,2,Semi Furnished,Mid,4,1,0,2,0,1,0,8881498.0
Lucknow,1464.1468268575159,3,2,3.9250667108188506,0,Unfurnished,Mid,1,1,0,2,0,0,0,8671692.0
Lucknow,1047.8524066742052,3,3,13.451760446216758,1,Semi Furnished,Top,3,1,0,2,1,0,0,8041238.0
Chennai,1895.3088594199885,3,3,2.44674867078456,0,Semi Furnished,Ground,3,1,0,1,0,1,0,19520821.0
Jaipur,1907.267729847662,2,3,2.590173523933514,0,Fully Furnished,Ground,2,0,0,1,0,0,0,15621779.0
Mumbai,548.6868817842791,4,2,6.155115581505629,2,Semi Furnished,Top,4,1,0,0,0,0,1,10170219.0
Delhi,1085.848730211555,3,2,44.689126442958596,0,Unfurnished,Top,4,0,0,1,1,0,0,10447684.0
Chennai,770.1066640410006,1,2,49.228111534362746,1,Unfurnished,Mid,4,1,0,0,1,0,1,4800513.0
Bangalore,1268.6853617035547,2,1,27.65731428346286,1,Unfurnished,Ground,1,1,0,0,0,1,0,9524438.0
Mumbai,1727.587834934412,3,3,17.846755114128516,2,Unfurnished,Ground,2,0,1,0,1,1,1,22482933.0
Kolkata,1378.8559509108059,3,2,19.13060175354739,1,Unfurnished,Mid,3,0,0,1,1,0,1,8594086.0
Pune,1205.1203796664322,2,2,9.511089609083882,0,Fully Furnished,Ground,3,0,0,0,1,0,1,11655209.0
Delhi,2150.0882634065697,1,3,11.33027451727126,1,Fully Furnished,Mid,3,0,0,0,1,1,1,30740509.0
Kolkata,400.0,2,1,15.095392304880024,0,Semi Furnished,Ground,1,1,0,1,1,0,1,2645514.0
Hyderabad,2118.4359467591125,5,3,19.711650515920503,1,Unfurnished,Top,3,0,0,2,0,0,0,17407187.0
Pune,1227.855853422257,3,1,1.5279358271889436,1,Unfurnished,Mid,4,0,0,0,0,0,0,10258689.0
Mumbai,1460.9454949436051,3,3,3.821196994407487,0,Semi Furnished,Mid,3,0,0,2,1,1,1,24550801.0
Pune,1236.3183311399457,4,2,49.42954760423672,2,Fully Furnished,Ground,3,0,1,1,0,1,1,11744615.0
Chennai,2271.444052769559,3,1,6.122732913549649,0,Semi Furnished,Mid,3,0,0,1,0,0,0,21756963.0
Ahmedabad,884.5107515973702,3,3,4.6893420588846135,0,Unfurnished,Mid,4,0,0,0,0,1,1,6029065.0
Chennai,1505.8681848609679,2,3,8.220419742736194,0,Fully Furnished,Ground,4,0,1,2,0,0,1,17524048.0
Hyderabad,1763.7193259299984,3,2,5.156819732350704,0,Semi Furnished,Top,3,1,1,0,1,1,1,21077506.0
Jaipur,694.4986160574163,2,3,1.434126541280227,1,Semi Furnished,Ground,2,1,0,1,1,1,1,5406404.0
Kolkata,1040.0509147769233,3,4,3.4971721874004227,0,Unfurnished,Ground,2,0,0,1,0,0,1,7903243.0
Chennai,1425.9107332508854,1,2,15.331428423749752,2,Unfurnished,Ground,3,0,1,2,0,1,0,12029705.0
Ahmedabad,1056.6674826578126,2,3,3.78824861072484,2,Fully Furnished,Mid,1,1,0,2,0,0,1,10041945.0
Jaipur,1092.204114390425,2,2,15.647686291776328,1,Unfurnished,Top,3,0,0,0,1,0,1,6748263.0
Chennai,1325.0686684617813,3,2,1.5817560438546505,1,Semi Furnished,Mid,3,0,0,0,1,0,1,11764983.0
Bangalore,1824.7906658230866,4,2,0.6416765690050851,2,Unfurnished,Ground,4,1,0,1,1,0,1,23244660.0
Ahmedabad,1328.6411115609278,3,2,29.660606343889384,1,Semi Furnished,Mid,2,1,0,2,0,0,1,8573891.0
Kolkata,2039.2130972364732,4,1,21.408382645314294,0,Unfurnished,Top,1,1,0,1,1,0,1,13615899.0
Delhi,1001.1211086703227,3,2,16.450457583209644,1,Fully Furnished,Ground,4,1,0,2,1,0,1,14292496.0
Lucknow,874.0388697632737,3,2,0.47080022581211695,0,Fully Furnished,Top,1,0,0,0,1,1,0,6729470.0
Jaipur,2463.172702860567,2,2,4.103806822434338,1,Fully Furnished,Ground,4,0,0,0,1,0,0,17783069.0
Bangalore,1171.0209361672444,4,2,25.094800025444307,1,Unfurnished,Ground,3,1,0,0,0,1,0,11506175.0
Delhi,844.54399646392,2,2,2.343977845951123,1,Fully Furnished,Ground,1,1,1,0,1,0,0,14234238.0
Mumbai,628.9730291140849,3,2,25.13794837816189,0,Semi Furnished,Top,2,0,0,2,0,0,0,7873172.0
Ahmedabad,2037.5517269044694,3,3,13.164473909173076,0,Unfurnished,Ground,3,0,0,2,1,1,0,13407438.0
Bangalore,1329.3477426699703,3,2,20.227371776921583,2,Fully Furnished,Mid,1,1,0,2,0,0,0,16478704.0
Pune,1373.1451324668008,2,2,15.513749117881963,2,Unfurnished,Ground,4,0,0,1,1,0,1,10305766.0
Mumbai,1420.3991442066801,3,2,8.093253297970483,1,Unfurnished,Ground,4,1,0,1,1,1,0,19224315.0
Mumbai,2006.4714423348905,4,3,5.179187890751174,1,Semi Furnished,Ground,3,0,0,0,0,1,0,29806834.0
Jaipur,1410.2350830120397,4,1,16.754508762379434,1,Unfurnished,Mid,4,0,0,1,1,0,0,9305823.0
Ahmedabad,2672.0268894163128,4,2,24.669207034664232,1,Unfurnished,Mid,2,0,0,0,0,0,1,15064003.0
Bangalore,1566.8802870271147,3,3,0.686460233239741,0,Unfurnished,Top,4,0,0,1,0,1,0,18880623.0
Hyderabad,2030.8923834791606,3,2,7.168333959575628,1,Semi Furnished,Ground,4,0,0,0,0,1,0,16427433.0
Bangalore,1902.6199289522033,1,2,6.478594376021342,2,Fully Furnished,Top,3,0,1,1,1,1,1,31434906.0
Chennai,1481.7763398709812,4,3,12.296679590020638,2,Fully Furnished,Top,2,1,0,2,1,0,1,20770802.0
Mumbai,1206.5145069897685,3,1,1.8143061822680668,1,Unfurnished,Ground,3,0,0,2,0,0,0,16193994.0
Kolkata,1665.9819642832767,3,2,40.64013281169654,0,Fully Furnished,Ground,5,1,0,1,0,0,0,11895290.0
Mumbai,1755.0493656036365,4,2,11.928039739736636,2,Unfurnished,Mid,1,1,1,0,0,0,1,26849399.0
Mumbai,1213.7069759367364,3,1,38.60661962494661,1,Fully Furnished,Mid,2,1,0,0,0,1,1,15784179.0
Lucknow,1583.169432975328,3,2,25.4691953343419,1,Fully Furnished,Top,3,0,0,0,1,1,1,10233920.0
Pune,2118.102489129798,2,2,3.1911955160155943,0,Semi Furnished,Ground,3,0,0,1,1,1,1,19415055.0
Hyderabad,2534.9738695348397,3,1,2.1293131165618386,1,Semi Furnished,Top,2,0,0,1,0,0,0,23173767.0
Delhi,1927.1846601747106,4,2,29.626248841402628,1,Semi Furnished,Mid,4,0,0,0,1,0,0,20930447.0
Delhi,2431.379843190141,3,4,11.521301205529957,1,Fully Furnished,Top,4,0,0,2,1,1,1,31655517.125
Pune,1185.3128943967722,2,3,0.29910359430266475,1,Fully Furnished,Ground,1,1,0,1,0,0,0,14712523.0
Mumbai,1850.941126029647,1,2,40.823130518031405,1,Fully Furnished,Top,5,0,0,0,0,0,1,21921956.0
Delhi,2169.259754290636,3,1,9.609129310263322,1,Fully Furnished,Top,2,1,0,2,1,1,0,31655517.125
Ahmedabad,1051.833333514002,3,2,5.370201198318381,1,Semi Furnished,Ground,2,1,0,1,1,1,1,9406258.0
Hyderabad,1257.2049439774953,1,2,10.903596102830377,0,Semi Furnished,Ground,1,0,0,2,1,1,0,9509550.0
Delhi,2368.9523809176253,3,4,25.967168725131053,1,Fully Furnished,Ground,3,0,0,1,0,0,1,28281362.0
Pune,1012.45057210653,3,4,1.7529417919673826,0,Fully Furnished,Mid,5,0,0,1,1,0,0,12997853.0
Chennai,829.4349836721447,4,2,6.6693172860460805,1,Semi Furnished,Top,2,0,0,0,0,1,0,8746217.0
Delhi,2263.9907868197556,1,1,5.759958167274996,1,Fully Furnished,Top,3,0,0,0,0,0,0,30677195.0
Hyderabad,2098.381612490219,4,3,27.45590039356751,1,Unfurnished,Ground,2,0,0,1,1,1,0,14043372.0
Jaipur,1716.0601219918847,3,3,22.60777443235956,1,Semi Furnished,Ground,1,1,1,1,0,1,1,12101054.0
Jaipur,1477.1446226770863,3,2,7.664985446422422,1,Semi Furnished,Mid,5,0,0,0,1,0,0,9927769.0
Ahmedabad,1280.737747197509,5,2,16.381477179907446,0,Fully Furnished,Ground,3,0,0,0,0,0,1,10504334.0
Bangalore,1640.9744369045256,2,2,7.524160238157397,1,Unfurnished,Mid,3,1,0,1,0,0,1,16395317.0
Bangalore,2289.903478700775,3,3,12.705452784297544,0,Fully Furnished,Mid,3,1,0,1,1,0,1,30846686.0
Delhi,1619.283063071038,3,2,71.02114642797738,1,Unfurnished,Mid,2,0,0,1,1,0,1,15560809.0
Kolkata,2583.479633623483,3,3,11.504310758352949,1,Fully Furnished,Ground,2,0,0,1,1,0,1,22811962.0
Chennai,1051.0290071798847,3,1,67.07891936755395,0,Semi Furnished,Top,2,1,0,2,1,0,0,7606060.0
Pune,1490.1596228358653,2,3,20.627296220557863,1,Semi Furnished,Ground,5,1,0,2,1,1,1,14271820.0
Chennai,1313.4706661680423,3,2,1.929817393916319,2,Unfurnished,Top,3,0,0,1,1,1,0,14280886.0
Jaipur,957.4292284188336,3,2,23.8420418804026,1,Unfurnished,Ground,3,1,1,1,0,0,1,5484132.0
Delhi,1423.4581334951722,4,1,2.638276277321829,1,Fully Furnished,Mid,3,0,0,1,1,0,1,23003869.0
Hyderabad,1708.66465083022,2,2,11.39984076544177,2,Semi Furnished,Top,4,0,0,0,1,1,1,15618287.0
Pune,1762.115089976015,2,2,14.249467014038983,1,Fully Furnished,Ground,2,1,0,1,1,0,0,18738546.0
Chennai,2585.226089472278,3,2,33.4164026455789,1,Fully Furnished,Ground,2,0,1,2,1,0,0,24439141.0
Hyderabad,1732.2337348617798,2,2,3.5438917912918155,0,Semi Furnished,Top,2,1,0,0,0,1,1,16822973.0
Pune,2075.068401839808,3,1,31.305099961584705,0,Unfurnished,Mid,4,0,0,1,0,0,0,13403073.0
Chennai,1533.047123149488,2,2,40.8841517597699,1,Semi Furnished,Mid,4,1,0,0,0,1,1,11014933.0
Ahmedabad,2339.0278002262976,3,2,1.4062123174383048,0,Semi Furnished,Top,3,0,0,2,1,0,1,22697080.0
Jaipur,2699.2246427940345,4,2,32.479582743022924,1,Unfurnished,Ground,2,0,0,0,1,0,1,12722171.0
Mumbai,1765.542565487975,4,2,4.499964956818046,0,Semi Furnished,Mid,2,1,0,1,0,0,0,27055198.0
Pune,1003.6704922742093,3,2,1.2670528453047138,2,Unfurnished,Ground,2,0,0,1,0,1,1,9991470.0
Jaipur,1225.5974886114159,4,2,47.757827514764344,2,Semi Furnished,Mid,4,1,0,0,1,0,1,7414291.0
Lucknow,1640.967151602581,3,1,7.468727040166763,2,Unfurnished,Ground,4,1,0,1,0,1,1,9792410.0
Kolkata,1728.249017625323,3,2,14.631995093083855,2,Unfurnished,Mid,3,1,0,0,0,1,1,13496863.0
Delhi,1849.212567192186,5,1,12.073693144698845,2,Fully Furnished,Ground,2,1,1,1,1,0,0,29489768.0
Lucknow,1730.0988406150204,3,3,3.5963732924632574,1,Semi Furnished,Ground,4,1,0,0,0,0,0,11318102.0
Hyderabad,1503.4924581279693,3,2,16.610212716102133,1,Fully Furnished,Mid,3,0,0,0,1,0,0,13445820.0
Pune,1181.9007793989358,3,2,0.7081822252379235,0,Semi Furnished,Mid,1,0,0,0,0,1,0,11858540.0
Delhi,1700.5691306321148,4,3,3.4052956772612495,1,Fully Furnished,Ground,2,0,1,1,1,0,1,29707469.0
Delhi,2427.4936787403285,2,2,43.41490630075685,1,Fully Furnished,Top,3,0,0,1,0,1,1,25557646.0
Lucknow,2009.9643027138773,1,2,46.026971979588446,1,Fully Furnished,Ground,4,1,0,1,1,1,0,10820948.0
Lucknow,1767.351974818099,2,1,9.885685295701633,0,Fully Furnished,Top,3,0,0,0,1,0,1,13148452.0
Mumbai,2014.7834619113755,2,3,2.7781772440395063,1,Fully Furnished,Mid,2,0,0,1,1,0,0,31655517.125
Chennai,1314.4679855495738,3,3,8.21286438614196,0,Semi Furnished,Top,2,1,0,0,0,1,1,14658565.0
Pune,1245.8674269583398,4,3,31.442204548717257,1,Fully Furnished,Ground,1,0,0,1,1,0,1,10017330.0
Jaipur,1126.107447817009,3,3,1.0929812767718299,1,Fully Furnished,Mid,4,0,0,2,1,0,0,10779710.0
Bangalore,1437.356688615281,2,3,2.052227282510777,2,Semi Furnished,Mid,1,1,0,2,0,1,1,21372288.0
Pune,1288.99705164546,4,3,33.900478770748485,2,Unfurnished,Top,1,1,0,0,0,0,0,11442189.0
Pune,2104.1373703260697,3,2,8.051985486135,0,Semi Furnished,Mid,3,0,0,0,0,1,0,19360345.0
Pune,1262.3382911589056,3,2,1.3072206972569875,2,Unfurnished,Top,2,0,0,1,0,0,0,14218578.0
Delhi,1098.6391418875419,3,3,2.2485545201151003,2,Semi Furnished,Ground,2,0,1,0,0,0,0,15665935.0
Hyderabad,2471.288589415316,4,3,32.11314005992996,1,Fully Furnished,Mid,3,0,0,1,0,0,1,18832878.0
Delhi,1274.3123844593283,3,2,10.103208949018155,2,Unfurnished,Ground,4,0,0,1,0,0,1,14504545.0
Hyderabad,1576.7642286251755,2,2,2.668866118081673,0,Fully Furnished,Top,2,0,0,2,1,1,0,18291541.0
Lucknow,1725.6614123717059,3,3,33.67320104340151,2,Unfurnished,Top,5,0,0,0,0,1,1,9119903.0
Bangalore,931.6534405395925,3,2,27.991966016171077,1,Fully Furnished,Ground,3,0,0,2,1,1,1,10626963.0
Delhi,2117.7418847515346,3,2,0.3493879158716275,2,Unfurnished,Top,4,0,0,2,0,0,0,30334004.0
Hyderabad,1818.5595202056138,2,2,13.047911252233309,1,Fully Furnished,Top,3,0,0,1,1,1,0,19617808.0
Delhi,2279.192005940391,2,1,4.20238960074882,1,Unfurnished,Ground,3,0,0,1,1,0,1,24944670.0
Kolkata,1160.3890313909499,3,2,11.425753223317693,1,Unfurnished,Ground,5,0,0,0,0,1,1,7472691.0
Delhi,1549.56289623808,3,3,4.912325665330522,1,Fully Furnished,Mid,3,0,1,1,0,0,1,26254326.0
Bangalore,1519.6778774970976,3,2,5.6942475274009015,2,Semi Furnished,Mid,2,1,0,1,1,0,0,20879848.0
Bangalore,1631.9442471750108,4,3,13.813992311965036,1,Semi Furnished,Ground,3,1,0,1,0,0,1,19363874.0
Hyderabad,772.6926257114195,5,4,11.610777171189627,2,Fully Furnished,Mid,2,0,1,0,1,0,0,9391142.0
Hyderabad,1555.4181893461111,2,3,7.542673265834204,1,Fully Furnished,Top,2,1,0,1,1,0,1,18113247.0
Lucknow,786.7680442881274,3,4,1.7070739071096355,2,Semi Furnished,Mid,4,0,0,0,0,1,1,6196487.0
Bangalore,1679.1670355984606,1,2,52.313048617447734,1,Unfurnished,Mid,3,1,0,0,0,0,1,12228182.0
Bangalore,435.6754377407401,3,2,2.878408294025229,0,Fully Furnished,Top,2,1,0,0,0,1,0,6470595.0
Mumbai,574.2065828547068,3,3,15.040694257718027,1,Fully Furnished,Ground,1,0,0,1,0,0,1,8390978.0
Pune,1909.2743582199992,2,2,1.295542589741926,0,Fully Furnished,Top,3,0,1,1,1,0,1,25884618.0
Ahmedabad,1226.5807724026085,4,2,17.486328938945046,2,Fully Furnished,Mid,2,0,0,1,0,1,0,10113038.0
Delhi,1006.0709631838795,4,2,1.4946497402419752,1,Semi Furnished,Top,1,1,0,1,0,1,1,16834553.0
Chennai,2135.4228105377742,2,3,3.910896755629338,1,Semi Furnished,Ground,1,1,0,1,1,0,1,21803631.0
Lucknow,1663.8131086642074,1,3,15.618679422303863,1,Fully Furnished,Mid,3,0,1,0,1,1,1,12837605.0
Pune,1936.045097766892,3,3,4.988835819944987,1,Semi Furnished,Ground,3,1,0,1,1,0,1,21502294.0
Ahmedabad,1416.8789638395847,3,3,11.416599280244812,1,Semi Furnished,Ground,2,0,0,1,0,0,1,9730048.0
Mumbai,2839.8143469500014,4,3,1.9944943135382887,2,Semi Furnished,Top,4,1,1,0,0,1,1,31655517.125
Chennai,1197.7430697201025,3,2,3.3922310466873595,1,Unfurnished,Ground,4,1,0,2,1,1,1,12540503.0
Hyderabad,2372.247774679944,3,1,19.851253120376885,1,Fully Furnished,Top,3,1,0,0,0,0,1,22083536.0
Bangalore,1469.3169799500436,4,3,0.536566269941937,0,Fully Furnished,Top,2,1,0,1,1,1,1,26163927.0
Kolkata,672.744802543627,3,1,1.7783785859468577,1,Fully Furnished,Mid,3,1,0,1,1,0,1,7050605.0
Lucknow,1741.4243728740544,3,4,3.630233032824051,0,Fully Furnished,Ground,4,0,0,0,0,1,0,11861092.0
Jaipur,1657.3812807275817,3,3,0.30595761435882735,1,Semi Furnished,Ground,1,1,0,1,1,0,1,12687114.0
Bangalore,974.3390928803851,4,3,1.5035831136821185,1,Semi Furnished,Ground,3,0,0,2,1,1,0,12822246.0
Kolkata,1038.8903614326427,2,4,4.956578170443209,2,Unfurnished,Ground,3,0,0,2,1,0,1,8818736.0
Ahmedabad,1487.6511784575039,2,2,1.4628273063135009,1,Fully Furnished,Ground,4,0,0,0,1,0,0,11552277.0
Hyderabad,1674.8739076239908,2,1,30.162107179906307,0,Unfurnished,Top,2,0,1,0,0,1,1,11041071.0
Chennai,400.0,4,2,1.0253677305640607,1,Unfurnished,Mid,2,0,0,0,0,0,1,3594885.0
Ahmedabad,2026.5607262619014,3,2,29.597461209424257,0,Unfurnished,Mid,2,1,0,1,0,1,0,10412348.0
Bangalore,1252.7510130925111,3,2,25.96223076649106,0,Unfurnished,Ground,4,0,0,1,0,0,1,9909065.0
Bangalore,834.1262578009118,5,2,1.593106351235933,1,Semi Furnished,Top,2,1,0,1,1,0,1,13962533.0
Chennai,1970.5332757259653,4,3,0.38271070505954813,1,Unfurnished,Top,4,0,0,1,1,1,0,22011174.0
Jaipur,1488.1910102907718,5,2,0.7692733357428256,0,Semi Furnished,Ground,5,1,1,2,0,0,0,13776923.0
Kolkata,2108.082888391127,2,2,13.387809801060584,0,Semi Furnished,Mid,4,0,0,0,0,0,1,14654697.0
Ahmedabad,1718.9761314898778,4,2,16.646021826649584,1,Unfurnished,Ground,3,1,0,1,1,1,0,10776629.0
Hyderabad,1499.242748525977,3,2,14.53957435292491,1,Fully Furnished,Top,4,0,0,1,1,1,1,16023104.0
Bangalore,1423.6350275099219,1,2,11.696167532606223,1,Semi Furnished,Ground,3,0,0,0,1,1,1,14370973.0
Ahmedabad,1741.3563802780689,3,2,2.8798356824051528,0,Fully Furnished,Ground,4,0,0,0,1,0,1,14179473.0
Jaipur,1293.234370595335,3,3,27.578417219219656,1,Semi Furnished,Ground,2,0,0,0,0,0,1,6765458.0
Ahmedabad,1073.7137056267502,2,2,5.952522908969236,2,Semi Furnished,Top,4,0,0,2,1,0,1,9342687.0
Chennai,1804.954561327322,3,1,64.22261912809438,1,Unfurnished,Mid,3,0,0,1,1,0,1,11109188.0
Hyderabad,1427.7560792777854,4,2,7.288527224508701,0,Unfurnished,Ground,3,0,0,2,1,1,1,11681681.0
Mumbai,1516.7838240345031,3,2,4.577609390568075,1,Fully Furnished,Mid,3,0,0,1,1,1,1,28090962.0
Chennai,2044.689918077304,3,3,33.70027734631408,2,Semi Furnished,Mid,2,1,0,1,1,0,0,16727422.0
Ahmedabad,1443.0616961321296,3,4,12.569617585376513,0,Fully Furnished,Top,1,0,0,1,1,1,0,13650043.0
Mumbai,1507.5169627708954,4,3,19.19394487455883,1,Unfurnished,Ground,3,0,0,0,1,0,0,18254469.0
Bangalore,1200.175244274534,1,2,7.873837373513417,2,Unfurnished,Ground,2,0,0,2,1,0,1,12745726.0
Mumbai,1715.3699669909254,3,2,32.694300070078015,0,Fully Furnished,Mid,2,0,1,1,0,0,1,24343470.0
Jaipur,1674.913956340044,2,1,37.46535859266529,2,Fully Furnished,Mid,5,0,0,0,1,0,0,10295763.0
Delhi,1950.3875658952788,4,2,8.610979661093726,1,Semi Furnished,Mid,2,0,0,1,0,1,1,27019179.0
Jaipur,1210.435581496562,2,2,4.130845717439478,1,Fully Furnished,Top,2,0,1,0,0,0,0,12126115.0
Chennai,1271.0915152049072,3,3,15.647864579044816,2,Fully Furnished,Top,2,0,0,0,1,0,0,15918018.0
Delhi,1896.0686995727347,3,2,46.378472451376666,0,Unfurnished,Mid,3,1,0,1,0,0,1,17929374.0
Chennai,1626.1065016814316,4,2,14.610643371059714,1,Unfurnished,Top,4,0,0,1,1,0,0,14382883.0
Lucknow,1046.8909369036528,2,2,46.259418442186174,2,Fully Furnished,Top,2,1,1,0,1,1,1,7843008.0
Hyderabad,2153.2770338672503,3,3,6.319526948320967,1,Unfurnished,Top,3,1,0,1,1,0,0,22596622.0
Pune,650.7747157998746,2,2,36.99052050213534,0,Unfurnished,Ground,2,1,0,2,1,0,0,4305262.0
Bangalore,1892.1423766318758,5,2,1.7913309689915733,1,Unfurnished,Top,4,1,0,0,0,1,1,27321603.0
Bangalore,867.3939820009017,3,1,6.667013079444257,0,Unfurnished,Mid,3,1,1,0,0,0,0,9699690.0
Lucknow,2442.8942582427635,3,2,10.232255056161396,1,Semi Furnished,Ground,4,1,0,0,1,0,0,14628972.0
Ahmedabad,727.7001365471883,3,1,15.881227909098127,1,Semi Furnished,Mid,4,0,0,2,1,0,0,5014701.0
Kolkata,2076.1253259363743,3,2,5.225059376205145,1,Fully Furnished,Top,4,1,0,1,1,0,1,23823066.0
Chennai,1459.182819994378,2,1,38.7026339425148,1,Semi Furnished,Mid,5,1,0,2,1,1,1,11390842.0
Pune,1316.698715080628,3,2,35.07259482670017,0,Fully Furnished,Mid,3,0,0,1,1,1,1,10878912.0
Pune,1592.6983282338806,5,2,24.091896992357842,0,Semi Furnished,Top,3,0,0,1,0,0,0,14343361.0
Jaipur,1815.9501695789065,3,3,1.82171373794514,2,Semi Furnished,Mid,2,0,1,1,0,1,0,16473609.0
Jaipur,1047.7997488345652,4,2,1.2228850567894771,0,Fully Furnished,Top,2,0,0,0,1,1,0,9597610.0
Kolkata,1092.1061374157139,2,1,10.341255845549814,0,Fully Furnished,Top,3,0,1,0,1,1,1,10567308.0
Ahmedabad,1824.802432556443,4,2,21.74450438933146,2,Fully Furnished,Top,3,0,0,0,0,1,1,16228436.0
Lucknow,646.3285231752001,3,3,1.972759498268685,1,Unfurnished,Mid,2,0,0,2,1,1,1,4713364.0
Mumbai,1207.8854534039574,3,2,15.384783066111732,1,Unfurnished,Mid,2,0,0,1,0,1,0,15108827.0
Jaipur,2858.437593116735,3,2,11.257049483047558,0,Unfurnished,Mid,3,0,0,2,0,1,0,18170054.0
Ahmedabad,1015.9935177053596,3,3,19.418828388471628,0,Fully Furnished,Ground,2,1,0,1,0,0,0,6817550.0
Hyderabad,2073.9013958798764,3,2,8.573908283513804,1,Unfurnished,Mid,3,1,0,0,0,1,0,16724216.0
Bangalore,1207.024615643094,3,2,17.7281116966159,1,Semi Furnished,Top,3,0,0,2,0,1,1,15453962.0
Bangalore,1754.522572398572,3,1,2.6083144251955823,2,Semi Furnished,Top,4,0,0,1,0,1,0,25606944.0
Ahmedabad,1827.1778452981087,1,1,3.623322680008619,1,Semi Furnished,Ground,3,1,0,2,0,1,1,14067144.0
Kolkata,2064.4783675914737,3,4,35.04741302092314,0,Semi Furnished,Ground,2,0,0,0,0,0,1,11434300.0
Lucknow,1399.8730865936122,3,2,5.993179168150579,1,Unfurnished,Ground,2,1,0,0,1,0,1,8640645.0
Pune,2494.4423193774264,3,2,63.510115997959744,0,Unfurnished,Ground,2,0,0,0,0,0,0,15475610.0
Kolkata,1205.3317177074098,3,4,0.7095914021986045,0,Semi Furnished,Mid,2,0,0,0,1,0,1,11721923.0
Ahmedabad,1617.11020679978,3,3,10.273989635385455,1,Fully Furnished,Mid,4,0,0,1,0,0,1,13744947.0
Lucknow,1622.6384661088036,3,2,5.895353589830536,1,Semi Furnished,Top,3,0,0,2,1,0,1,11490449.0
Lucknow,939.0159400252924,2,3,80.0,0,Semi Furnished,Mid,3,0,0,2,0,1,1,4823962.0
Chennai,1357.0638725104398,4,3,69.12977814759556,2,Fully Furnished,Ground,3,0,0,1,0,1,0,12108685.0
Delhi,1580.7567496192037,1,3,4.022962864550018,1,Fully Furnished,Ground,3,0,0,0,1,0,0,23452606.0
Bangalore,1283.93947843529,3,1,4.664401324325213,0,Unfurnished,Ground,4,0,1,0,1,1,1,14290406.0
Ahmedabad,2720.4619827282677,2,2,20.774761421431137,0,Fully Furnished,Ground,4,1,1,0,1,0,0,21990739.0
Pune,1080.6881632002346,3,2,33.06479354886711,2,Fully Furnished,Mid,2,1,0,1,0,0,0,9807096.0
Delhi,2089.712234070214,3,1,16.346140553333875,2,Unfurnished,Top,3,0,1,1,0,0,0,25991616.0
Hyderabad,1928.2299065743932,3,2,30.004903990532064,1,Unfurnished,Top,2,1,1,2,0,1,1,14615745.0
Jaipur,1493.0689327478642,3,2,0.9807624652270135,1,Semi Furnished,Mid,3,0,0,0,0,1,1,10657378.0
Chennai,1067.3954730738765,1,2,15.346804949771983,1,Semi Furnished,Ground,2,0,0,1,1,1,1,9284684.0
Jaipur,1115.872339804115,2,2,18.068138957940803,2,Fully Furnished,Mid,3,0,0,1,1,1,1,8298400.0
Delhi,1241.0163503917452,3,2,3.166725209021651,0,Unfurnished,Mid,2,0,0,1,0,0,1,14557954.0
Delhi,607.1293590268685,4,2,22.57415570821984,2,Fully Furnished,Top,2,1,0,2,0,1,1,9723308.0
Jaipur,998.2672871003547,3,3,43.307250119023806,2,Fully Furnished,Mid,1,0,0,2,1,1,0,6935251.0
Pune,758.7617423181787,2,3,34.23681018850073,1,Semi Furnished,Ground,5,1,0,0,1,1,1,5878370.0
Pune,2172.937501588858,3,4,4.214915633738938,0,Fully Furnished,Mid,2,0,0,2,1,0,1,26154714.0
Mumbai,1809.2311961941093,3,2,5.873269686371786,1,Fully Furnished,Top,4,0,0,0,0,0,1,31655517.125
Hyderabad,1892.9870494327301,3,3,10.385553305462953,0,Semi Furnished,Top,4,1,1,0,0,1,0,19104746.0
Pune,1794.4159757709738,4,3,2.5860647508393093,0,Semi Furnished,Top,2,0,0,2,0,0,1,22770324.0
Hyderabad,1583.4838116670817,3,3,46.171443110634385,2,Unfurnished,Mid,3,1,0,2,0,0,0,9961540.0
Hyderabad,2230.3401660645686,1,3,2.643839182761908,1,Semi Furnished,Ground,4,0,0,0,0,1,1,19196377.0
Delhi,1194.6186721341314,2,2,21.495944902824533,1,Unfurnished,Ground,3,1,0,0,1,0,0,10967399.0
Hyderabad,1553.3348276835225,3,2,6.265224808675655,0,Unfurnished,Ground,2,1,0,2,1,1,0,12754917.0
Chennai,1873.5294139120615,3,3,12.789911143925915,1,Semi Furnished,Top,4,1,1,2,1,0,1,22213005.0
Jaipur,839.3953840719355,2,3,0.7248418353044129,1,Semi Furnished,Top,2,1,0,0,1,1,1,7734761.0
Mumbai,2858.437593116735,5,3,3.441421193704873,0,Semi Furnished,Top,2,1,0,2,0,1,1,31655517.125
Ahmedabad,1514.2828813887932,3,1,8.815363476990791,1,Fully Furnished,Ground,2,1,1,1,1,0,1,13379335.0
Kolkata,1570.9947252877964,3,2,16.96042702355266,0,Semi Furnished,Top,3,1,0,1,1,1,0,11921510.0
Mumbai,2128.439015837461,1,2,22.546598042444288,1,Unfurnished,Top,1,1,0,1,0,0,1,25934533.0
Chennai,1957.477666505112,4,3,0.45906122477957195,2,Unfurnished,Mid,4,1,0,0,1,0,0,19239308.0
Mumbai,1519.0390096982296,4,3,2.48179343016544,0,Unfurnished,Top,2,1,0,1,1,1,0,26576137.0
Hyderabad,1565.064719049021,2,2,19.62843418686344,0,Semi Furnished,Top,2,1,0,1,1,1,1,12571504.0
Delhi,747.9257345260105,4,3,25.154146511667157,1,Unfurnished,Ground,4,1,0,1,0,0,0,7795619.0
Kolkata,1221.7671110750118,3,1,4.04903763187445,1,Unfurnished,Ground,4,0,0,1,0,0,1,8315449.0
Pune,1758.60510807948,3,2,3.913714159725628,1,Fully Furnished,Mid,3,1,1,0,1,1,1,27930468.0
Delhi,1721.9464195214432,4,2,1.3822135432935823,1,Semi Furnished,Ground,3,0,1,2,0,1,1,26960193.0
Hyderabad,2110.5828750020437,3,3,2.442972644437154,0,Semi Furnished,Ground,3,0,0,1,1,1,1,18809601.0
Hyderabad,1439.7494708883378,4,3,0.12072287802260054,1,Unfurnished,Top,3,0,0,1,0,0,0,13906428.0
Kolkata,806.3567432845668,4,2,13.367798905113682,0,Fully Furnished,Mid,3,0,0,0,1,1,0,7208821.0
Kolkata,2028.3652153878388,5,2,35.13413842727914,0,Unfurnished,Top,4,1,0,0,0,0,0,13376344.0
Bangalore,2218.044673091008,2,2,2.4303052107723575,1,Fully Furnished,Top,4,0,0,0,1,1,1,31655517.125
Lucknow,1949.1222864281146,3,2,20.881286289972138,1,Unfurnished,Mid,4,0,0,0,0,1,1,9315029.0
Lucknow,1418.1831645712543,3,4,12.78772571536611,0,Unfurnished,Ground,2,1,0,0,1,0,0,7673752.0
Delhi,2022.1930259382896,3,3,42.18164660359868,0,Semi Furnished,Mid,2,0,1,0,0,0,0,21608282.0
Pune,2858.437593116735,3,2,24.001414687310614,1,Fully Furnished,Top,2,0,0,0,1,1,0,31655517.125
Mumbai,1557.5761572202377,2,2,28.73221509835552,1,Fully Furnished,Mid,4,0,0,0,1,0,0,20583204.0
Hyderabad,844.1316538774378,4,2,15.289067581256662,0,Fully Furnished,Ground,1,0,0,2,0,1,0,7347742.0
Hyderabad,1206.857475223924,5,2,25.01682386121116,0,Semi Furnished,Mid,2,0,0,0,0,1,1,8357562.0
Bangalore,1812.7380001520255,3,3,6.481822639050065,1,Semi Furnished,Top,4,1,0,0,0,1,1,24544404.0
Delhi,697.5978445509686,2,1,3.517193328765488,0,Unfurnished,Top,2,0,0,2,1,0,1,8416239.0
Delhi,1584.7015374560347,1,3,36.545171314985076,1,Fully Furnished,Top,2,0,0,0,1,0,0,18677296.0
Jaipur,1690.1683251579414,2,2,19.882837013963673,1,Fully Furnished,Top,4,0,1,1,1,0,1,13901336.0
Kolkata,2267.560869906326,3,4,1.4262508823173092,2,Unfurnished,Ground,2,0,0,1,1,1,1,19978327.0
Pune,2155.0974280271503,4,1,30.25089209325226,1,Unfurnished,Mid,4,0,0,0,0,0,1,13789758.0
Kolkata,1932.2923958758856,2,3,6.4364713503355535,1,Unfurnished,Mid,2,0,1,0,0,1,1,16333559.0
Pune,418.6604947427352,3,3,5.313264994407884,1,Unfurnished,Mid,2,1,0,2,0,0,0,4035610.0
Chennai,1960.5265640239627,3,1,14.645132716347916,1,Fully Furnished,Ground,2,0,0,0,0,1,0,15961840.0
Ahmedabad,1852.7566930301232,2,2,12.610745752201055,1,Unfurnished,Mid,4,1,0,1,0,0,0,11856914.0
Lucknow,1627.9721885391732,3,3,11.591193237937752,1,Fully Furnished,Mid,4,0,0,0,1,0,1,12523910.0
Lucknow,634.8889369272572,3,2,4.413093295434942,2,Fully Furnished,Ground,2,1,0,2,0,1,1,5217127.0
Pune,1111.6130454064698,4,2,48.198533139200734,2,Fully Furnished,Top,3,0,0,0,0,0,1,10917089.0
Lucknow,916.5886152329668,3,3,44.9723051907447,1,Unfurnished,Top,2,0,0,2,0,0,0,4543168.0
Kolkata,492.49578024645473,3,1,0.06256313917906926,2,Unfurnished,Ground,3,0,1,0,0,1,0,4063746.0
Hyderabad,1498.5424242926028,3,2,6.183440670556337,1,Unfurnished,Ground,2,0,0,0,0,0,1,10905446.0
Kolkata,1101.0889392786103,2,3,0.6992793141328514,1,Unfurnished,Top,4,1,0,1,0,1,1,10736779.0
Pune,2812.6527901344557,2,2,28.481697055340184,1,Semi Furnished,Ground,3,0,0,0,1,0,1,20136966.0
Delhi,1415.6140302810452,3,2,32.641697172160626,0,Unfurnished,Mid,4,0,0,0,1,1,1,12608879.0
Kolkata,2146.87657793298,1,2,10.956453034765975,2,Semi Furnished,Mid,3,1,1,2,0,0,0,17951579.0
Lucknow,715.4504876533877,2,3,27.458568015906952,1,Unfurnished,Ground,3,0,0,1,1,1,0,3333963.0
Bangalore,1234.9552069975653,3,2,18.228555920649395,1,Semi Furnished,Top,3,0,0,0,0,1,0,12871665.0
Jaipur,1548.4489380171574,3,3,10.384431438899133,1,Unfurnished,Mid,4,0,0,1,0,0,0,10397385.0
Hyderabad,1045.9230256961648,2,2,6.783903256979399,1,Unfurnished,Top,1,1,0,1,0,0,0,8589358.0
Lucknow,1288.8996575976278,2,3,4.643293070781423,0,Fully Furnished,Mid,3,0,1,0,1,0,1,10382264.0
Bangalore,1391.0245468782307,3,2,4.505009314093053,0,Semi Furnished,Top,4,1,0,2,1,1,0,19858750.0
Pune,1383.0460072775527,3,4,12.385250630803416,2,Unfurnished,Ground,3,0,0,2,1,1,0,14066455.0
Chennai,2427.559286517673,3,1,2.7373824470220542,2,Semi Furnished,Mid,1,0,0,1,1,1,1,27522073.0
Bangalore,1689.1131427157552,3,2,2.8817947973550493,2,Fully Furnished,Mid,1,1,0,1,0,1,1,27060252.0
Ahmedabad,1739.7552814706517,1,2,0.15671592397583367,0,Semi Furnished,Mid,4,0,0,1,0,0,0,11682880.0
Chennai,1769.8273871725353,2,2,14.252679668574238,1,Unfurnished,Ground,2,0,0,2,1,0,0,13734553.0
Mumbai,1806.3131886685562,2,2,77.62606764381133,1,Fully Furnished,Ground,2,1,0,1,0,0,0,21649525.0
Hyderabad,1458.5565080625672,2,3,33.00305082664942,1,Unfurnished,Top,2,1,0,0,1,0,0,10008378.0
Lucknow,1339.6268142605768,5,3,18.34681471310814,1,Fully Furnished,Top,2,0,0,0,0,0,0,10343678.0
Mumbai,1583.4080297591388,3,2,23.093452288125537,0,Fully Furnished,Top,1,0,1,1,0,0,1,23511715.0
Kolkata,2078.4019744567363,3,2,8.089732406579682,0,Semi Furnished,Mid,4,0,0,2,1,0,0,17486674.0
Pune,2063.119094218192,3,3,5.309028112042181,0,Unfurnished,Top,2,1,0,2,0,0,1,23935006.0
Hyderabad,1379.8007621557945,1,2,6.897907443050477,1,Unfurnished,Top,3,0,0,2,0,0,1,10505389.0
Delhi,1883.9218473340557,2,2,1.2739281876018924,1,Fully Furnished,Mid,4,0,0,1,0,1,0,26835784.0
Chennai,1402.7076684801661,4,2,15.068438007834647,2,Unfurnished,Top,5,1,0,0,1,0,1,14154394.0
Delhi,1516.9352747176222,4,2,2.8831244488625627,0,Fully Furnished,Mid,3,0,0,0,1,1,1,23619428.0
Mumbai,1263.2383092229013,3,2,21.587720893120398,1,Semi Furnished,Mid,5,1,0,0,1,0,1,16798654.0
Bangalore,1409.1774305468832,3,3,3.16037959206436,2,Fully Furnished,Top,3,1,1,1,1,1,0,27516550.0
Bangalore,2170.66503477484,4,2,3.883970945325669,1,Unfurnished,Top,4,0,0,0,1,0,1,28061419.0
Pune,1546.210573669618,2,3,47.305326557535196,0,Fully Furnished,Top,4,0,0,0,0,1,0,13647021.0
Mumbai,1567.6412542761589,2,2,1.6706102757043568,0,Unfurnished,Ground,1,0,0,0,0,0,0,18113222.0
Jaipur,776.3911103710208,2,2,10.362524015322755,1,Semi Furnished,Top,2,0,0,1,0,0,1,5781415.0
Hyderabad,1345.3780461836352,3,2,0.9710622323605894,0,Semi Furnished,Ground,3,0,1,0,1,0,1,12907678.0
Chennai,1379.3425481276356,2,3,1.4211065014656823,2,Fully Furnished,Mid,2,1,0,1,1,0,1,17879533.0
Bangalore,1085.4282572782975,3,2,15.056366186329656,1,Semi Furnished,Mid,1,0,1,1,0,1,0,12135841.0
Bangalore,1510.8327058517818,3,2,14.943296751856881,1,Semi Furnished,Top,4,1,1,2,0,1,1,20528716.0
Delhi,1285.4088548861728,3,2,3.2187100396580033,1,Fully Furnished,Top,2,1,0,2,0,0,1,20688438.0
Delhi,1539.9979276217912,2,1,30.892997359452906,2,Unfurnished,Top,2,1,0,0,0,1,1,15103459.0
Lucknow,1560.7515049094673,3,1,18.169342375958497,1,Fully Furnished,Ground,4,0,0,2,0,0,0,8943499.0
Kolkata,1022.1228210886778,3,2,5.363213787366816,1,Fully Furnished,Mid,2,0,0,1,0,1,1,10044341.0
Jaipur,1300.6491087584054,2,2,4.2829969065238895,2,Unfurnished,Ground,4,1,0,0,1,1,1,8764482.0
Delhi,1538.6871413804167,2,4,21.05375972157861,2,Semi Furnished,Top,3,0,0,0,0,0,1,19305632.0
Delhi,2092.1497155783627,3,2,19.84269224476811,0,Fully Furnished,Ground,4,0,0,1,0,0,1,21632936.0
Hyderabad,1628.3595863978703,2,3,2.417184767228367,0,Fully Furnished,Mid,4,1,1,0,1,0,0,17362376.0
Lucknow,1169.032410041286,4,2,6.443013486574209,0,Unfurnished,Top,3,0,0,1,1,1,0,7643547.0
Delhi,1699.5023796219261,3,2,3.6631570046359716,0,Fully Furnished,Ground,4,0,0,0,0,0,1,22565201.0
Chennai,2353.7744446608804,2,4,5.225164591457781,2,Unfurnished,Mid,3,0,0,0,1,1,0,21708186.0
Hyderabad,1958.3532362945093,3,3,5.0859771418754915,1,Fully Furnished,Top,3,1,1,1,1,0,1,27933153.0
Kolkata,1773.7632652178102,3,2,55.96034152504108,1,Fully Furnished,Top,3,1,1,0,0,0,0,13693992.0
Mumbai,1862.7950877411608,2,3,20.807103167887448,0,Unfurnished,Top,1,0,0,0,1,0,0,21337614.0
Hyderabad,2219.9770207143156,2,4,22.715465200392522,2,Unfurnished,Top,4,0,0,0,0,0,1,16547474.0
Mumbai,2037.8133970088302,3,2,4.873972784950927,2,Fully Furnished,Ground,2,1,0,0,0,1,0,31655517.125
Bangalore,1783.3801905588289,2,1,0.007908360067832328,1,Unfurnished,Ground,2,0,0,0,0,0,1,16787886.0
Lucknow,2034.3211097950425,2,1,0.8987503528317882,1,Fully Furnished,Top,3,1,0,0,0,0,1,15151098.0
Kolkata,959.1744518679695,2,3,12.077942435221699,1,Unfurnished,Top,2,0,0,2,1,0,0,7784351.0
Lucknow,748.8673738298595,2,3,5.0421882650648095,1,Semi Furnished,Ground,3,0,0,2,0,0,1,4445326.0
Kolkata,1578.5493253219151,3,3,3.215630330295367,0,Semi Furnished,Ground,3,0,0,1,1,0,0,13105190.0
Lucknow,1534.3403548252693,4,1,0.7637308283546168,1,Semi Furnished,Top,3,1,0,2,1,1,1,12564516.0
Hyderabad,1228.0449732433713,3,3,31.29780680395953,1,Semi Furnished,Top,2,0,0,0,0,1,1,9406894.0
Lucknow,1912.9263349138548,3,2,13.749137253132485,1,Fully Furnished,Ground,4,0,0,1,0,1,0,12217442.0
Ahmedabad,568.568206774382,4,2,1.7038007816523593,1,Fully Furnished,Ground,3,0,1,2,1,0,1,6463222.0
Kolkata,1232.613871971098,2,1,21.812433305552613,2,Semi Furnished,Ground,2,0,1,1,0,0,0,8567099.0
Mumbai,1257.5222275611925,2,4,21.148087775418887,1,Semi Furnished,Ground,1,0,0,1,0,0,0,13456254.0
Kolkata,681.8491074502703,3,2,5.124760789032234,1,Semi Furnished,Top,3,0,0,0,0,1,0,6592583.0
Bangalore,2247.3655036346518,3,2,3.131712083734638,2,Unfurnished,Ground,3,0,0,0,1,0,1,25212574.0
Chennai,820.3993656683385,3,3,25.22866754857552,1,Fully Furnished,Top,4,1,0,0,0,0,0,8072561.0
Ahmedabad,1205.829971346157,2,3,5.997421871559445,1,Semi Furnished,Ground,2,0,0,0,1,0,0,8559205.0
Pune,1953.989878902567,2,2,28.201787919504234,1,Semi Furnished,Ground,4,0,0,0,1,0,1,14466102.0
Kolkata,1823.0226717143657,3,3,0.6694951622698283,1,Fully Furnished,Mid,4,0,0,2,1,1,1,20630822.0
Delhi,945.9126517576267,4,3,10.375891329190393,0,Semi Furnished,Mid,3,1,0,0,0,0,1,12179870.0
Hyderabad,1841.2446046303182,3,1,2.969362518230934,1,Semi Furnished,Mid,4,1,1,1,1,0,1,19580158.0
Hyderabad,1644.892239329111,1,2,16.72317458441505,2,Fully Furnished,Ground,4,0,0,1,1,1,1,13689626.0
Lucknow,2666.5177810557334,3,2,80.0,1,Fully Furnished,Mid,3,0,0,1,1,1,0,16238861.0
Lucknow,1701.9702080341522,2,2,7.978467165874751,1,Unfurnished,Mid,2,1,0,1,0,0,0,9514365.0
Hyderabad,1429.379089465734,2,3,1.5855844095626295,0,Fully Furnished,Top,2,0,0,2,1,0,1,18208167.0
Jaipur,1071.7490214402887,3,2,5.7336965850625585,2,Semi Furnished,Mid,3,1,0,1,0,1,1,8934244.0
Ahmedabad,1127.8783165222144,3,3,33.315975174323555,1,Fully Furnished,Mid,2,0,0,1,1,0,1,8126131.0
Ahmedabad,1087.1154522659208,4,3,21.771201303706498,1,Fully Furnished,Top,3,1,0,0,1,0,1,9673878.0
Mumbai,2185.549406955961,3,2,3.9636177786258946,1,Semi Furnished,Ground,3,0,0,1,0,0,1,31655517.125
Kolkata,1508.9849575082353,3,3,46.05642330368356,1,Fully Furnished,Mid,3,0,0,1,1,0,1,11634124.0
Pune,1782.623561987365,3,3,14.600375830892354,0,Unfurnished,Top,3,0,0,0,0,0,1,14928131.0
Hyderabad,2257.1237999904433,2,2,2.7597332295803287,0,Fully Furnished,Top,2,0,0,2,1,1,0,25998743.0
Kolkata,400.0,4,3,12.740775540974688,0,Fully Furnished,Mid,2,0,0,2,0,0,1,3819089.0
Ahmedabad,2139.4368823501873,3,4,9.00241916048834,1,Semi Furnished,Top,3,1,1,1,1,0,0,21738027.0
Bangalore,1527.698455891667,1,1,25.696803786381448,1,Unfurnished,Mid,3,0,0,2,1,1,0,12040937.0
Hyderabad,1717.524185820222,3,4,6.327577010658492,1,Unfurnished,Ground,2,0,0,0,1,1,0,13273168.0
Kolkata,1085.7983891258743,3,1,31.189021731219167,1,Fully Furnished,Mid,1,0,0,1,1,0,1,8442084.0
Ahmedabad,1122.437800775741,5,2,25.067337144177618,0,Unfurnished,Ground,2,0,0,1,1,0,1,6546591.0
Chennai,1744.422944906494,4,3,16.840660352308085,1,Semi Furnished,Top,3,1,0,0,0,0,1,17538254.0
Ahmedabad,2692.2989001657347,2,3,4.488370947155329,0,Fully Furnished,Top,3,0,0,1,1,1,1,25775272.0
Lucknow,2001.6566564074508,3,3,52.7640684552283,1,Unfurnished,Ground,2,1,1,1,0,0,0,10278813.0
Delhi,2132.76146070927,3,2,11.933240489330336,1,Semi Furnished,Mid,3,0,0,0,1,0,0,25049101.0
Jaipur,1403.99936486929,2,3,35.71046644981952,0,Semi Furnished,Mid,3,0,0,0,1,1,1,7335522.0
Jaipur,1199.8978877071859,3,3,3.645027025519875,1,Semi Furnished,Mid,3,0,0,0,0,1,1,9592893.0
Lucknow,1109.5975242105033,3,2,61.45569500783786,1,Fully Furnished,Top,4,0,1,0,1,0,1,6896920.0
Lucknow,1255.863137651656,1,2,25.397122044478074,1,Semi Furnished,Top,2,0,0,1,1,1,0,6899261.0
Hyderabad,473.60878341473745,3,3,44.70582398692945,1,Semi Furnished,Ground,2,1,0,1,0,0,0,3473141.0
Chennai,1137.540328554199,3,2,3.58082136175757,0,Fully Furnished,Mid,3,0,0,0,0,1,1,12557088.0
Chennai,1219.8234219700785,2,2,8.44911163437927,1,Fully Furnished,Top,4,0,0,1,0,0,0,13804343.0
Hyderabad,1412.3209128025794,3,1,1.5410248444394357,2,Semi Furnished,Top,3,0,0,2,0,0,1,13508874.0
Kolkata,1565.875054873646,3,3,2.2095805524489793,1,Fully Furnished,Top,2,1,0,0,1,0,0,17388377.0
Hyderabad,1681.2254343128052,2,2,5.010260719013318,0,Unfurnished,Ground,4,0,0,0,1,1,0,12234958.0
Pune,1492.53731377852,4,2,45.43178671378994,1,Fully Furnished,Top,3,0,0,1,1,0,0,16344890.0
Pune,1209.2784568286215,1,2,16.50282860569216,0,Semi Furnished,Ground,3,0,0,2,1,0,0,8939046.0
Jaipur,518.3206783672397,2,1,5.666997100937238,2,Fully Furnished,Ground,3,0,0,1,0,1,0,3665600.0
Ahmedabad,1212.3456957991034,2,2,46.37483483645904,2,Fully Furnished,Ground,2,0,0,2,1,0,1,8302617.0
Hyderabad,1013.7746811564974,3,2,20.190616945865678,1,Semi Furnished,Mid,4,1,1,1,1,1,1,9772430.0
Hyderabad,1733.033374139302,3,2,35.62395220871277,2,Semi Furnished,Mid,3,0,0,0,1,0,1,12469191.0
Kolkata,1954.643698346847,3,2,39.304874913560404,0,Fully Furnished,Top,5,0,0,0,0,1,1,14768172.0
Mumbai,1969.2855335299696,2,3,20.840671659600634,0,Unfurnished,Mid,2,1,0,1,0,1,0,21829124.0
Jaipur,1878.47636806391,4,1,4.178524535460044,1,Unfurnished,Mid,3,0,0,0,1,0,1,12734339.0
Jaipur,1433.2371322737558,2,3,80.0,1,Semi Furnished,Top,3,0,0,0,1,0,1,7971442.0
Jaipur,1239.0222172620515,2,3,5.8976576255266835,1,Unfurnished,Ground,4,0,0,0,1,1,1,8041397.0
Ahmedabad,1126.4486231664669,1,2,16.707674516695413,1,Fully Furnished,Ground,1,1,1,1,0,1,1,8999910.0
Lucknow,746.2505416991247,1,2,27.946740422727366,0,Semi Furnished,Top,4,1,0,0,1,1,1,3562444.0
Bangalore,1995.926850253929,3,4,2.888323994150204,2,Fully Furnished,Top,3,1,0,1,0,1,1,31655517.125
Mumbai,1412.6444810350129,2,2,14.087314845046429,0,Unfurnished,Mid,3,0,0,1,1,1,0,17045363.0
Ahmedabad,876.8298531895631,2,1,7.05420165822572,1,Unfurnished,Ground,4,0,0,0,0,0,0,5029882.0
Pune,1086.7543121448825,4,2,4.201445147567565,0,Unfurnished,Mid,3,1,0,0,0,1,0,10741414.0
Kolkata,1066.513271783724,2,2,0.1776247372869463,0,Semi Furnished,Ground,3,1,0,1,0,1,1,8466930.0
Lucknow,1521.5122425075633,4,3,30.83283613515246,0,Unfurnished,Ground,3,1,0,2,0,0,1,7515008.0
Pune,2033.733925535343,3,3,2.190681321871559,1,Semi Furnished,Mid,1,0,0,2,1,1,1,25261010.0
Lucknow,1326.0052252022085,3,1,31.57042543720386,1,Semi Furnished,Ground,2,0,1,0,1,1,1,6845403.0
Chennai,400.0,3,2,13.770280815133868,1,Semi Furnished,Ground,2,0,0,2,0,0,0,3479078.0
Jaipur,1405.40983242054,3,2,14.555484997166394,1,Semi Furnished,Ground,3,0,0,0,1,0,0,7292028.0
Lucknow,1421.9030499514022,2,4,26.46086253027055,2,Semi Furnished,Mid,1,0,0,0,0,0,0,7597786.0
Delhi,1387.539884532239,4,2,10.68315031173939,0,Semi Furnished,Mid,4,0,0,0,1,0,1,17928503.0
Jaipur,1186.2694167621491,3,3,6.6307982384916775,0,Unfurnished,Top,2,1,0,1,0,1,0,8626253.0
Jaipur,1608.7195403629212,4,2,2.24154412165074,1,Semi Furnished,Ground,3,0,1,1,0,1,0,13506864.0
Kolkata,1533.070557574501,4,3,12.67404809978254,1,Fully Furnished,Ground,2,1,0,1,0,0,1,14301906.0
Mumbai,1487.5848429366765,2,2,12.08355716065871,0,Fully Furnished,Ground,2,0,0,0,0,1,1,19322611.0
Pune,1706.3206807214829,2,3,5.21990147053225,1,Fully Furnished,Mid,2,1,1,0,0,1,0,22143022.0
Lucknow,1285.0835884260732,2,2,13.74649584203213,1,Unfurnished,Ground,4,0,1,1,1,1,1,7728156.0
Lucknow,1256.7071651496733,4,3,8.680328596270739,1,Semi Furnished,Mid,2,0,0,0,1,0,0,9291903.0
Chennai,2190.0616447927,4,2,24.562172413749504,1,Unfurnished,Mid,1,1,0,1,1,0,1,17647067.0
Jaipur,1779.677704857718,3,3,12.297204553153316,1,Unfurnished,Mid,4,0,0,1,1,0,1,11146227.0
Hyderabad,1913.4730304713999,2,2,40.698636791150726,2,Semi Furnished,Mid,3,0,0,1,0,0,1,11998897.0
Bangalore,2113.052292667034,2,1,10.946637453824081,0,Unfurnished,Top,3,0,0,1,0,1,1,21052516.0
Hyderabad,1762.9720903124,4,2,32.77140462743552,1,Semi Furnished,Mid,4,0,0,0,1,0,0,11482327.0
Lucknow,1964.1943395680855,4,2,11.025957172582311,0,Semi Furnished,Top,4,1,0,1,0,0,0,14867507.0
Hyderabad,710.3274189648698,2,2,12.247862119086259,1,Semi Furnished,Mid,4,0,0,1,1,0,0,6070352.0
Kolkata,1602.0769359980136,1,2,6.854723671753332,2,Fully Furnished,Mid,3,0,0,2,1,0,1,15538077.0
Delhi,1408.6407690928363,3,2,7.666613039006435,0,Semi Furnished,Ground,3,1,0,0,1,1,1,19248134.0
Lucknow,2338.8420454499046,1,2,40.568678154881844,1,Semi Furnished,Mid,5,0,0,2,1,1,1,11489080.0
Lucknow,1963.82276590165,4,2,3.790176695872121,2,Unfurnished,Ground,4,1,0,2,0,1,1,13828932.0
Delhi,1184.77740460341,3,2,1.9423687039069115,1,Fully Furnished,Mid,3,0,0,1,1,0,1,18673503.0
Pune,1686.397079264603,3,1,26.597974047824838,1,Unfurnished,Top,1,0,0,1,0,1,1,13107504.0
Delhi,1583.84066672462,3,2,12.902583702889777,2,Unfurnished,Top,5,0,0,1,0,1,0,19090712.0
Hyderabad,1727.1657165761144,3,3,5.0246938712490214,0,Fully Furnished,Top,2,0,0,0,1,0,0,18634068.0
Kolkata,990.578765312674,2,2,8.495080827054093,0,Unfurnished,Mid,2,0,1,1,0,0,0,7253973.0
Chennai,1680.0082326191127,4,3,11.163614584129535,2,Unfurnished,Ground,2,1,0,0,0,1,1,15721875.0
Pune,1385.924325355883,3,2,13.452478956529186,0,Semi Furnished,Mid,2,0,0,1,1,1,0,13339129.0
Ahmedabad,1641.2248820278003,3,4,25.809818371848877,2,Fully Furnished,Ground,4,0,0,1,1,1,0,12645641.0
Chennai,1137.807417438915,3,1,7.521852906490562,1,Fully Furnished,Top,2,0,0,1,1,1,0,13125035.0
Mumbai,1207.4684143017002,1,3,16.92848682993358,2,Fully Furnished,Ground,2,1,0,0,0,1,0,16917178.0
Mumbai,2086.9210101833514,2,2,27.005977817909674,1,Unfurnished,Top,2,0,0,1,1,0,0,21740862.0
Mumbai,974.2262208299195,3,1,27.846721796488005,1,Unfurnished,Ground,2,1,0,2,1,0,0,10952444.0
Mumbai,1011.1227994789758,3,2,4.400376388321543,1,Fully Furnished,Ground,3,1,0,1,1,1,0,18276306.0
Kolkata,1474.2093713922109,3,2,6.465737601886011,0,Unfurnished,Ground,3,0,0,1,0,0,1,10324142.0
Chennai,1114.0548124070228,4,2,13.554543369290256,0,Fully Furnished,Top,3,0,0,1,1,0,0,12352700.0
Jaipur,1057.4856838686005,3,2,32.543433796069635,1,Unfurnished,Top,3,1,0,1,1,0,0,5693816.0
Bangalore,1552.5379856041475,3,3,23.44161344951197,2,Fully Furnished,Top,1,0,0,0,0,0,0,21129714.0
Pune,747.4670715481476,2,2,13.154712651137716,1,Fully Furnished,Top,3,0,0,1,1,1,0,7964434.0
Ahmedabad,996.018882543181,4,2,61.77983296521197,2,Unfurnished,Ground,3,1,0,0,0,1,0,5559946.0
Hyderabad,2527.0477914618214,3,3,8.670174146511766,2,Fully Furnished,Top,1,0,0,1,0,1,1,28719501.0
Lucknow,1729.7375294845046,2,3,27.720240543207613,1,Fully Furnished,Mid,3,0,0,1,1,1,0,11102010.0
Mumbai,1126.7183238650446,3,1,25.59091565449824,2,Semi Furnished,Ground,1,0,1,0,1,0,0,13303464.0
Ahmedabad,1709.1075391330985,3,3,35.79574829795047,0,Fully Furnished,Mid,2,1,0,0,0,1,0,11870330.0
Lucknow,1783.6652384933147,4,2,65.94596713663553,1,Fully Furnished,Top,3,0,0,1,1,0,1,10653745.0
Bangalore,1997.2072100451192,4,1,10.268661020967825,1,Semi Furnished,Ground,1,0,0,0,1,1,1,22908096.0
Ahmedabad,1436.4219852716349,3,2,3.2654321988342465,0,Fully Furnished,Top,1,1,0,0,1,1,1,15436904.0
Chennai,1988.2488513864446,3,1,9.267683756107735,2,Fully Furnished,Ground,1,0,1,1,1,0,0,22548733.0
Ahmedabad,480.7767375589136,2,2,28.850406812836063,0,Semi Furnished,Ground,2,0,1,0,0,1,0,2400800.0
Mumbai,971.8459347621234,3,2,27.12808907264978,1,Unfurnished,Top,1,1,1,0,0,1,0,11847472.0
Bangalore,1581.935700868228,4,2,6.141417159498537,0,Fully Furnished,Top,3,0,0,0,1,0,1,23296611.0
Hyderabad,1664.8167664038958,3,2,0.7269354781198487,1,Unfurnished,Ground,2,0,0,2,1,0,0,14832005.0
Jaipur,1044.108856165679,3,3,10.69541535681649,1,Fully Furnished,Mid,4,1,0,0,1,1,1,8841985.0
Delhi,1629.7099956315797,4,2,9.639689475506879,1,Fully Furnished,Ground,4,0,0,2,1,1,0,24301690.0
Mumbai,1188.0798756563697,2,3,1.3449976629071598,1,Unfurnished,Top,3,1,0,1,0,0,1,18302587.0
Lucknow,1361.5204528864172,2,3,23.763129637825717,1,Semi Furnished,Top,1,0,0,0,0,0,1,7120967.0
Bangalore,2012.3869003325053,3,3,5.002545488813362,1,Semi Furnished,Mid,4,0,0,2,0,0,1,26324801.0
Chennai,1954.4687484442998,4,3,15.566374595314542,0,Fully Furnished,Mid,3,1,0,0,1,1,0,20437512.0
Kolkata,1001.4698363183688,4,2,1.6052259659517611,1,Semi Furnished,Ground,2,0,0,1,0,0,0,9320008.0
Bangalore,971.3742689899483,3,2,29.567222639751712,2,Fully Furnished,Ground,4,0,0,1,1,1,0,10037032.0
Lucknow,1294.4133022233418,4,2,20.164307420231495,1,Fully Furnished,Mid,2,1,0,1,0,0,1,8617963.0
Delhi,1486.6268494135375,3,2,7.375709040887029,1,Unfurnished,Ground,3,0,0,0,1,0,1,15218300.0
Delhi,1171.0507557126296,2,1,14.89308012454144,0,Unfurnished,Top,3,0,1,0,1,0,1,11814733.0
Pune,2020.321221399834,4,2,3.1137392838661944,1,Semi Furnished,Ground,2,0,0,2,0,0,0,22915091.0
Jaipur,1673.6949208542776,2,4,63.42413121993032,2,Unfurnished,Ground,2,0,0,0,1,0,0,8428199.0
Lucknow,1703.0425549372144,2,2,23.852475653123882,2,Fully Furnished,Mid,5,0,1,1,1,1,1,11950198.0
Delhi,866.7305855275141,3,2,23.334192604203146,0,Semi Furnished,Top,3,0,1,1,0,1,0,10586356.0
Pune,2083.6453586918897,3,1,2.4975537639435172,1,Unfurnished,Ground,2,0,0,0,1,0,1,16551034.0
Pune,400.0,3,3,0.2683897179070584,1,Semi Furnished,Ground,3,0,0,1,1,1,0,4344982.0
Pune,1917.0277259246845,2,2,13.20558032212572,1,Semi Furnished,Top,2,0,0,0,1,1,1,17785689.0
Bangalore,1967.1558688353855,2,1,2.3343872167498745,1,Fully Furnished,Top,4,1,0,0,0,1,0,27553956.0
Pune,1283.7994063610192,1,4,22.741498993595176,1,Semi Furnished,Top,3,0,0,2,1,1,1,11935617.0
Mumbai,2136.455108623712,3,3,8.069770225069156,2,Fully Furnished,Ground,4,0,0,2,0,0,0,31655517.125
Lucknow,1468.4512235228267,4,3,6.200816748918425,2,Fully Furnished,Mid,5,1,0,0,0,0,1,12213921.0
Mumbai,1531.2158516637214,4,4,1.1475352471459295,2,Semi Furnished,Ground,5,1,0,0,0,0,0,25044034.0
Kolkata,1669.764393702108,4,2,80.0,1,Unfurnished,Ground,2,1,0,2,0,0,0,9801635.0
Delhi,2858.437593116735,3,3,46.857160258142315,0,Unfurnished,Top,4,1,0,1,0,1,1,31655517.125
Jaipur,2172.216954041502,3,2,2.1164892028613282,1,Semi Furnished,Top,2,1,0,0,1,0,0,18687446.0
Pune,1850.565600356459,2,3,6.070242306707998,1,Fully Furnished,Ground,2,1,0,0,0,0,0,21773745.0
Chennai,1043.5977566994025,2,1,7.433823028118558,2,Fully Furnished,Top,1,0,0,1,1,1,0,13361413.0
Chennai,1571.794912739746,3,1,5.281731986531495,2,Semi Furnished,Ground,3,0,1,1,0,0,1,14858203.0
Delhi,1093.4379530768067,3,2,40.878378693555916,1,Semi Furnished,Top,3,0,0,2,0,0,1,11616149.0
Kolkata,1911.0554236414064,4,1,19.166541629274565,1,Unfurnished,Mid,4,0,1,1,0,0,0,12972278.0
Chennai,1570.2334878674283,3,2,46.82501362016311,1,Fully Furnished,Ground,4,0,0,2,0,1,1,11145079.0
Mumbai,937.7391601930524,2,2,31.132388540065058,1,Fully Furnished,Ground,3,1,0,1,0,1,0,11669012.0
Ahmedabad,1540.5622917092514,4,2,21.06941202186505,0,Semi Furnished,Top,3,1,0,0,0,0,0,11307259.0
Bangalore,1075.2912651418474,3,1,17.90870882808833,2,Fully Furnished,Ground,3,1,1,0,1,1,0,13402801.0
Hyderabad,1575.6081106687734,4,2,30.166932511480695,1,Semi Furnished,Ground,3,0,1,0,1,0,1,12176948.0
Chennai,1070.4613418173717,4,2,17.287313023095784,2,Fully Furnished,Ground,3,0,0,0,0,0,1,10340635.0
Jaipur,1513.7438166804063,2,3,3.137126758478425,0,Unfurnished,Top,4,0,0,1,0,0,1,10811928.0
Pune,1875.2349309675474,2,1,15.667253844933347,0,Fully Furnished,Top,1,1,0,1,0,1,1,19889292.0
Jaipur,1473.474004037447,2,2,10.854146540814526,1,Semi Furnished,Ground,4,1,0,1,0,1,0,9377863.0
Lucknow,1304.5558664138057,2,3,60.173239512197995,2,Semi Furnished,Mid,2,1,0,0,1,0,0,7052163.0
Bangalore,1601.6381105287312,2,1,10.699193673581627,1,Fully Furnished,Mid,3,0,0,0,1,1,1,19904670.0
Mumbai,1848.5913103964265,3,2,0.5882084348040889,2,Unfurnished,Ground,4,1,0,1,1,0,1,27855433.0
Kolkata,946.4083650591198,4,2,4.601740212932499,1,Unfurnished,Mid,2,0,1,2,1,0,0,9140879.0
Bangalore,1630.3280773526012,4,3,37.40287207639407,2,Unfurnished,Ground,4,0,1,1,0,0,0,15109014.0
Hyderabad,2158.7704095087,3,2,49.19385717339194,0,Semi Furnished,Top,3,1,0,0,0,0,1,14784123.0
Ahmedabad,1786.8284816383575,1,2,19.55681845569692,1,Semi Furnished,Mid,3,1,0,0,0,0,0,10077044.0
Chennai,1528.877073333614,3,3,0.878170182891278,0,Unfurnished,Mid,3,0,0,2,0,0,1,15694530.0
Kolkata,1819.8687533494474,3,2,0.35734369992536524,0,Fully Furnished,Ground,2,0,0,2,1,0,0,16828998.0
Kolkata,1726.2482280513411,2,2,9.797218946621824,1,Fully Furnished,Ground,4,0,0,0,1,0,0,12617002.0
Chennai,1876.800554579907,4,1,80.0,1,Fully Furnished,Top,2,1,0,0,1,1,1,19147068.0
Chennai,488.0341945085278,4,4,30.52238545371744,1,Fully Furnished,Mid,3,1,0,1,0,1,1,4924842.0
Chennai,723.2719331683674,3,3,40.57005349298737,1,Semi Furnished,Mid,4,1,0,1,0,1,1,5136654.0
Chennai,2002.4145747416185,3,2,14.65421215265963,1,Unfurnished,Mid,1,0,0,0,0,0,1,16098411.0
Chennai,747.3604119192797,2,1,29.39820566429445,2,Unfurnished,Mid,3,0,0,1,0,0,0,4648875.0
Kolkata,1700.7693178596026,3,1,5.778285181437314,2,Fully Furnished,Ground,2,1,0,1,1,0,0,16981534.0
Delhi,1323.9751719838541,1,2,0.4161805658521452,2,Unfurnished,Top,2,1,0,0,0,0,1,17405171.0
Delhi,1001.9053772020015,2,2,37.561457308721295,1,Semi Furnished,Mid,2,1,0,1,0,0,0,9743463.0
Jaipur,1674.824878573737,3,2,3.696770415274462,1,Fully Furnished,Top,4,1,0,0,1,0,0,15693541.0
Delhi,1600.5167518582853,3,2,19.556143242415313,1,Unfurnished,Ground,3,0,0,1,1,0,1,15949137.0
Hyderabad,2555.171326048189,3,3,16.136654332378185,0,Semi Furnished,Ground,2,0,0,0,0,0,0,18925451.0
Delhi,1187.5943977320553,3,2,2.5825428245183346,1,Unfurnished,Ground,4,0,1,0,1,1,1,16089298.0
Kolkata,2220.055060034587,3,2,3.268217514590305,1,Semi Furnished,Top,2,0,0,1,0,0,1,19047673.0
Chennai,1676.2114571921572,4,3,5.986412517894541,1,Unfurnished,Top,3,0,0,1,0,1,0,16347247.0
Pune,1169.4890592286438,5,2,21.216127463129506,1,Unfurnished,Mid,3,1,0,1,0,0,0,10016031.0
Pune,1899.6232287586226,4,3,0.6005258869110742,0,Semi Furnished,Top,3,1,0,1,1,1,1,23674743.0
Hyderabad,1782.8692522269757,4,1,7.840152093688106,1,Unfurnished,Top,2,0,0,0,1,1,0,15414491.0
Lucknow,1517.9216474290247,3,3,16.409441002314253,1,Fully Furnished,Mid,3,0,0,0,0,0,0,9963366.0
Kolkata,1633.1476782203117,3,3,2.821550616911893,1,Unfurnished,Ground,4,1,1,1,1,0,0,14022480.0
Mumbai,1201.5064844772342,2,2,1.9075710061263842,1,Unfurnished,Ground,2,0,0,0,0,0,1,15741024.0
Bangalore,1087.1064373727465,2,2,7.419664777892629,0,Semi Furnished,Top,2,1,1,1,0,1,0,13768210.0
Jaipur,1879.7210869112914,4,1,5.064837627179175,2,Fully Furnished,Mid,5,0,0,2,0,1,0,16111897.0
Mumbai,1388.030287843363,4,2,15.70862460513726,0,Unfurnished,Top,2,0,0,0,0,0,0,17719323.0
Kolkata,1459.9585008754539,3,2,52.38417334414208,1,Unfurnished,Top,1,0,0,0,1,1,0,8676671.0
Delhi,1639.9107979721387,3,1,0.06718427210514605,2,Unfurnished,Ground,1,0,0,0,0,0,0,18972641.0
Chennai,1632.644172391904,1,3,34.900079876801904,0,Unfurnished,Mid,2,1,0,1,1,1,1,10138735.0
Mumbai,785.3367645129676,3,3,8.516841223235003,1,Semi Furnished,Top,3,0,0,0,1,0,1,13714858.0
Bangalore,2143.1260432274294,3,3,16.360006845844584,1,Unfurnished,Top,2,0,0,0,1,0,1,22401516.0
Lucknow,1560.5910759503392,3,2,28.55985626978184,0,Semi Furnished,Top,2,1,0,1,0,0,0,7736072.0
Pune,1398.6733685889253,4,2,12.7806898633609,1,Fully Furnished,Ground,4,0,0,1,0,0,1,15093623.0
Lucknow,1715.4230025848733,2,3,1.5356716317227372,1,Semi Furnished,Ground,4,1,0,0,0,1,1,11542882.0
Bangalore,1618.2710968074316,3,2,2.272727911484028,0,Fully Furnished,Top,2,0,0,1,1,0,1,22359869.0
Chennai,1883.5313447448511,3,3,23.358378627302187,1,Fully Furnished,Mid,2,0,0,0,1,0,1,17563739.0
Delhi,1768.9918360754705,5,2,3.902914820630217,0,Fully Furnished,Ground,5,0,0,1,1,1,1,29680513.0
Bangalore,1858.9231144981334,4,2,12.62601703644834,2,Unfurnished,Top,5,1,0,0,0,1,0,25025123.0
Jaipur,2175.496952863758,3,1,8.381355803867825,1,Semi Furnished,Ground,5,0,0,1,1,0,0,14166579.0
Bangalore,1941.812274485486,5,1,5.428305754006451,0,Fully Furnished,Ground,4,0,0,1,1,1,0,24400929.0
Kolkata,1419.7568898357188,3,2,23.194662656261283,2,Semi Furnished,Top,3,0,0,2,1,0,0,12710178.0
Delhi,938.5494219615837,2,2,19.7077443373992,1,Fully Furnished,Ground,2,1,0,1,0,1,1,11891877.0
Chennai,2333.8989665022573,3,3,15.58148994622604,0,Fully Furnished,Ground,5,1,0,2,0,0,1,20795774.0
Pune,1381.1383133264437,2,2,6.99427113544206,0,Fully Furnished,Top,3,1,0,1,1,1,0,17569214.0
Pune,1263.4462933197387,3,2,3.8518686579458845,1,Unfurnished,Ground,3,0,0,2,0,1,0,11759857.0
Bangalore,631.6365911177803,4,2,10.881800286356123,0,Semi Furnished,Top,4,1,0,1,0,0,1,8401662.0
Kolkata,1669.2365526560557,4,2,25.482572133828885,0,Unfurnished,Top,3,1,0,0,1,1,0,12023703.0
Mumbai,1574.443301976885,2,1,12.858479573659928,1,Semi Furnished,Top,3,0,0,0,1,1,0,22441822.0
Lucknow,742.4425318752596,2,1,52.66835306518651,2,Fully Furnished,Ground,2,0,0,1,1,0,0,3807505.0
Lucknow,1726.637021066588,2,2,0.23336830186755622,1,Semi Furnished,Mid,2,0,0,1,0,0,0,11180940.0
Lucknow,1250.9040396492805,2,1,80.0,1,Semi Furnished,Mid,3,0,0,1,1,0,1,5998455.0
Mumbai,2845.157503644347,2,2,17.636079805074424,2,Semi Furnished,Ground,3,0,1,1,1,0,1,31655517.125
Kolkata,1215.3194039545658,3,3,26.817170645394018,0,Unfurnished,Ground,4,0,0,1,1,1,1,6998496.0
Lucknow,1282.4033339011035,3,2,6.118449202110652,0,Fully Furnished,Top,3,0,0,1,1,1,1,10731905.0
Jaipur,1062.6118878728162,4,1,10.649558392853375,2,Semi Furnished,Mid,4,1,1,0,1,0,1,8430468.0
Mumbai,2138.9382605209858,2,3,23.917445028839495,1,Semi Furnished,Mid,2,1,0,2,1,0,0,28244718.0
Mumbai,1313.6121027676234,3,2,21.447392380571962,0,Semi Furnished,Ground,4,0,0,1,0,0,0,13763230.0
Chennai,1137.5429231172516,2,1,6.097759571878635,1,Fully Furnished,Top,1,1,0,1,0,1,1,12800150.0
Chennai,1853.4775049602713,2,1,5.88253865542835,2,Semi Furnished,Ground,3,1,0,1,1,1,0,17656845.0
Delhi,809.8235322934074,3,2,16.306684151278933,0,Semi Furnished,Ground,2,0,0,2,0,0,0,9002100.0
Jaipur,1812.5552731244736,2,2,40.6942486074182,1,Fully Furnished,Mid,2,1,0,0,1,0,1,11860188.0
Jaipur,2390.699858300429,3,1,8.66479451856831,0,Unfurnished,Ground,1,0,1,1,0,1,1,15631856.0
Delhi,1783.3039164175445,4,2,6.529785507406457,1,Semi Furnished,Mid,3,1,0,2,0,0,0,26434502.0
Jaipur,1818.9491581299624,3,3,33.762281321296655,1,Semi Furnished,Ground,2,1,1,1,1,0,1,10955047.0
Hyderabad,1935.0301084537418,3,2,17.23545556148137,0,Fully Furnished,Mid,4,0,0,1,0,0,1,17001712.0
Ahmedabad,2354.8540143377595,2,2,7.372110681138786,1,Semi Furnished,Mid,3,0,0,1,1,0,1,17014177.0
Lucknow,2104.946980009552,4,2,0.8847295048304233,1,Fully Furnished,Mid,3,0,0,0,0,0,1,16240129.0
Chennai,1719.8348611365118,2,1,19.174480498229293,0,Unfurnished,Mid,3,0,0,0,1,0,0,10688774.0
Delhi,1951.9457003180007,2,2,6.52850340662086,1,Fully Furnished,Top,1,1,0,2,0,1,1,31655517.125
Delhi,1057.0325372674447,2,3,1.0976953957022213,1,Semi Furnished,Mid,3,1,0,1,0,1,1,15528368.0
Jaipur,1888.146795373661,3,1,14.212429309263745,1,Fully Furnished,Top,3,0,0,2,1,0,1,14898559.0
Mumbai,997.2220144081261,3,4,5.851412318419565,2,Fully Furnished,Top,2,1,0,1,1,0,1,24582964.0
Pune,1316.4887906841866,5,2,6.197693257715119,1,Fully Furnished,Ground,3,0,0,1,1,1,0,15040322.0
Bangalore,400.0,4,2,9.784977556466437,0,Fully Furnished,Mid,3,0,0,1,0,1,1,5170199.0
Bangalore,1700.714829683731,3,1,18.959811197895792,1,Unfurnished,Ground,3,0,0,0,1,0,0,14741759.0
Delhi,1178.0639944458237,3,2,4.851306774449792,1,Fully Furnished,Ground,3,0,0,0,1,1,1,17256745.0
Lucknow,2055.572607602231,3,2,1.2661546078891048,2,Fully Furnished,Mid,3,1,0,2,1,1,0,19570368.0
Hyderabad,1695.0963053027015,4,3,8.285804869147,0,Semi Furnished,Mid,2,1,0,2,1,0,0,16566530.0
Lucknow,2062.0479473508126,3,2,0.8473715589758207,1,Semi Furnished,Ground,2,0,0,1,0,0,1,13440171.0
Delhi,958.2017276637312,3,2,17.923635564241273,1,Fully Furnished,Ground,3,0,0,0,0,0,1,11720104.0
Lucknow,2019.1930185798165,3,3,48.002087336442145,2,Fully Furnished,Mid,1,0,0,1,1,1,1,13004310.0
Chennai,2552.9281721816633,3,1,16.12748614160918,1,Unfurnished,Top,4,1,0,0,1,0,1,20700675.0
Lucknow,1882.0791499659472,2,2,4.831834808682487,1,Semi Furnished,Top,3,1,0,1,0,1,0,13070463.0
Jaipur,1895.1745043461444,2,1,3.0079376869969523,0,Unfurnished,Ground,3,0,0,1,0,0,0,10046232.0
Jaipur,1584.7988381974676,3,2,3.974795126996317,1,Fully Furnished,Top,2,1,0,1,1,1,0,14843944.0
Hyderabad,1237.665609717318,4,3,3.757913986924854,0,Unfurnished,Ground,2,0,0,1,1,1,1,11296052.0
Chennai,1880.5961863507544,3,1,5.64945909056366,2,Unfurnished,Mid,4,0,0,0,0,1,0,16300546.0
Pune,746.9585447989658,5,3,1.5362507621019041,0,Semi Furnished,Ground,2,0,0,1,1,1,1,8394757.0
Mumbai,1291.1224375395918,2,3,33.90999979793164,1,Semi Furnished,Top,2,0,0,0,1,1,1,16734197.0
Chennai,614.4715988314089,3,2,32.458072281057106,0,Semi Furnished,Top,2,1,0,1,1,0,1,5198543.0
Kolkata,1148.1718113424586,3,1,14.326886680253539,2,Semi Furnished,Top,2,1,0,1,1,0,1,11059760.0
Ahmedabad,1821.0225459467806,4,3,0.9588065528337226,1,Fully Furnished,Mid,2,0,1,0,0,0,1,22622235.0
Delhi,1752.6966881102317,2,3,24.444665984271676,2,Semi Furnished,Mid,4,1,0,1,0,1,0,18369232.0
Kolkata,1525.4568477677362,3,2,0.9566994735236215,0,Fully Furnished,Mid,1,0,0,0,0,1,1,13609064.0
Hyderabad,1585.2004970310054,2,3,1.6878117354479878,0,Semi Furnished,Top,4,1,0,0,1,0,0,15853498.0
Kolkata,557.0676910678953,3,3,5.902226771341046,1,Fully Furnished,Mid,3,0,0,1,0,1,1,5696503.0
Jaipur,1313.7188597145425,4,2,8.47052633226674,1,Unfurnished,Mid,4,0,0,2,1,1,0,9623075.0
Lucknow,1159.3241967823951,3,3,6.551758445130232,1,Semi Furnished,Mid,4,0,1,0,1,0,0,8383340.0
Mumbai,1170.4701547427296,4,2,2.7089816820382926,1,Semi Furnished,Ground,2,0,0,1,0,1,0,18626596.0
Bangalore,1799.7893139068767,4,2,1.7839443769639847,0,Unfurnished,Top,3,0,0,0,1,0,0,19917688.0
Delhi,1069.7463367473447,2,2,29.42916905265263,1,Semi Furnished,Top,2,0,1,0,0,0,1,10946908.0
Bangalore,1197.6595749362946,4,2,6.769052445407037,1,Fully Furnished,Top,4,0,0,2,0,1,0,19091720.0
Lucknow,456.46537714524175,2,3,3.7000095074553063,1,Unfurnished,Mid,4,0,0,2,1,1,1,3195825.0
Jaipur,1352.9384098119153,2,1,10.011938778988917,1,Semi Furnished,Mid,2,1,0,0,1,1,0,9045939.0
Jaipur,956.0812261431902,3,2,0.5627774895170518,0,Semi Furnished,Mid,3,1,1,2,1,0,1,7880492.0
Lucknow,1539.6014643448218,3,3,13.754909023411196,2,Fully Furnished,Ground,3,1,0,0,1,1,0,12156994.0
Delhi,1024.4459766287678,3,2,4.28505320096321,1,Semi Furnished,Ground,3,0,0,0,0,0,1,12660976.0
Bangalore,1552.271122774608,1,2,13.676878531946077,1,Fully Furnished,Ground,2,0,0,0,1,1,1,16400873.0
Chennai,1427.6571196288285,4,2,14.283633334852171,1,Semi Furnished,Mid,2,1,1,1,1,0,1,14831225.0
Jaipur,2336.0208865211603,3,2,24.849844756467057,0,Unfurnished,Mid,4,1,0,0,0,1,0,11526055.0
Bangalore,1748.608990226597,2,3,3.9186161665531642,1,Fully Furnished,Top,1,0,0,1,1,0,0,25183601.0
Pune,580.1810637188485,3,2,9.33934211763866,1,Fully Furnished,Ground,2,0,0,0,1,1,0,5710323.0
Bangalore,867.5555779486458,1,2,49.00813081702444,1,Semi Furnished,Mid,2,0,1,0,1,1,0,7961739.0
Pune,1527.6040044961667,3,2,19.481113390979452,2,Fully Furnished,Ground,2,1,1,1,0,0,1,16030118.0
Pune,1035.0760258036746,3,1,55.54090820993437,0,Fully Furnished,Ground,3,0,0,2,1,1,1,8418455.0
Jaipur,400.0,3,2,39.33477295456972,0,Unfurnished,Mid,3,0,0,1,1,0,1,1915475.0
Delhi,2174.773156916872,2,1,14.152947951148038,1,Fully Furnished,Ground,3,0,0,0,1,1,1,25970130.0
Hyderabad,1860.1120084527038,4,2,4.596458093547115,1,Unfurnished,Ground,3,1,1,2,0,0,1,18654792.0
Jaipur,1760.4884367458858,2,2,21.215726577573296,0,Fully Furnished,Mid,4,0,0,0,0,1,1,11081347.0
Delhi,1196.3384772645425,3,1,17.965847898983974,1,Unfurnished,Mid,2,0,0,1,0,0,1,11673421.0
Delhi,1713.838385504965,2,1,13.333421297317013,0,Unfurnished,Ground,2,0,0,1,0,0,1,14842620.0
Kolkata,1147.8198378895593,3,2,17.95144429278787,1,Unfurnished,Top,2,1,0,1,0,1,1,8249536.0
Lucknow,1602.4286501088454,2,3,14.26270527326186,1,Unfurnished,Top,4,0,0,1,0,0,1,9685655.0
Lucknow,1039.7083870817612,3,2,10.990144638898993,2,Unfurnished,Top,3,1,0,0,1,0,0,6834145.0
Lucknow,2258.144225278007,3,1,8.066671035974894,1,Semi Furnished,Mid,2,0,0,2,1,1,0,15607044.0
Ahmedabad,714.8816729590777,1,3,0.6860792727267351,2,Fully Furnished,Top,2,1,0,0,1,1,1,7188330.0
Jaipur,2116.1419147554157,1,3,30.113838374145,1,Semi Furnished,Mid,4,0,0,2,0,0,0,10888755.0
Delhi,1519.457914008665,3,2,30.0973928225377,2,Fully Furnished,Ground,2,0,0,0,0,0,0,13273343.0
Kolkata,1255.2665023290047,2,2,13.522780167310005,2,Fully Furnished,Mid,2,0,0,0,0,0,1,11925084.0
Pune,1583.501460847869,3,2,4.677250866708958,1,Unfurnished,Top,3,0,0,1,0,1,0,17210620.0
Hyderabad,1866.6740035890905,3,3,0.42801453870969275,1,Fully Furnished,Top,4,0,1,2,0,1,1,23964814.0
Hyderabad,2183.3733683471983,3,2,0.021447388214751832,1,Semi Furnished,Top,3,0,1,1,0,1,0,23891401.0
Pune,1656.571511566766,5,4,1.1355272279151487,1,Fully Furnished,Top,4,1,0,0,0,0,1,25392467.0
Bangalore,1054.6519573688613,3,2,6.691642549857075,0,Fully Furnished,Top,3,0,0,0,1,0,0,13991896.0
Bangalore,1527.8150618828943,4,2,3.1311401395183256,2,Semi Furnished,Ground,3,1,1,1,1,1,0,22834344.0
Lucknow,2408.3966183311863,4,3,4.619457164556701,1,Semi Furnished,Ground,3,1,0,2,1,0,1,18790584.0
Jaipur,2173.8390427563118,4,3,18.042620534852063,0,Semi Furnished,Ground,4,0,0,1,0,0,0,12526199.0
Ahmedabad,1954.3817390621793,2,3,47.967644010716214,1,Unfurnished,Ground,2,0,0,0,1,1,1,9265899.0
Kolkata,1897.8435100611932,4,3,3.4747414156048655,2,Unfurnished,Mid,4,1,0,0,0,0,1,18353761.0
Hyderabad,1849.725045303271,4,3,9.400393083315809,2,Fully Furnished,Top,3,0,0,2,1,1,1,25478017.0
Lucknow,2079.3774172549347,3,2,71.47903041089994,1,Fully Furnished,Top,4,0,0,0,1,1,1,12698421.0
Mumbai,1271.6856071390473,3,2,40.25206109705438,0,Unfurnished,Ground,3,1,0,1,1,0,0,12270949.0
Lucknow,822.456967112497,5,2,6.515292356382857,1,Semi Furnished,Ground,3,0,0,2,1,1,0,5876860.0
Mumbai,1534.5017503685308,3,2,5.7780795182105855,1,Semi Furnished,Ground,1,1,0,2,0,1,0,23438557.0
Chennai,1091.2092066111545,3,2,4.15945556791978,0,Semi Furnished,Mid,4,0,0,0,1,0,0,9898797.0
Delhi,972.4896223114077,4,2,2.533432659960494,2,Unfurnished,Mid,4,1,0,1,1,0,1,13639918.0
Pune,1139.8607117060342,3,1,9.244238803586953,0,Semi Furnished,Ground,3,0,1,2,1,0,0,10745781.0
Delhi,2742.656962266843,2,1,6.258219515314882,1,Fully Furnished,Top,2,0,0,1,1,1,1,31655517.125
Lucknow,1568.0623170379222,3,3,20.487825746508925,0,Unfurnished,Mid,3,1,0,1,0,0,0,7811948.0
Delhi,1680.9539181804942,3,1,4.05483451181268,2,Semi Furnished,Ground,2,1,0,1,1,0,1,23825143.0
Kolkata,888.8185964978729,4,1,19.995981742871507,0,Fully Furnished,Ground,1,0,0,1,1,0,1,7092455.0
Chennai,578.123520603685,3,2,5.098249019315354,1,Fully Furnished,Ground,2,1,0,1,0,0,0,5820658.0
Ahmedabad,1090.473678440597,4,2,13.474139080239631,2,Semi Furnished,Top,3,1,1,1,1,1,1,11684473.0
Chennai,2219.0977926043743,3,2,15.259498276622129,0,Unfurnished,Mid,4,0,0,1,1,0,1,18527172.0
Hyderabad,1667.1377330382606,3,1,16.71113260296923,0,Unfurnished,Top,2,0,0,1,0,1,0,12377926.0
Kolkata,1799.297545722196,2,1,2.8917430387972685,0,Semi Furnished,Mid,4,0,0,1,0,1,0,13435331.0
Delhi,1869.2830196010307,3,3,4.984154500435569,1,Unfurnished,Top,3,1,0,1,0,1,0,24864956.0
Ahmedabad,1204.325310100861,4,3,4.237745274975137,1,Fully Furnished,Mid,4,0,0,2,0,1,0,11225708.0
Delhi,2193.982791986684,2,1,12.876003348013814,1,Semi Furnished,Top,2,0,0,0,0,1,1,26796275.0
Jaipur,1183.596200388909,4,3,1.1815318287068346,0,Unfurnished,Ground,3,0,0,2,0,0,0,8310609.0
Jaipur,2203.1161796312763,2,2,10.955150405746526,1,Unfurnished,Top,3,1,0,0,1,0,1,15906500.0
Bangalore,1721.1510780676704,1,3,1.3729663615847554,2,Unfurnished,Ground,3,1,0,1,0,1,0,18216519.0
Chennai,605.4774228768389,2,2,6.165971126003038,2,Semi Furnished,Top,4,1,0,2,0,0,1,6154793.0
Ahmedabad,1125.9952566997326,3,2,17.409202933059976,1,Semi Furnished,Ground,4,0,0,0,0,0,0,6726424.0
Jaipur,607.5307335639477,2,3,7.979821030729058,2,Fully Furnished,Ground,4,1,0,2,0,0,0,4427948.0
Bangalore,2081.641066397104,3,2,4.9346843495106745,2,Semi Furnished,Top,2,1,0,2,1,1,0,29679160.0
Kolkata,1487.6322895987994,3,2,14.351112866747737,1,Semi Furnished,Top,2,1,0,2,0,0,1,14937804.0
Ahmedabad,400.0,3,2,20.221638480102474,0,Unfurnished,Top,2,1,0,1,1,1,1,2840297.0
Bangalore,1687.873440859829,3,3,4.4072112181645995,2,Unfurnished,Top,4,1,0,0,1,1,1,22491135.0
Pune,1231.41786880584,3,2,5.337270405722399,2,Semi Furnished,Top,2,0,0,0,0,1,1,13552498.0
Ahmedabad,758.0970724833384,4,2,15.337020254588786,0,Unfurnished,Ground,5,0,0,0,1,0,1,5088482.0
Lucknow,2338.9829184843484,3,3,50.38209767507588,2,Unfurnished,Ground,2,1,0,1,0,0,0,10004044.0
Bangalore,1553.6429330482893,2,3,3.609525908343836,1,Semi Furnished,Mid,2,0,1,1,0,0,0,20717114.0
Delhi,1353.2842988433438,3,2,15.930487054727946,1,Semi Furnished,Mid,4,0,0,0,1,0,0,13451680.0
Lucknow,1300.2876095069914,3,2,35.56132757486611,1,Unfurnished,Mid,4,0,0,1,1,0,1,6376610.0
Pune,743.3602654211139,3,2,9.297524185768037,1,Fully Furnished,Top,3,1,0,1,0,1,0,9339755.0
Jaipur,847.7255502079453,4,1,5.715485594020476,1,Fully Furnished,Top,4,0,0,2,0,0,0,7395127.0
Mumbai,2142.4583924375415,4,3,16.48838508553588,1,Semi Furnished,Top,4,1,0,0,1,1,0,31655517.125
Bangalore,1263.0585651071406,2,3,0.47904580699496374,1,Fully Furnished,Top,4,0,0,1,0,0,0,19170663.0
Kolkata,1511.0338504684316,3,2,6.698069914612527,1,Unfurnished,Ground,4,0,0,1,0,0,0,10682503.0
Bangalore,477.8347618994627,3,2,4.475565482066822,1,Unfurnished,Ground,2,0,0,1,0,1,0,5035035.0
Mumbai,840.9539821022471,4,1,3.8160636491410895,0,Semi Furnished,Ground,3,0,0,0,0,0,1,11727751.0
Pune,1804.9062599373765,3,2,2.9723610111847103,2,Fully Furnished,Mid,4,0,1,0,0,1,0,23892405.0
Pune,1688.8558800569167,3,2,20.03762949323782,1,Unfurnished,Mid,3,1,0,1,0,0,1,14108522.0
Lucknow,2376.687599362158,4,2,46.54969388703816,1,Unfurnished,Ground,3,0,0,1,0,0,1,10328561.0
Ahmedabad,2171.478165815613,3,2,7.286402193937743,1,Fully Furnished,Ground,4,1,0,1,1,1,1,18459815.0
Kolkata,1384.6445137575884,3,2,0.7552477815598768,2,Unfurnished,Ground,2,1,0,2,1,0,0,12787750.0
Lucknow,1736.4767823566356,4,2,19.03630242804204,0,Unfurnished,Ground,3,1,0,0,1,0,1,9269248.0
Kolkata,1341.698278548463,4,2,11.589491521872363,0,Fully Furnished,Ground,3,1,1,0,0,1,1,14164054.0
Kolkata,2527.4049093193244,2,2,19.29101415836076,2,Fully Furnished,Mid,2,1,0,1,0,0,1,21974654.0
Mumbai,2074.5073480262,3,2,15.657778194625859,1,Semi Furnished,Top,2,1,1,0,1,1,1,31655517.125
Lucknow,1584.8425454288756,3,2,35.37717335589375,0,Fully Furnished,Top,4,1,0,2,0,1,0,9692874.0
Kolkata,1600.1973924381757,4,3,2.2700230917537576,1,Semi Furnished,Ground,4,1,0,0,0,0,0,14510934.0
Hyderabad,2222.4251436299037,5,3,2.7798039410023243,1,Fully Furnished,Top,3,1,0,2,1,1,0,31271505.0
Mumbai,1789.7889235569237,4,3,6.268438306889498,1,Semi Furnished,Ground,3,1,1,1,1,0,0,29955021.0
Pune,2279.314008535043,3,1,10.141071546825389,1,Unfurnished,Ground,4,0,0,0,0,0,0,17747008.0
Mumbai,403.17603687056317,1,2,38.99744733537334,2,Semi Furnished,Top,5,0,1,1,0,0,0,4938324.0
Delhi,1730.614130749399,3,2,35.62156843702051,2,Semi Furnished,Top,1,0,0,1,1,0,0,19062491.0
Delhi,1242.2825676593075,3,3,30.82089668386526,2,Unfurnished,Top,3,1,0,0,1,1,1,14419204.0
Kolkata,2378.188993813996,3,3,3.7755941588531834,1,Fully Furnished,Ground,3,1,0,1,0,0,1,24890523.0
Lucknow,2273.1993435949144,3,3,19.622031522337235,1,Fully Furnished,Mid,3,0,0,0,0,0,1,14484233.0
Pune,1516.4179045506532,3,1,7.255253473299616,1,Semi Furnished,Ground,1,1,0,0,0,1,1,13561451.0
Mumbai,2267.815489405516,4,3,40.14455127931183,1,Fully Furnished,Top,5,1,0,1,1,1,0,31655517.125
Lucknow,2391.557259996253,1,3,3.622206670590089,1,Semi Furnished,Ground,1,1,0,1,1,1,1,16195154.0
Mumbai,1537.2033359630736,3,1,2.2843004529201485,1,Unfurnished,Mid,2,0,1,0,1,1,1,22412369.0
Mumbai,2735.9668862159288,3,2,27.714015545974718,1,Fully Furnished,Mid,2,1,0,2,1,1,1,31655517.125
Hyderabad,1484.3294236651388,3,2,18.929728734307897,2,Fully Furnished,Ground,3,1,0,1,0,0,1,13190563.0
Delhi,1392.7395248320456,3,2,25.84091994809381,0,Fully Furnished,Ground,3,0,0,0,0,0,1,13845355.0
Mumbai,1932.9362942921716,1,2,2.578620471950283,1,Unfurnished,Mid,1,0,0,1,0,1,1,25781260.0
Hyderabad,1323.1046344288432,2,3,32.41533087506607,1,Semi Furnished,Top,2,0,0,2,0,0,1,10368874.0
Delhi,1542.6698878974469,2,3,16.98038116962303,0,Semi Furnished,Top,2,1,0,1,1,0,0,19018991.0
Hyderabad,2204.717212025455,2,3,15.814373014507176,1,Unfurnished,Ground,3,1,0,1,0,1,1,16462406.0
Lucknow,1509.6094261086353,3,2,13.105074368462791,0,Semi Furnished,Top,4,0,0,0,0,0,0,9605592.0
Ahmedabad,652.4911035123462,2,2,21.714664645270254,1,Semi Furnished,Top,2,0,0,0,0,1,1,4426536.0
Delhi,1683.6596939245983,3,3,8.057757383395035,0,Unfurnished,Ground,3,0,0,2,1,1,0,20628680.0
Jaipur,1151.8532104738026,2,2,2.1376522208782514,2,Fully Furnished,Top,2,0,1,0,0,1,0,11372088.0
Ahmedabad,1932.635578647273,3,1,11.623979232165384,0,Semi Furnished,Mid,3,1,0,1,1,0,1,14684702.0
Lucknow,1848.0948579131227,3,3,20.680963015209297,2,Unfurnished,Ground,3,0,0,0,0,0,1,9054104.0
Mumbai,2235.700174083261,3,2,2.5022892573832185,2,Semi Furnished,Mid,3,0,0,1,0,0,0,31655517.125
Pune,1953.7661503963484,3,1,3.804440890097807,1,Fully Furnished,Top,2,1,0,0,0,1,0,23921894.0
Lucknow,2045.1221418290324,4,1,17.887859994066083,0,Fully Furnished,Mid,4,1,0,0,1,1,0,14640580.0
Hyderabad,1165.4516199311433,2,3,4.713490299873713,1,Fully Furnished,Mid,4,1,0,1,1,0,0,12690782.0
Hyderabad,1901.9932479452514,3,2,2.793874926367775,0,Fully Furnished,Mid,5,0,0,2,1,1,0,21761982.0
Hyderabad,2484.2256446801453,3,2,33.026453380377504,0,Fully Furnished,Mid,3,0,0,1,1,0,1,19467108.0
Hyderabad,1155.6750456816164,2,4,2.6312978352707557,1,Fully Furnished,Mid,1,1,0,0,1,0,0,12651669.0
Lucknow,2399.869145863549,3,2,6.327315122123311,1,Fully Furnished,Ground,3,0,0,0,0,0,1,16312797.0
Pune,1225.3249543993347,2,1,8.39053245194197,1,Fully Furnished,Ground,4,0,0,1,1,0,0,12641524.0
Bangalore,1074.014377475013,4,2,9.697961676371602,1,Semi Furnished,Mid,4,0,1,0,1,0,1,14853989.0
Hyderabad,1648.100221677419,1,1,6.725039387952438,2,Unfurnished,Mid,1,0,0,0,1,1,1,12394584.0
Bangalore,1857.9552080644048,2,1,36.54834863365307,0,Unfurnished,Top,4,0,1,0,1,1,1,17186726.0
Pune,1955.8750619861326,3,3,16.121615206300458,0,Semi Furnished,Ground,3,0,0,2,0,1,0,16137696.0
Pune,1019.118789613399,3,2,6.682467054259913,1,Unfurnished,Ground,2,1,1,2,0,0,1,10357556.0
Ahmedabad,1717.2700486271451,3,3,6.640957449508578,2,Unfurnished,Top,2,1,0,1,0,0,1,14460649.0
Delhi,1157.2227142582474,2,2,10.48604523557287,2,Fully Furnished,Top,4,0,0,1,1,1,0,18084593.0
Jaipur,755.5388719647117,4,2,0.5136428340894919,1,Semi Furnished,Ground,2,0,0,1,0,0,1,6088656.0
Kolkata,1035.6318422336076,5,2,39.1862272360423,1,Fully Furnished,Top,3,0,0,1,0,1,0,8892785.0
Jaipur,1124.5498170220908,3,1,3.790697661317421,1,Fully Furnished,Ground,3,0,0,0,0,1,1,8475744.0
Lucknow,1760.7975801762536,4,2,17.93970075925203,0,Fully Furnished,Mid,2,1,0,1,1,1,0,11933386.0
Kolkata,2076.1068315343346,3,2,22.55744683439108,1,Semi Furnished,Ground,4,1,0,1,0,0,0,15326550.0
Pune,763.3966850623667,2,2,26.350201493082107,1,Semi Furnished,Top,2,0,0,0,0,1,1,6166326.0
Jaipur,1675.980537104028,3,3,2.716396252760217,1,Semi Furnished,Ground,4,0,1,1,0,0,1,12461046.0
Chennai,911.6509071145467,2,1,11.540482923503234,2,Fully Furnished,Mid,3,0,0,1,0,0,1,8808721.0
Delhi,1814.542704507,5,2,1.3107521645370315,2,Semi Furnished,Mid,1,1,0,1,0,0,0,30512298.0
Jaipur,1188.634709498126,2,3,24.50537086784731,0,Fully Furnished,Ground,4,1,1,2,1,0,1,7882374.0
Delhi,974.3354909883606,3,2,9.996163055170223,2,Unfurnished,Mid,4,0,0,1,1,1,0,11824892.0
Bangalore,1899.8322576737874,2,3,2.5883439534349986,0,Fully Furnished,Mid,2,1,0,2,1,1,1,28258675.0
Lucknow,1206.5386972774527,3,2,19.023880792996138,0,Unfurnished,Ground,3,0,0,0,1,1,1,5980030.0
Delhi,1342.018024323651,2,4,6.033377034302202,2,Unfurnished,Mid,1,0,0,1,0,0,0,16406858.0
Bangalore,400.0,4,2,1.824154191742747,1,Semi Furnished,Ground,4,0,0,0,0,1,0,5240929.0
Hyderabad,1973.2756807117369,2,3,9.272650260704378,2,Fully Furnished,Mid,5,1,0,0,1,1,1,23590928.0
Bangalore,1910.4542605845536,4,2,4.023027725646958,0,Semi Furnished,Top,3,1,0,1,0,0,1,27264117.0
Lucknow,1502.728922140657,4,3,45.002682895955175,2,Semi Furnished,Ground,2,0,0,0,1,1,1,8530358.0
Ahmedabad,736.2095293221205,3,3,6.726254392308162,2,Unfurnished,Top,4,1,0,1,0,0,1,6633348.0
Hyderabad,2104.6845891673815,2,2,12.745362499092959,1,Unfurnished,Top,3,0,1,2,0,1,0,17808968.0
Pune,1166.8683068196044,2,3,44.45217072218008,1,Fully Furnished,Top,3,1,0,1,1,1,0,11478313.0
Mumbai,1273.3232749497058,4,2,7.506229658238757,2,Unfurnished,Mid,2,1,0,1,0,1,1,19000088.0
Bangalore,2656.0220281797656,2,2,6.6504692628914395,1,Fully Furnished,Ground,3,0,0,1,0,0,0,30680676.0
Bangalore,1148.1817779453852,2,2,2.6583203016354884,1,Fully Furnished,Ground,3,0,0,2,0,1,0,15653136.0
Delhi,1871.10498121325,3,1,41.78293683420687,1,Semi Furnished,Top,2,1,0,0,1,1,1,20720926.0
Pune,1781.0461310413089,2,2,24.1975313266778,1,Unfurnished,Top,2,0,0,0,0,0,1,14747106.0
Jaipur,1695.0860964400426,2,4,3.7463750967876783,2,Semi Furnished,Mid,3,0,0,2,1,0,1,14127545.0
Chennai,1641.0002712772555,3,3,6.067158567528226,0,Unfurnished,Ground,3,1,1,2,0,1,0,15818640.0
Kolkata,1688.1942809445995,3,3,36.96099983736761,1,Unfurnished,Ground,2,0,1,1,1,0,0,10266362.0
Bangalore,1635.9702954702702,2,2,11.559484289079833,1,Semi Furnished,Mid,2,1,0,0,1,1,0,18790733.0
Jaipur,1474.0408206119696,3,2,12.19025846821146,1,Fully Furnished,Ground,2,0,0,2,1,1,0,10573576.0
Chennai,2255.641562055371,3,2,15.6680197160248,0,Semi Furnished,Top,4,1,1,1,1,0,0,21777518.0
Kolkata,843.6697196003608,3,2,21.542597292631253,1,Unfurnished,Top,1,1,0,1,0,1,1,6295408.0
Mumbai,2010.7290520076883,2,1,42.0236022273525,2,Semi Furnished,Ground,4,0,0,2,0,0,0,20808997.0
Delhi,1911.1711493437758,3,3,24.30938444336427,1,Semi Furnished,Top,3,0,0,0,1,0,1,21947650.0
Jaipur,1849.1995606647006,3,3,40.896848102433005,1,Unfurnished,Ground,3,1,1,0,0,0,0,9919190.0
Delhi,2058.489713820064,3,2,25.77287586156851,1,Unfurnished,Ground,4,0,0,1,0,1,1,17448670.0
Kolkata,1453.7003023658035,2,1,0.7132005185310883,1,Fully Furnished,Mid,2,0,0,0,0,1,1,13278042.0
Ahmedabad,565.5129620865616,1,2,1.8755358152159063,1,Unfurnished,Mid,3,1,0,2,0,1,1,3862414.0
Bangalore,1463.853670142757,4,2,32.42838753705031,1,Unfurnished,Ground,3,1,0,1,1,1,0,13066203.0
Hyderabad,1004.4028911877228,3,2,0.4213084208215701,0,Unfurnished,Top,5,1,0,0,1,1,0,9598641.0
Chennai,1134.070395070968,3,2,23.71090919388055,1,Unfurnished,Mid,1,0,0,0,0,0,1,7846216.0
Pune,878.7901630837941,4,2,28.441181097896482,1,Unfurnished,Top,3,0,0,0,1,0,1,6774076.0
Lucknow,1261.3275707780829,3,3,8.054068056765345,1,Fully Furnished,Ground,5,1,1,2,1,1,0,10794424.0
Bangalore,1201.6881530082755,3,2,6.574196971744977,0,Unfurnished,Top,2,0,0,0,0,1,0,13590963.0
Hyderabad,400.0,2,3,3.2425976224260387,0,Semi Furnished,Ground,5,1,0,0,0,0,1,3650567.0
Lucknow,1850.1109556411445,4,2,0.7523386743529775,1,Semi Furnished,Top,4,0,0,1,0,1,1,14314169.0
Jaipur,2610.1609290024408,3,2,20.519919781420132,1,Unfurnished,Ground,2,0,0,1,1,1,0,14253426.0
Lucknow,1803.1185967481442,3,3,1.148795438101475,0,Semi Furnished,Mid,1,0,0,0,0,0,1,13124664.0
Mumbai,1398.5380217328861,3,2,43.41649948439047,0,Fully Furnished,Mid,2,0,1,1,1,0,0,19305024.0
Bangalore,1472.6268021618923,4,1,5.280503038820584,0,Semi Furnished,Top,2,0,0,2,1,1,0,21718697.0
Delhi,1289.507065993412,3,1,23.715987326929557,1,Fully Furnished,Top,3,1,0,1,1,1,1,18343034.0
Ahmedabad,1545.0207919334791,2,3,0.9230678312090728,1,Fully Furnished,Mid,4,0,0,0,1,0,0,13725792.0
Pune,1481.4959529633832,3,2,11.527072810054051,0,Semi Furnished,Mid,3,0,0,1,0,0,0,13659257.0
Delhi,1079.4757848008528,3,2,6.440978208305669,1,Semi Furnished,Ground,3,1,0,2,1,1,1,15975301.0
Hyderabad,2341.4441944739156,1,1,0.4569052026639232,0,Unfurnished,Mid,2,0,0,0,1,0,0,16176070.0
Bangalore,756.4228821451145,4,2,15.997957793691203,0,Unfurnished,Ground,3,0,0,1,1,1,1,7947859.0
Ahmedabad,1859.165771597123,2,3,43.013442697599054,2,Unfurnished,Mid,3,1,1,0,1,1,1,11894056.0
Lucknow,1449.401186341234,3,3,0.16216493991411585,1,Semi Furnished,Ground,4,1,0,1,1,0,0,10262811.0
Bangalore,2450.4159075328726,3,2,4.7296417956558345,1,Fully Furnished,Ground,3,0,0,0,1,0,0,29771946.0
Lucknow,1670.4322996241108,3,2,18.240971408564896,0,Fully Furnished,Ground,4,0,0,1,1,0,0,9694863.0
Jaipur,1320.0472314083759,3,3,30.74867496677698,1,Unfurnished,Top,4,1,1,0,0,1,1,8767993.0
Mumbai,1376.1464007827512,5,2,3.175251553080564,1,Fully Furnished,Ground,2,0,0,0,0,0,0,22182718.0
Kolkata,1519.9533472598805,3,3,1.1001258910165508,1,Semi Furnished,Mid,2,0,0,1,1,0,1,14234983.0
Bangalore,928.6046525017996,2,1,0.13018430604171527,1,Semi Furnished,Mid,1,0,0,0,0,0,1,10173709.0
Hyderabad,1116.5652374410442,3,2,3.6350182995438285,1,Fully Furnished,Mid,2,0,0,2,1,1,1,12152659.0
Lucknow,607.5280154040712,2,3,1.1098221001152797,0,Semi Furnished,Ground,1,0,0,0,0,1,0,3573832.0
Delhi,1038.511550812953,2,2,6.679831239492634,1,Fully Furnished,Top,3,0,0,1,1,0,0,16906253.0
Jaipur,1546.9532408302248,2,3,8.700646779161238,2,Unfurnished,Ground,2,1,0,2,0,0,1,10545596.0
Hyderabad,1650.0875246422604,1,3,9.80669926486672,1,Semi Furnished,Top,3,0,0,0,0,1,0,13771194.0
Pune,510.33515250179903,3,2,2.3030259696382824,0,Semi Furnished,Top,2,1,0,2,1,0,1,6298070.0
Kolkata,1431.3941484778998,3,3,9.35398231791886,1,Unfurnished,Mid,3,1,0,0,1,0,1,11388651.0
Jaipur,1781.7049754110662,2,1,0.1363928514389741,1,Fully Furnished,Mid,5,1,0,1,1,1,1,16792960.0
Mumbai,1418.5439033118823,4,3,4.105131142690267,0,Semi Furnished,Mid,3,0,0,0,0,1,1,22948880.0
Kolkata,1183.1056771110998,2,4,6.908786932282191,1,Semi Furnished,Ground,3,0,0,0,1,0,1,9602181.0
Lucknow,1293.9194274758931,4,4,1.8894287193482102,2,Fully Furnished,Mid,4,0,0,0,1,1,0,11986346.0
Hyderabad,1229.618322511389,3,3,25.23049983501257,1,Unfurnished,Mid,1,0,0,0,1,0,0,8156937.0
Pune,1181.6347204459714,1,2,3.369902868247366,0,Semi Furnished,Ground,2,1,1,2,1,0,0,12114420.0
Chennai,1586.9117626224242,5,3,21.090705197724386,1,Unfurnished,Ground,5,1,0,1,1,0,1,13534899.0
Mumbai,2653.8441138677254,3,3,9.633761098117223,0,Fully Furnished,Top,4,1,0,0,1,1,0,31655517.125
Ahmedabad,1128.1500415474084,3,1,9.801488066491206,0,Fully Furnished,Top,1,0,0,1,0,1,0,9252639.0
Lucknow,1340.9286836692866,2,1,15.542775975727508,0,Unfurnished,Ground,2,0,0,1,0,1,0,5991953.0
Chennai,1474.1510303123841,3,2,0.6793185220808388,0,Fully Furnished,Ground,3,1,0,2,1,1,0,17154841.0
Bangalore,1156.3227828208533,3,1,1.2305096089358127,2,Unfurnished,Top,4,1,1,0,1,0,0,14736642.0
Pune,2049.1179017617133,2,3,5.936661304735595,1,Semi Furnished,Mid,3,0,0,1,0,1,0,22179487.0
Delhi,400.0,2,2,8.088955202087462,1,Unfurnished,Top,1,1,0,0,0,1,0,4767967.0
Ahmedabad,1234.470414810662,3,2,8.430225884649008,2,Unfurnished,Mid,3,0,0,1,0,0,0,8857940.0
Hyderabad,1909.156868159981,2,2,16.946303649459708,1,Unfurnished,Top,2,1,0,1,1,0,0,14753105.0
Pune,1352.9528458056832,2,3,0.010578907107980234,1,Semi Furnished,Mid,2,0,0,1,1,0,1,15688289.0
Kolkata,1089.5805205748543,3,3,47.951245866151844,0,Fully Furnished,Top,2,0,0,1,0,0,1,8858922.0
Jaipur,1720.3783772193822,4,1,2.8762614833832765,1,Semi Furnished,Mid,3,0,0,0,0,1,1,14305583.0
Kolkata,1953.171617698576,2,3,4.287889546689153,1,Unfurnished,Top,3,1,1,0,1,0,1,19459880.0
Kolkata,1605.3177226075293,2,2,35.407533284510265,1,Semi Furnished,Ground,4,1,0,0,0,1,1,9301160.0
Bangalore,1099.3898200935582,4,2,0.08259801057397559,0,Fully Furnished,Top,3,0,0,1,0,0,1,17743085.0
Mumbai,1728.1016595758717,2,3,71.17697291282467,0,Semi Furnished,Ground,3,0,0,2,0,1,1,16815622.0
Delhi,1298.975349862605,3,2,0.5492959155404883,1,Unfurnished,Top,4,0,0,1,1,0,1,18806408.0
Ahmedabad,1872.593440946914,5,2,1.9268020837203264,0,Semi Furnished,Ground,2,0,0,0,0,1,1,15184557.0
Mumbai,2241.6294424282955,4,2,4.118659002133193,1,Semi Furnished,Top,2,0,0,0,1,1,0,31655517.125
Pune,400.0,2,1,8.663074670049298,0,Unfurnished,Top,1,0,0,1,1,0,1,3428569.0
Kolkata,1555.5337365978164,3,1,10.961225939045985,1,Unfurnished,Ground,2,1,0,1,1,0,0,11633563.0
Bangalore,632.1330315261864,2,1,1.6592557922493967,1,Fully Furnished,Ground,2,1,0,1,0,0,0,7594038.0
Pune,2720.894292664885,4,2,1.1479341752072454,1,Semi Furnished,Ground,4,1,0,0,1,1,1,31305814.0
Jaipur,1265.9377331019048,5,1,0.48566368139818966,0,Fully Furnished,Mid,2,0,0,1,0,0,0,9897812.0
Delhi,1873.186620912686,2,2,4.450856397316435,0,Unfurnished,Top,1,0,0,1,1,1,0,23603876.0
Ahmedabad,1482.3415702025522,3,2,38.17615182355485,0,Unfurnished,Mid,3,0,0,0,0,1,1,7251425.0
Jaipur,1098.4577096404703,4,3,7.410572840644335,1,Fully Furnished,Mid,2,0,0,1,0,0,1,7979728.0
Bangalore,1038.9734764112866,2,2,21.659321953224232,0,Fully Furnished,Mid,2,1,0,2,1,0,0,11589947.0
Delhi,2292.8395865503794,2,4,3.1643009587125155,1,Semi Furnished,Mid,2,0,0,1,1,0,0,31655517.125
Pune,1977.9690300891552,1,1,1.002986016610734,0,Fully Furnished,Ground,4,0,0,2,0,0,0,18178034.0
Kolkata,2471.7920436887816,3,3,12.120957783803934,2,Semi Furnished,Ground,1,1,0,2,0,1,1,21597250.0
Kolkata,1527.7266675788496,4,1,25.897364500137495,1,Unfurnished,Mid,2,1,0,0,1,1,0,10085690.0
Lucknow,1643.959810623,4,3,34.30952473106769,0,Unfurnished,Mid,4,1,0,2,1,1,1,8377324.0
Kolkata,1366.4042171723559,2,2,11.851632766528674,0,Semi Furnished,Ground,2,0,0,1,0,0,0,8623599.0
Chennai,1356.4588984424954,2,2,5.222786559356025,1,Semi Furnished,Ground,3,0,0,2,0,1,1,12074403.0
Kolkata,979.0565337613159,3,2,1.7397804873806675,2,Unfurnished,Mid,1,0,0,0,0,0,1,7892759.0
Chennai,1542.0050954621756,4,2,16.531303211909265,0,Semi Furnished,Mid,4,0,1,0,0,0,0,14187666.0
Hyderabad,1105.3767025569014,3,3,4.936664122874048,1,Fully Furnished,Ground,3,0,1,1,0,0,1,12372829.0
Chennai,1720.9544610821013,3,3,27.864876477225767,1,Semi Furnished,Ground,2,0,0,0,0,0,1,11715905.0
Delhi,1585.0051094901048,3,2,13.937642851454452,2,Unfurnished,Top,4,0,0,1,1,1,1,21430241.0
Jaipur,1643.841021837861,2,3,29.372017596989895,2,Semi Furnished,Top,3,0,0,2,0,0,1,10256334.0
Delhi,2337.564969845113,3,1,12.543247639867348,2,Fully Furnished,Top,4,0,0,2,0,1,1,31655517.125
Jaipur,1481.1410251172044,5,3,22.159204497680143,0,Semi Furnished,Top,4,0,0,0,1,1,1,9703001.0
Lucknow,1878.363501426714,2,4,5.2285854001743655,1,Semi Furnished,Mid,3,0,0,0,1,0,1,13336048.0
Hyderabad,2525.7547320427907,3,1,10.489253255858918,0,Semi Furnished,Ground,3,1,1,2,1,1,0,23432279.0
Jaipur,2153.3085346475236,2,2,0.2939572315395951,1,Unfurnished,Mid,2,0,0,0,1,0,0,13901117.0
Jaipur,2076.5848492274226,3,2,14.040964576012142,1,Semi Furnished,Top,1,1,0,1,0,1,1,16790444.0
Bangalore,1346.65589223975,3,2,11.445156918446601,1,Fully Furnished,Top,2,1,0,2,0,1,0,20340901.0
Mumbai,1614.8215277838983,3,3,21.114751040060426,1,Unfurnished,Mid,2,0,0,1,0,0,0,16509325.0
Mumbai,840.8618539850291,4,3,19.5821097348155,2,Semi Furnished,Mid,5,0,0,2,0,1,0,13007919.0
Bangalore,1749.4572004822073,3,4,14.817485840813527,2,Unfurnished,Ground,4,0,0,2,1,1,1,21248691.0
Kolkata,1637.2300888069208,3,2,0.8753317546014272,1,Semi Furnished,Top,2,0,0,1,0,0,1,15110367.0
Bangalore,1511.6925625780905,1,2,34.99716570514564,1,Unfurnished,Top,2,1,1,1,1,0,0,14610526.0
Jaipur,2013.5973941214302,4,2,0.27275270241130184,0,Semi Furnished,Mid,3,1,1,1,1,0,1,20535109.0
Jaipur,896.1125887878018,2,3,24.388667346569093,1,Fully Furnished,Ground,2,1,0,1,0,1,1,6247331.0
Bangalore,2317.4314255801737,4,1,9.790053599962539,1,Unfurnished,Mid,3,1,0,0,1,0,0,23686753.0
Bangalore,1950.8823439701418,2,4,25.555698356887543,1,Semi Furnished,Mid,3,1,0,1,1,0,0,20457975.0
Kolkata,1464.683010174013,1,2,9.384287185292514,2,Semi Furnished,Mid,3,0,0,1,0,0,1,11506996.0
Delhi,1425.6352060913032,2,2,15.61666571955216,0,Semi Furnished,Top,3,0,1,0,1,0,1,19376199.0
Hyderabad,1740.3056076242972,5,2,6.771037752946767,2,Unfurnished,Ground,1,0,1,1,0,0,1,16408951.0
Pune,2260.4256160318896,3,3,20.419855264655077,1,Unfurnished,Mid,1,0,0,0,0,0,1,18443064.0
Jaipur,1550.8038593450053,2,2,4.398987995090564,0,Semi Furnished,Mid,2,1,0,1,0,0,0,10702638.0
Hyderabad,1572.015450989613,2,3,19.060020041323142,1,Semi Furnished,Ground,3,0,0,0,1,1,1,12364606.0
Bangalore,1509.0592388129357,3,2,3.2235883210129015,1,Semi Furnished,Top,2,0,0,2,0,1,1,20696439.0
Kolkata,2391.012056350736,1,2,19.21106288933717,1,Unfurnished,Mid,4,0,0,0,1,0,1,14640389.0
Chennai,1315.558448531488,3,1,5.215118647847165,0,Fully Furnished,Mid,1,1,1,2,1,1,1,17390510.0
Kolkata,1485.2462006904643,2,3,4.899083305356381,1,Fully Furnished,Top,3,1,0,1,0,1,1,15359210.0
Ahmedabad,2231.7178271304974,3,2,25.029376660410733,0,Semi Furnished,Top,1,1,0,0,1,0,1,14959535.0
Ahmedabad,1573.5054168064319,2,3,25.205362173241788,2,Unfurnished,Top,5,1,0,1,0,1,0,10262931.0
Hyderabad,2068.529430022761,3,2,17.635755260834397,2,Semi Furnished,Mid,2,1,0,1,0,0,0,16912028.0
Mumbai,1044.3599715485207,3,2,38.63730650874018,1,Semi Furnished,Top,3,0,1,2,0,1,1,13606072.0
Ahmedabad,1397.353739185743,2,2,2.547484578131186,0,Unfurnished,Mid,5,0,0,1,1,0,0,10247954.0
Ahmedabad,2242.2170192201143,3,2,4.706722176049727,1,Fully Furnished,Top,1,0,0,1,0,0,1,22296087.0
Delhi,1161.8301421182273,3,3,5.22239991611466,1,Unfurnished,Mid,3,1,0,1,1,0,1,15098586.0
Chennai,1424.3504801151462,2,3,5.4638327185735704,2,Semi Furnished,Top,3,1,0,1,0,0,1,15397045.0
Delhi,1628.3426154457393,3,2,5.96316801986395,0,Fully Furnished,Mid,2,0,0,1,1,1,0,26798091.0
Chennai,1005.4227410035066,3,3,17.91079142181011,1,Unfurnished,Ground,3,0,1,0,0,1,0,7706905.0
Lucknow,1293.0949406890513,3,2,4.736247555142426,1,Fully Furnished,Top,3,0,0,0,1,1,1,11057071.0
Pune,1556.31834091282,2,3,5.051449436482357,0,Unfurnished,Top,2,0,0,0,1,0,0,14812176.0
Jaipur,1523.3408670809806,2,2,12.67402024643124,0,Unfurnished,Ground,3,0,0,1,0,1,1,8687932.0
Ahmedabad,2140.176010418568,2,1,3.223145812641954,1,Fully Furnished,Mid,3,0,0,0,0,0,0,17220675.0
Jaipur,2270.728597416127,3,2,6.8092971110346845,1,Fully Furnished,Ground,3,0,0,0,0,1,0,16116163.0
Ahmedabad,1071.9575639995444,3,2,0.89530087026148,2,Semi Furnished,Ground,5,1,0,2,0,0,1,9437678.0
Delhi,1555.6342595837448,3,4,45.72026713116833,2,Semi Furnished,Mid,3,0,0,1,1,1,0,17939773.0
Pune,1837.1241542123828,4,1,5.725664997321265,1,Fully Furnished,Top,4,0,0,0,1,1,0,22823779.0
Delhi,2258.1737328995987,2,1,28.461013723253867,1,Semi Furnished,Top,4,0,0,1,1,0,1,22201751.0
Delhi,1859.2451486585646,5,1,11.323602505192737,0,Semi Furnished,Top,3,1,1,1,0,0,1,29168402.0
Chennai,1645.456700796166,2,2,3.885683727982075,2,Unfurnished,Ground,4,1,0,0,0,1,0,13752952.0
Mumbai,1833.2712659913154,4,2,3.224423739010099,1,Semi Furnished,Mid,2,0,0,1,1,1,1,31655517.125
Kolkata,1836.8844171681299,3,2,17.809722080324242,1,Unfurnished,Top,2,0,0,2,1,1,0,14324444.0
Hyderabad,1036.1428538578157,4,2,50.22998807608132,2,Semi Furnished,Mid,3,0,0,0,1,1,1,7938299.0
Jaipur,1596.3993962531345,2,1,3.0330228751286015,0,Fully Furnished,Ground,4,0,1,1,0,0,1,11667683.0
Lucknow,2229.5804970943454,3,2,1.8396554751695773,1,Unfurnished,Top,1,0,0,1,1,1,0,15439281.0
Ahmedabad,1396.3216156529977,3,2,7.343286307050352,1,Semi Furnished,Ground,4,1,0,0,0,1,0,9899866.0
Delhi,1564.7233212737221,5,3,7.508440694517734,0,Fully Furnished,Mid,1,0,0,1,0,1,1,24559432.0
Mumbai,1378.741775236989,5,3,24.618029384309416,0,Unfurnished,Top,3,1,0,1,0,0,0,18826639.0
Delhi,400.0,2,3,9.491771917559749,1,Semi Furnished,Top,3,0,0,1,0,1,1,5644251.0
Pune,1510.2950886173396,3,4,0.9674568435542863,1,Fully Furnished,Top,3,1,0,1,0,0,0,23430171.0
Chennai,1650.8959653264365,3,3,38.011647221213025,1,Unfurnished,Top,2,1,0,1,1,0,1,12069743.0
Lucknow,1243.753304559549,2,2,7.006626809910582,2,Semi Furnished,Ground,2,1,0,0,0,0,1,7565200.0
Kolkata,922.681525557636,2,2,16.563347878030555,1,Semi Furnished,Ground,5,1,0,0,0,0,0,6006471.0
Pune,1059.6967701091753,5,3,16.516202189850354,1,Unfurnished,Mid,3,0,0,2,1,1,1,11708463.0
Bangalore,1882.093808067782,3,2,0.8698732481746406,0,Fully Furnished,Top,2,1,0,1,0,1,0,28383369.0
Lucknow,2486.2623865234527,2,2,0.05416757393852263,0,Unfurnished,Mid,1,1,0,1,1,0,1,15330113.0
Delhi,2191.2166704527162,2,2,1.382338364799585,1,Fully Furnished,Ground,2,0,0,1,1,0,1,31655517.125
Pune,827.8269975847242,2,4,47.035654462065175,1,Fully Furnished,Mid,3,0,0,1,1,1,0,8267651.0
Kolkata,1927.3136552753515,3,3,23.697673242520352,1,Unfurnished,Ground,4,1,1,0,0,1,1,12039348.0
Mumbai,1168.418812095355,3,2,2.1236656217201784,1,Fully Furnished,Top,5,1,1,0,0,0,0,24768665.0
Mumbai,1208.8664687456114,3,4,14.312609828372134,0,Semi Furnished,Mid,4,1,0,2,0,1,0,17606190.0
Jaipur,1269.012201014358,2,4,14.200234324810191,1,Unfurnished,Top,3,1,0,0,0,1,0,9067508.0
Kolkata,1853.0334749277151,3,2,0.008388753813002862,1,Fully Furnished,Ground,3,0,0,1,1,0,1,19138700.0
Mumbai,1979.626688224519,2,3,8.407179449042047,0,Semi Furnished,Mid,3,1,0,0,1,0,1,27978040.0
Pune,1450.984464360106,4,3,18.660232299342177,2,Fully Furnished,Mid,3,0,1,1,0,1,1,17766139.0
Jaipur,1459.4646294959875,2,1,3.101541019452689,1,Unfurnished,Top,4,1,1,1,1,1,1,11628084.0
Mumbai,1732.1318716178966,4,3,28.54745637567132,0,Semi Furnished,Top,2,1,1,1,1,1,1,27597529.0
Lucknow,1783.997269762121,3,2,16.195602165620205,1,Fully Furnished,Top,2,1,0,0,1,1,0,12735324.0
Chennai,2088.1128533792644,3,3,0.10422571876855563,2,Unfurnished,Mid,5,0,0,1,1,0,1,20838025.0
Bangalore,857.8140122454007,2,3,28.95644775512112,1,Fully Furnished,Ground,3,0,0,0,0,1,1,8508159.0
Kolkata,1510.013669902015,3,2,0.2938601980598512,1,Unfurnished,Top,3,0,0,0,1,1,1,13303179.0
Pune,965.9878120544112,4,2,32.829313987500456,1,Semi Furnished,Top,4,0,0,0,1,0,0,8159449.0
Ahmedabad,1474.5288604682985,2,3,6.090653426025146,1,Unfurnished,Ground,4,0,0,2,1,0,0,9672002.0
Delhi,1386.9123561596195,2,4,17.99225618973287,1,Semi Furnished,Mid,2,1,1,1,1,1,1,19960670.0
Pune,1476.6252730486488,3,1,23.227327353746908,1,Fully Furnished,Mid,3,1,0,1,0,0,0,13622551.0
Mumbai,1100.1285559447342,2,3,4.954018072526584,1,Fully Furnished,Ground,2,1,0,1,0,0,0,18438227.0
Pune,756.3551033962857,3,1,6.61102643669565,0,Semi Furnished,Top,1,1,1,2,0,1,1,9505469.0
Ahmedabad,452.7812366425485,2,2,10.686226608173333,0,Fully Furnished,Mid,5,1,0,0,0,0,0,3331298.0
Delhi,1434.4099228675798,3,3,13.108943981259358,2,Semi Furnished,Top,3,1,1,0,0,0,1,24296757.0
Jaipur,1284.4994470835304,3,3,5.180555646220719,2,Fully Furnished,Top,4,1,0,1,1,1,0,12470356.0
Mumbai,1162.0311675980865,2,3,73.18496782216116,1,Fully Furnished,Ground,4,1,0,0,0,1,1,13968970.0
Hyderabad,2161.2742314158304,3,1,20.034285238023273,1,Unfurnished,Mid,3,1,0,1,0,0,0,13446069.0
Mumbai,1070.2809066023447,3,1,4.806219989966568,0,Unfurnished,Ground,4,1,0,1,1,1,0,14586892.0
Bangalore,2208.4170410694014,2,3,15.34278750069119,1,Unfurnished,Mid,4,0,0,1,1,1,1,22361252.0
Hyderabad,2311.9218721346288,3,1,8.573801353845825,1,Semi Furnished,Top,2,0,0,1,1,1,1,21636169.0
Bangalore,524.5497666053095,3,1,29.5269726818076,1,Unfurnished,Top,3,1,0,0,1,0,1,4578435.0
Ahmedabad,1546.1907294994849,2,3,5.983676019151214,1,Unfurnished,Mid,2,0,0,1,0,1,0,10040020.0
Kolkata,1300.1517545820045,5,2,3.1211270616064457,1,Unfurnished,Mid,2,0,1,1,1,1,0,12106043.0
Delhi,400.0,3,2,0.7085166997500659,1,Fully Furnished,Top,1,1,0,2,1,1,0,8267287.0
Chennai,777.6793734657929,2,2,62.32024134950706,2,Semi Furnished,Top,3,0,0,0,1,1,1,6281913.0
Jaipur,1887.468053554237,4,3,6.67607559814684,2,Unfurnished,Ground,2,0,1,0,0,0,1,14212957.0
Chennai,2509.599626355632,3,4,3.7368942508702134,1,Unfurnished,Top,1,1,0,0,0,0,1,27681960.0
Lucknow,1951.3390713496242,3,1,10.152272613924586,0,Unfurnished,Top,3,0,0,0,0,0,0,10499956.0
Lucknow,1661.8162362564888,2,2,5.172028242973806,2,Fully Furnished,Mid,3,1,0,2,0,0,1,13299105.0
Ahmedabad,1489.3338091844562,3,2,3.9770722914194,0,Semi Furnished,Ground,2,0,0,0,1,0,1,10083347.0
Kolkata,2341.331457324057,3,3,14.371717959523535,1,Unfurnished,Ground,5,0,0,0,1,0,1,15140785.0
Lucknow,2574.11960097882,3,2,1.1669650653005779,2,Unfurnished,Mid,4,1,0,2,0,0,0,18582513.0
Mumbai,1206.578660237907,2,3,10.66945188137112,0,Unfurnished,Mid,4,1,0,1,0,0,0,14180368.0
Pune,500.0067198448545,2,2,7.351412726744072,1,Fully Furnished,Ground,1,1,1,1,0,0,0,5511923.0
Bangalore,450.90626836439924,3,2,11.406279050029159,1,Fully Furnished,Mid,5,0,0,0,1,1,1,5582672.0
Lucknow,2160.940496079901,2,3,5.794659990643624,1,Unfurnished,Mid,5,1,0,1,0,0,0,13092617.0
Ahmedabad,1476.4707296128067,3,2,12.670750150017552,2,Fully Furnished,Ground,3,1,0,2,1,1,1,13639780.0
Bangalore,1591.6209552293592,3,3,1.2804036572196515,2,Semi Furnished,Mid,5,0,0,1,1,1,1,22709606.0
Mumbai,604.6745035216434,4,2,7.077895206277903,0,Unfurnished,Mid,3,1,0,0,0,1,0,7315934.0
Kolkata,1123.4055436057668,3,2,4.067264178768996,0,Semi Furnished,Ground,2,0,0,0,1,1,0,8812384.0
Delhi,1352.2595930496088,2,2,8.646196109364094,2,Semi Furnished,Ground,4,1,1,0,0,1,0,18588001.0
Chennai,1603.9191916820353,4,2,7.620844601491812,1,Semi Furnished,Mid,3,1,0,2,1,1,0,18157977.0
Mumbai,1300.7039805431205,4,2,14.961847306184065,0,Fully Furnished,Top,2,0,0,1,0,1,1,21171299.0
Jaipur,981.3369008493287,3,3,14.863506085098747,1,Fully Furnished,Top,2,0,1,0,1,1,1,9764283.0
Hyderabad,1107.7165036987385,1,2,8.000280417077072,0,Semi Furnished,Mid,3,0,0,2,0,0,0,8551669.0
Ahmedabad,2104.1616429736164,3,3,3.0064854029305303,0,Fully Furnished,Mid,3,0,0,0,1,0,1,18956732.0
Chennai,1622.39230980175,4,2,13.081009282690738,1,Fully Furnished,Top,4,1,0,1,0,1,0,20352827.0
Jaipur,1806.0784034777757,1,2,50.95003126605912,1,Unfurnished,Ground,3,1,0,2,1,1,0,8295526.0
Delhi,1050.5630945613352,3,1,3.0766580017055545,1,Unfurnished,Top,3,0,0,1,1,1,1,14898973.0
Jaipur,400.0,3,3,1.0733935300693167,1,Unfurnished,Top,3,1,1,2,1,1,0,3783968.0
Kolkata,1238.4478465577517,3,1,4.609318970659237,2,Unfurnished,Ground,3,0,0,2,1,1,0,9016937.0
Hyderabad,1066.7147227872517,3,1,7.988921286110308,1,Semi Furnished,Mid,3,0,0,0,1,0,1,8956735.0
Bangalore,1674.5061343140396,3,1,5.483322847802647,1,Fully Furnished,Ground,3,0,0,0,1,0,1,22208369.0
Chennai,2858.437593116735,3,2,27.000780216487616,1,Semi Furnished,Mid,5,1,0,2,1,1,0,25390179.0
Hyderabad,1847.583008809128,3,2,10.189482865843582,1,Unfurnished,Mid,3,1,0,0,0,0,1,14515706.0
Pune,2858.437593116735,2,1,4.237987945219459,1,Unfurnished,Top,3,0,0,2,1,1,1,28994283.0
Mumbai,1784.3848476697244,3,2,44.99582035949279,1,Fully Furnished,Ground,4,0,0,0,1,1,0,20632090.0
Pune,1185.0568812136426,3,2,2.0040478375346336,0,Fully Furnished,Mid,4,0,0,1,1,0,1,13500183.0
Mumbai,1673.9580390604417,5,3,1.9672096985046348,1,Fully Furnished,Ground,2,0,1,0,0,1,1,31655517.125
Kolkata,2390.319299738854,3,3,4.221223468407666,0,Unfurnished,Mid,3,0,0,2,1,1,1,20472174.0
Hyderabad,2414.7812981606194,2,3,1.1981877925239175,1,Fully Furnished,Ground,4,0,0,1,0,1,1,23908644.0
Delhi,1212.3313159784605,5,2,20.893905710273422,0,Fully Furnished,Ground,5,1,1,0,0,0,1,18422505.0
Lucknow,1626.5918478496494,3,2,5.627185111774865,1,Unfurnished,Mid,2,0,0,2,0,0,1,10118872.0
Jaipur,785.3665601644274,4,3,19.63100204929863,1,Semi Furnished,Ground,3,1,0,1,0,0,1,4930589.0
Lucknow,1912.3343123457148,2,2,21.57882029538681,2,Semi Furnished,Mid,2,1,0,2,0,0,1,11676045.0
Hyderabad,2276.677349527947,3,2,4.067656494707734,1,Unfurnished,Mid,4,1,0,1,0,1,1,21146338.0
Pune,1519.899727058008,2,3,10.958488303158095,0,Semi Furnished,Ground,4,1,0,2,0,1,1,15974845.0
Lucknow,1166.307972819936,4,4,10.996798544119228,2,Unfurnished,Top,3,0,0,0,0,0,1,8059300.0
Ahmedabad,1680.0654756387812,4,3,30.76157661035494,1,Semi Furnished,Ground,3,1,0,2,0,0,1,10703410.0
Lucknow,1708.729515681583,3,4,0.3894756455993804,0,Fully Furnished,Mid,4,1,0,1,1,0,0,15341948.0
Mumbai,1540.5719159248101,2,3,5.7145220926012446,1,Semi Furnished,Mid,3,0,0,0,0,0,0,21888611.0
Ahmedabad,1589.3575621679765,2,3,32.11839854184902,0,Unfurnished,Mid,2,0,1,0,0,0,1,8310345.0
Chennai,1413.0925747653146,3,2,4.053590722411385,1,Unfurnished,Ground,3,0,0,0,1,0,1,11699257.0
Lucknow,1997.977464113203,3,4,2.208023037891347,2,Semi Furnished,Top,2,0,1,0,0,0,0,16935960.0
Ahmedabad,1868.1137225825635,3,3,12.87524897550614,1,Unfurnished,Top,3,0,0,1,0,0,1,13764999.0
Hyderabad,1008.4484264279254,3,2,5.476586366578187,1,Semi Furnished,Mid,2,1,0,1,0,1,0,9475083.0
Jaipur,994.7046984207027,3,2,9.446797915767444,0,Unfurnished,Mid,1,0,0,2,1,1,0,5805753.0
Chennai,1372.812791486719,1,1,25.723040262831343,0,Fully Furnished,Top,2,0,0,2,0,1,1,11365046.0
Delhi,1868.4185620525896,3,4,11.03133392583709,2,Semi Furnished,Mid,3,0,1,1,1,0,1,31471304.0
Delhi,1574.0287069454073,3,2,10.881640146211236,1,Semi Furnished,Mid,5,1,0,1,1,1,0,20694056.0
Kolkata,1178.4247949386722,4,2,4.889747782966918,1,Fully Furnished,Mid,2,1,1,2,1,1,1,15038396.0
Lucknow,1630.7592983629152,3,2,23.615808743209932,1,Unfurnished,Mid,5,0,0,0,0,0,0,7368419.0
Jaipur,1334.594740238864,3,4,20.19541376382356,0,Semi Furnished,Top,2,0,0,0,1,0,1,9326566.0
Bangalore,1940.2432301120657,2,2,4.000956771910071,2,Fully Furnished,Top,5,1,0,1,1,0,0,31655517.125
Ahmedabad,1666.5292175335237,4,2,5.785036912043567,0,Unfurnished,Top,5,0,0,0,0,0,1,13024416.0
Chennai,1342.360906273928,1,2,23.31204866537988,1,Fully Furnished,Ground,2,1,0,1,0,1,1,10686611.0
Hyderabad,1615.7593860232307,3,1,6.640912662760672,2,Fully Furnished,Top,4,1,0,1,1,0,1,19415755.0
Lucknow,2157.524029762101,4,1,7.751639778906105,1,Semi Furnished,Mid,3,1,0,2,1,1,1,17502627.0
Hyderabad,1215.1849617268113,3,2,6.7980772661336015,2,Unfurnished,Ground,3,1,0,2,0,0,1,10135271.0
Bangalore,1701.3284908235805,3,2,2.644481431650388,1,Semi Furnished,Mid,4,0,0,1,0,0,1,20862220.0
Kolkata,1464.7698297670022,2,2,6.253121308413061,1,Unfurnished,Mid,2,0,0,1,0,1,0,10488884.0
Bangalore,1713.4918419310497,4,2,24.363347902778276,2,Unfurnished,Ground,4,0,0,1,1,0,0,16458263.0
Mumbai,1172.7175292021348,2,1,10.131829760310762,2,Fully Furnished,Mid,2,0,0,0,0,0,1,16900991.0
Pune,1555.167716579688,2,3,9.193359280887911,1,Fully Furnished,Mid,3,0,0,2,0,0,1,19897042.0
Chennai,2053.9116412084004,2,2,2.550284349130447,1,Semi Furnished,Ground,3,0,1,1,1,0,1,21731806.0
Pune,1031.4965093769463,2,1,2.932375650227786,1,Unfurnished,Top,3,0,0,0,1,0,0,9527348.0
Bangalore,835.2974483374591,5,2,0.6584972102365905,0,Fully Furnished,Mid,3,1,0,1,0,1,1,14683460.0
Kolkata,854.2722177565179,3,1,0.21080738282165634,0,Unfurnished,Top,4,0,0,1,1,1,1,6806401.0
Kolkata,914.6687348999055,3,2,10.041871086444157,0,Fully Furnished,Mid,4,1,1,1,0,0,1,8642550.0
Delhi,1797.661643946332,5,2,7.894987423662582,2,Fully Furnished,Mid,3,0,0,0,0,0,1,28498946.0
Lucknow,797.0701570672672,2,3,4.831568227359289,1,Semi Furnished,Mid,2,0,0,1,0,1,0,5250656.0
Delhi,1351.0523276282347,1,2,69.14752627306609,2,Unfurnished,Ground,2,1,0,2,1,1,0,11985519.0
Chennai,1809.144651655354,3,2,7.612372712737442,1,Fully Furnished,Top,4,0,0,0,0,1,0,21078672.0
Chennai,1708.3295302742968,3,3,23.327577181370078,1,Unfurnished,Mid,5,1,1,0,0,0,1,13455047.0
Chennai,1307.2205100187575,3,2,3.546197948734978,0,Unfurnished,Top,2,1,1,0,1,0,0,14178109.0
Hyderabad,1595.461865877553,2,3,4.256171678816921,1,Unfurnished,Mid,3,0,1,0,0,0,0,13732812.0
Delhi,1553.5726648687842,3,2,12.603540658639131,2,Fully Furnished,Ground,4,0,0,0,1,1,1,22956896.0
Hyderabad,1387.8795222259068,2,2,0.0605460755322674,2,Unfurnished,Top,3,0,0,2,1,0,1,14000060.0
Pune,1394.5826406727099,2,2,0.26368608562204526,1,Semi Furnished,Ground,4,1,1,1,0,1,0,15053964.0
Lucknow,2617.7137173784804,2,2,2.3010919761964983,1,Semi Furnished,Top,1,1,0,2,0,1,0,21113795.0
Bangalore,1904.6554519656504,3,3,3.7870608106811656,1,Fully Furnished,Top,4,0,0,0,0,0,1,28757449.0
Ahmedabad,2740.3254587560714,3,1,11.256862826273265,0,Semi Furnished,Top,1,0,0,1,0,0,1,19209231.0
Delhi,1251.5184335397494,3,2,17.386398472998934,0,Semi Furnished,Mid,3,0,0,1,1,0,1,15296703.0
Ahmedabad,1457.5167015559264,5,2,5.606851441739314,1,Fully Furnished,Ground,2,1,0,1,0,0,1,12883381.0
Kolkata,833.9371173616763,4,1,4.0982270949298485,1,Unfurnished,Mid,4,1,0,1,1,0,1,6456302.0
Delhi,1095.2165989552138,3,3,25.95808990273689,1,Fully Furnished,Mid,2,1,0,1,1,0,0,14338275.0
Pune,2450.9565743312505,5,2,2.6649719694360106,1,Fully Furnished,Ground,2,0,0,0,1,1,0,30232271.0
Delhi,1238.9828550791217,5,3,17.013275912615367,0,Semi Furnished,Top,4,1,1,1,1,0,1,21852365.0
Hyderabad,2459.6406500722296,3,3,40.176755649483695,1,Fully Furnished,Ground,3,0,0,0,0,1,1,18629729.0
Lucknow,878.3188696600548,3,2,3.9636030939313316,1,Unfurnished,Mid,4,1,0,0,0,0,1,5323326.0
Bangalore,973.2654829633616,5,2,1.3647219644120088,0,Fully Furnished,Mid,3,1,0,1,1,1,0,15874946.0
Jaipur,1329.3843894882893,3,2,58.50059688867043,2,Fully Furnished,Top,1,1,0,1,0,1,0,10138123.0
Bangalore,1468.125039160411,2,2,4.736569525770442,1,Unfurnished,Mid,3,0,0,0,0,0,0,14692986.0
Bangalore,1961.5436462250648,3,1,4.837482208547191,1,Fully Furnished,Mid,2,1,0,1,1,0,0,28098991.0
Kolkata,1725.385208593133,2,4,9.918109724795388,2,Unfurnished,Mid,1,1,0,0,1,1,0,14615684.0
Pune,1291.842371327986,3,2,3.9410893731201604,0,Unfurnished,Mid,2,0,1,2,0,0,0,13987065.0
Ahmedabad,1433.3420967409468,2,1,74.15661681711846,2,Semi Furnished,Mid,4,1,0,0,1,0,1,8458807.0
Pune,1340.46854010765,2,1,0.6587436182286801,1,Fully Furnished,Mid,2,1,0,2,0,1,0,16032864.0
Jaipur,1042.673132337135,1,2,9.007783788262941,0,Unfurnished,Ground,1,1,0,0,1,0,1,5651870.0
Kolkata,1056.0185316991892,4,1,11.922607597542894,1,Fully Furnished,Mid,4,0,0,1,1,1,1,10022106.0
Lucknow,2013.9419457167048,2,2,9.437124901396354,2,Semi Furnished,Top,3,1,0,0,1,0,1,14621832.0
Bangalore,585.9175360364301,2,1,11.025889437654522,1,Semi Furnished,Top,3,1,0,2,0,0,1,6762211.0
Hyderabad,2308.6793487225273,2,1,65.82567451848817,1,Semi Furnished,Ground,4,1,0,0,0,1,0,13560168.0
Kolkata,1328.502887198884,3,3,31.42156668610182,0,Unfurnished,Mid,3,0,0,0,1,0,0,8128931.0
Chennai,1113.74569680392,5,3,5.532160260666749,0,Semi Furnished,Ground,4,1,0,0,1,1,1,11677904.0
Delhi,1869.8796453486345,2,2,12.026931396295302,1,Fully Furnished,Ground,4,1,0,2,0,0,0,23963882.0
Pune,2242.6082920735585,2,3,0.004665913548414999,1,Fully Furnished,Top,3,0,0,0,1,0,1,31559640.0
Kolkata,2058.8162208019785,3,1,7.903537539388142,2,Unfurnished,Top,3,0,0,2,1,0,1,17502539.0
Chennai,1750.9260246799454,3,3,2.6846433913803462,1,Fully Furnished,Ground,3,1,0,0,1,0,1,21088368.0
Ahmedabad,2043.431744860918,2,1,18.638656332990003,1,Unfurnished,Mid,2,1,0,0,1,0,0,13036456.0
Jaipur,641.751211428067,3,3,3.7478884540064556,0,Semi Furnished,Top,2,1,1,2,0,1,0,6009241.0
Jaipur,1239.0847292559258,3,3,20.72830006977986,0,Unfurnished,Mid,2,1,1,1,1,0,1,8265768.0
Bangalore,1044.4149699875777,3,3,5.634805032314806,0,Unfurnished,Mid,2,0,1,0,1,1,0,12175614.0
Bangalore,2112.3193656075873,4,3,39.02065402772632,1,Fully Furnished,Ground,3,1,1,0,0,1,1,25023436.0
Kolkata,1308.2609905380566,1,2,8.843071211975339,0,Fully Furnished,Ground,3,0,0,1,1,0,0,10050636.0
Kolkata,1922.7032783910277,2,2,27.443576181888783,2,Semi Furnished,Mid,3,1,0,2,1,0,1,12399184.0
Lucknow,1767.9284712443189,4,2,14.839616535514953,1,Fully Furnished,Top,4,0,0,1,1,0,0,14406778.0
Delhi,1068.8465319181596,4,2,56.84589583876587,2,Fully Furnished,Top,3,0,0,1,1,1,1,15287840.0
Mumbai,1206.5208950118576,2,1,20.364014768403194,1,Fully Furnished,Top,2,1,0,0,0,0,1,17582484.0
Ahmedabad,2146.908845407363,5,2,19.512946204500736,1,Fully Furnished,Top,1,0,0,1,0,0,1,19631947.0
Bangalore,1112.2586756577932,3,3,4.6155368938048005,1,Fully Furnished,Mid,2,0,0,0,0,1,1,14364045.0
Mumbai,1562.4338050977394,2,1,10.543713377633903,2,Semi Furnished,Top,4,0,0,1,1,1,1,25062249.0
Mumbai,1108.7293568367775,3,2,5.139756700162319,1,Semi Furnished,Top,3,1,0,1,0,0,0,17274025.0
Delhi,1343.0239065420697,2,3,0.29222976699537584,1,Semi Furnished,Ground,4,1,1,1,0,1,1,20149510.0
Hyderabad,1476.919028015014,2,2,18.59842176217761,1,Semi Furnished,Top,2,0,0,0,0,0,0,11498382.0
Hyderabad,1108.5667448512543,2,2,4.034602606333025,0,Semi Furnished,Ground,3,0,0,0,1,1,1,8522725.0
Bangalore,1019.7765230080593,3,4,7.595633856587197,1,Fully Furnished,Top,3,0,1,2,0,0,1,18039094.0
Chennai,1643.136668388721,4,3,5.024515066368123,2,Unfurnished,Ground,4,0,1,0,0,1,0,18274043.0
Delhi,1077.631295604412,3,2,3.3403271318475,0,Semi Furnished,Mid,3,0,0,0,1,1,1,14242523.0
Delhi,1094.6712221506637,3,2,1.0421696931600741,1,Unfurnished,Top,4,0,1,2,0,0,1,17427198.0
Pune,1030.4734281490146,3,1,6.184851538828205,1,Semi Furnished,Ground,4,1,0,1,1,0,1,9305058.0
Mumbai,1461.0459768343408,3,1,1.2792009880481192,2,Unfurnished,Top,5,0,0,0,0,1,0,23476004.0
Pune,1971.8508171999206,4,2,11.65834220645097,0,Fully Furnished,Mid,2,0,0,1,0,0,1,21185147.0
Mumbai,2253.2643181561334,3,3,0.2972881990564039,0,Fully Furnished,Mid,3,0,0,2,0,1,1,31655517.125
Hyderabad,1137.0409570031106,3,4,42.20613148563113,0,Fully Furnished,Mid,2,1,0,2,0,0,1,9328410.0
Bangalore,2575.1553966656056,3,3,50.93196645087686,0,Unfurnished,Mid,4,0,0,1,0,0,1,18700761.0
Ahmedabad,997.647569646602,3,2,5.45018246104255,1,Semi Furnished,Top,5,1,0,0,1,0,0,8742569.0
Hyderabad,2041.7742616639348,2,1,4.520522332481025,0,Fully Furnished,Mid,3,0,0,2,0,0,1,17561953.0
Delhi,1139.1517729922787,2,2,1.654008001573458,1,Unfurnished,Top,5,0,0,2,0,1,1,14203615.0
Ahmedabad,1064.5383650649949,3,2,35.29538020365127,2,Semi Furnished,Mid,4,0,0,2,0,1,1,6440650.0
Kolkata,1127.6219216078057,4,2,13.259673923918456,0,Fully Furnished,Top,3,1,0,0,0,0,1,11115440.0
Ahmedabad,1473.7761501754405,3,3,14.128933598252011,0,Semi Furnished,Mid,3,1,0,0,1,1,0,10245270.0
Ahmedabad,1789.9860855168051,5,3,33.92977746161579,2,Semi Furnished,Mid,3,1,0,0,0,0,0,11571609.0
Hyderabad,1834.934018952411,2,3,36.25089299129457,1,Fully Furnished,Ground,5,1,1,0,1,0,1,16177568.0
Delhi,1028.0074923260559,3,2,26.433738443791597,0,Fully Furnished,Mid,2,0,0,0,1,0,1,11533338.0
Ahmedabad,1005.1703562443656,3,3,22.271285384212078,1,Semi Furnished,Top,4,1,0,0,1,1,0,8043582.0
Hyderabad,1041.6806533182264,3,1,31.463010091595493,2,Fully Furnished,Ground,2,0,0,2,0,1,1,7885794.0
Hyderabad,1444.3227988072445,4,3,31.30855047900853,0,Fully Furnished,Mid,4,1,0,2,1,1,1,13628601.0
Ahmedabad,1394.9221979045626,4,2,6.898301219116807,1,Fully Furnished,Mid,2,1,0,2,1,0,1,14526502.0
Mumbai,1024.9122689651026,3,2,54.39771062519303,0,Unfurnished,Ground,2,0,0,0,1,0,1,9723447.0
Delhi,1634.801847031622,3,1,18.523296837180464,1,Fully Furnished,Top,4,0,0,1,0,0,0,22668553.0
Jaipur,2631.284404167659,4,2,6.935519247090543,2,Fully Furnished,Ground,3,1,0,0,0,0,0,20413917.0
Ahmedabad,1247.6422690824243,3,4,8.752275917634332,0,Semi Furnished,Ground,3,0,0,1,0,1,1,9872973.0
Pune,1283.2440893982332,4,2,17.429563390236893,1,Semi Furnished,Mid,4,1,1,0,1,1,1,14513221.0
Pune,1779.8307851621844,4,3,6.720084371193198,1,Fully Furnished,Top,3,0,0,0,1,1,0,22709121.0
Kolkata,1220.5918541316025,3,2,26.278655535770323,1,Semi Furnished,Top,3,0,0,0,0,0,1,8254055.0
Delhi,1834.4822408590912,3,2,2.4036514155137905,0,Unfurnished,Ground,3,0,0,0,1,1,0,20700978.0
Hyderabad,1140.72864661048,3,2,35.72349899963545,1,Fully Furnished,Ground,5,0,0,0,0,0,1,7601385.0
Lucknow,2416.0598037886507,2,2,5.37580710158279,1,Semi Furnished,Mid,4,0,0,0,0,1,0,14975926.0
Bangalore,1672.3874862961472,3,2,2.4857331810466516,0,Semi Furnished,Mid,1,0,0,0,1,0,0,20150986.0
Chennai,1189.9885254616443,2,2,29.281488481516973,1,Fully Furnished,Ground,4,1,0,1,1,0,0,10393564.0
Lucknow,1205.6541502653631,3,3,4.105962456465466,2,Semi Furnished,Ground,3,0,1,2,0,1,1,9598711.0
Delhi,1243.1001236459824,4,2,27.81049920413973,0,Semi Furnished,Top,2,1,0,2,0,0,1,13813939.0
Delhi,2186.374833124437,2,2,5.270288496747505,1,Semi Furnished,Ground,4,1,0,1,1,0,0,28613062.0
Ahmedabad,865.6244961993583,1,2,40.74069600712599,0,Fully Furnished,Mid,2,1,0,0,1,0,1,5653903.0
Ahmedabad,1166.0291647702477,3,3,3.7091931726172285,0,Fully Furnished,Ground,2,0,0,1,1,0,0,9457959.0
Lucknow,1219.169721537287,3,3,1.082916149281495,0,Semi Furnished,Top,1,0,0,0,0,1,1,8696099.0
Hyderabad,1492.156016621531,3,2,41.35809382265541,1,Semi Furnished,Top,5,1,0,1,0,0,1,10667111.0
Kolkata,1364.4451536766028,3,2,2.716098404614895,0,Semi Furnished,Top,4,1,0,2,0,0,1,11628029.0
Ahmedabad,754.3860843047686,2,2,43.27159815080462,1,Fully Furnished,Top,2,1,0,0,1,1,1,5691575.0
Chennai,1300.0886582022663,1,3,26.057138995720564,2,Semi Furnished,Top,3,0,1,2,0,1,0,11261642.0
Chennai,1450.2246584075158,4,1,1.2821492526867795,0,Semi Furnished,Mid,2,0,0,0,0,0,1,13535809.0
Kolkata,1185.9510824601084,2,3,8.835461949155983,1,Semi Furnished,Top,1,1,0,0,0,0,1,10863520.0
Mumbai,1843.3877445238325,3,2,1.1434940558126143,0,Unfurnished,Mid,4,1,0,1,1,0,0,25333817.0
Mumbai,1959.7042143768235,5,2,6.0023858556869945,0,Unfurnished,Mid,4,0,0,2,0,1,1,28536770.0
Delhi,1460.8066501353035,4,4,6.496470329170062,0,Semi Furnished,Top,5,0,0,0,1,0,1,21667840.0
Ahmedabad,1615.2707934253647,2,2,13.730617163734271,1,Semi Furnished,Top,2,1,0,0,0,0,0,10450062.0
Pune,419.47200132536454,3,3,55.8803932270431,0,Unfurnished,Mid,3,0,1,1,1,0,1,3184857.0
Lucknow,1289.448613919084,3,2,2.790669103216066,1,Semi Furnished,Mid,2,0,0,1,0,1,1,8165310.0
Jaipur,2002.4108458789565,3,2,5.988167280687547,0,Semi Furnished,Top,3,1,0,0,1,0,1,15843514.0
Kolkata,1288.2817084103613,4,3,13.268338302470205,1,Fully Furnished,Mid,4,0,0,0,1,0,0,12483216.0
Delhi,1131.3691618040195,3,3,2.8206437850148105,1,Unfurnished,Ground,1,1,0,0,1,1,1,13872573.0
Pune,2638.8444630154654,2,3,18.60486699463482,0,Unfurnished,Ground,3,1,1,1,0,1,1,24391626.0
Ahmedabad,2409.5385950979025,3,2,7.754157425180239,1,Unfurnished,Mid,3,0,0,1,1,1,0,18342057.0
Pune,1733.7874562410786,3,2,44.80821847730164,0,Fully Furnished,Mid,3,0,1,2,0,0,0,15711761.0
Pune,2069.4553057400235,3,2,14.908553061675693,0,Fully Furnished,Mid,2,1,0,1,1,0,0,20865602.0
Kolkata,400.0,2,2,6.76668504951205,2,Unfurnished,Ground,2,1,0,0,0,0,0,2789563.0
Delhi,1106.2242796856467,2,2,19.066286003152236,1,Fully Furnished,Mid,3,0,0,0,1,0,1,14823310.0
Hyderabad,1265.0210634134241,5,2,27.372415715169502,2,Fully Furnished,Top,3,0,0,1,0,0,0,12119193.0
Chennai,1382.0099505665269,2,3,24.177594215402415,0,Fully Furnished,Ground,4,1,0,0,0,1,1,10825234.0
Lucknow,1255.0279895130188,2,3,4.572716333374551,1,Semi Furnished,Mid,2,0,0,2,0,1,0,8201331.0
Delhi,400.0,4,3,8.093093063228057,0,Unfurnished,Ground,1,0,0,1,0,0,1,4306282.0
Jaipur,1693.01230935428,3,3,9.027063653381116,1,Semi Furnished,Ground,4,1,0,1,1,0,0,11334989.0
Pune,1771.8270641403033,2,2,7.3747447586172905,1,Unfurnished,Ground,2,1,0,1,0,0,1,15569241.0
Hyderabad,2300.949395794991,3,3,5.584740519211903,0,Fully Furnished,Top,3,0,0,1,1,0,1,24767651.0
Kolkata,1105.8453676125182,3,3,20.96019611603554,1,Unfurnished,Top,3,0,0,0,0,0,1,7875748.0
Bangalore,1064.918421110049,3,4,0.1844936104669097,0,Unfurnished,Top,2,0,0,1,0,1,0,14724365.0
Lucknow,400.0,4,2,5.212420223845346,2,Semi Furnished,Ground,3,0,0,1,0,0,1,3096475.0
Lucknow,1353.216581704557,2,2,2.2905778727614607,1,Semi Furnished,Mid,4,0,0,0,0,0,1,8538641.0
Chennai,1950.5558905310859,3,3,2.0677273122464084,1,Fully Furnished,Ground,2,0,0,1,0,0,0,18045999.0
Bangalore,1194.1160689036403,2,3,4.864333343614429,2,Fully Furnished,Mid,3,1,0,1,0,1,0,18763721.0
Ahmedabad,2571.7224092718243,3,3,21.541920783861766,0,Semi Furnished,Mid,2,0,0,0,0,1,0,16259209.0
Bangalore,1371.7025821052382,3,3,52.3120530193811,1,Unfurnished,Top,5,0,0,2,0,0,1,12438001.0
Pune,1573.4961421442779,2,2,10.842300455689964,0,Unfurnished,Mid,2,1,1,0,1,1,1,15113384.0
Pune,818.4484597092031,3,3,6.209382059975542,0,Fully Furnished,Mid,2,1,0,2,1,0,1,10102437.0
Pune,1643.6101725876397,2,3,26.506336480590495,0,Fully Furnished,Top,2,0,0,0,0,0,0,15260759.0
Pune,510.3401025736524,2,3,1.0419140498537558,1,Fully Furnished,Mid,2,0,0,1,0,0,0,5974248.0
Delhi,1846.8489775065725,3,3,1.4669701192647056,1,Unfurnished,Top,3,0,0,1,0,0,0,25990109.0
Lucknow,1862.214088117706,3,1,6.355191884247084,0,Unfurnished,Ground,3,0,1,0,1,0,0,10450124.0
Bangalore,2179.645712168255,2,3,8.924213129107512,0,Fully Furnished,Mid,3,0,0,2,0,0,0,28237536.0
Lucknow,990.0156406161557,4,2,23.98027914291089,0,Unfurnished,Top,4,1,1,0,0,1,1,5949253.0
Jaipur,1580.2810591487096,2,4,38.906888452640175,0,Unfurnished,Ground,2,0,0,1,0,0,1,6899866.0
Bangalore,1781.908279693252,2,2,11.366134669234215,1,Unfurnished,Ground,3,0,0,1,1,1,1,18237740.0
Delhi,1721.1408191651549,2,2,10.26711357943788,1,Unfurnished,Top,2,0,0,2,0,1,1,23151047.0
Jaipur,1067.3503624325745,2,4,3.593115480507399,1,Unfurnished,Mid,3,1,0,1,0,1,1,7869346.0
Lucknow,400.0,2,1,8.999813592774899,1,Unfurnished,Mid,4,1,1,0,0,1,1,2659549.0
Jaipur,1673.4801484422405,4,2,38.58527540759467,1,Fully Furnished,Mid,5,0,0,1,1,0,1,11769133.0
Chennai,1423.7501608450402,3,3,7.4859148951063075,1,Fully Furnished,Mid,3,1,0,2,1,0,1,17884635.0
Jaipur,1216.6647035192798,3,2,3.548799232709809,0,Semi Furnished,Top,4,0,0,1,0,0,1,9949066.0
Bangalore,1881.972681857733,5,2,6.171380686408644,0,Fully Furnished,Ground,3,0,0,0,0,0,0,23184658.0
Pune,1477.5402309227834,3,3,10.841563304042623,1,Semi Furnished,Mid,5,0,0,1,1,1,0,16973377.0
Pune,840.4024736161003,2,2,13.691393255094106,2,Unfurnished,Top,4,0,0,0,0,0,1,7102943.0
Ahmedabad,534.2738554518892,2,1,8.495864657311076,1,Unfurnished,Top,2,0,0,0,0,0,1,2945835.0
Lucknow,935.5183674334173,2,2,21.31553443310249,0,Unfurnished,Mid,3,1,1,2,1,0,1,5281815.0
Chennai,2696.506147383393,3,1,13.172407108267285,0,Fully Furnished,Mid,2,1,0,1,1,0,1,27772807.0
Bangalore,1861.3883869663864,2,2,16.40652661646291,1,Unfurnished,Ground,1,1,0,0,0,1,0,16757089.0
Bangalore,1594.306170987506,3,2,29.807741055516654,1,Fully Furnished,Top,3,0,0,0,1,0,1,17116429.0
Kolkata,1409.1695364070977,3,3,30.11391109705784,0,Fully Furnished,Top,2,0,0,1,0,0,0,10328252.0
Mumbai,1376.303530026282,4,2,3.4130787858264986,1,Fully Furnished,Ground,1,0,0,2,1,1,1,24569096.0
Lucknow,2083.5979916795472,3,1,14.646374286280176,1,Unfurnished,Mid,3,0,0,0,0,0,0,9902199.0
Bangalore,1254.7021290482842,2,2,18.915602154552023,1,Fully Furnished,Mid,2,0,0,0,1,1,0,15099196.0
Hyderabad,1788.4602053421463,2,2,2.364778712079456,1,Semi Furnished,Mid,4,1,0,0,1,1,1,18162572.0
Bangalore,1325.7860248542029,3,2,27.750668117660783,1,Semi Furnished,Mid,4,0,0,1,1,1,0,12812480.0
Kolkata,2470.078315917531,2,2,2.985361581079881,0,Unfurnished,Ground,5,0,0,1,0,0,0,15757168.0
Jaipur,1871.144253789152,2,3,24.087622554692977,1,Semi Furnished,Top,4,1,0,0,1,0,0,11639018.0
Delhi,2122.778407341813,3,2,2.641497895526581,2,Fully Furnished,Mid,3,0,0,1,0,0,0,31655517.125
Delhi,1207.7951126558805,3,2,20.309065167124206,2,Semi Furnished,Ground,3,0,0,0,0,0,0,12297537.0
Hyderabad,2029.068056283711,4,3,2.4051367706540225,0,Unfurnished,Ground,1,0,0,0,0,0,0,16355841.0
Hyderabad,1343.7112873026547,3,2,7.142240596119452,1,Semi Furnished,Top,2,1,0,0,0,1,0,13486706.0
Ahmedabad,1555.0174119664246,5,1,2.323796968602589,2,Semi Furnished,Ground,3,1,0,0,1,1,0,14198772.0
Delhi,2317.5238353097293,4,2,4.735362134321387,1,Semi Furnished,Top,3,0,1,0,0,1,1,31655517.125
Jaipur,978.6124716217904,2,3,62.518036311819394,0,Fully Furnished,Mid,2,0,0,1,1,0,1,5348416.0
Delhi,1601.6238656527003,3,3,1.7088839733267738,2,Fully Furnished,Top,2,0,0,0,1,1,0,30015834.0
Mumbai,1719.0026292593634,3,2,7.824882030265635,0,Semi Furnished,Mid,1,0,0,1,0,0,0,23247163.0
Lucknow,1760.002190400405,3,2,16.947799024699698,0,Fully Furnished,Mid,2,0,0,1,1,1,1,11316100.0
Delhi,1274.6077534532674,3,1,1.4906529751186035,1,Semi Furnished,Mid,4,0,1,1,0,1,1,18871193.0
Pune,2543.1320504040405,3,3,1.7317181267135813,0,Semi Furnished,Ground,3,0,0,0,1,1,0,27566403.0
Ahmedabad,852.5340573298698,3,2,2.319362147567909,0,Semi Furnished,Ground,2,1,1,2,0,1,1,7527845.0
Kolkata,2229.442694316235,2,1,15.533986777574023,1,Unfurnished,Ground,1,1,0,2,0,0,0,13713695.0
Hyderabad,2107.5328027958194,4,3,36.009075580068064,1,Unfurnished,Mid,2,0,0,1,0,0,1,13814662.0
Mumbai,2450.4443948018425,3,2,26.229590583430742,2,Fully Furnished,Ground,3,1,1,1,0,1,1,31655517.125
Hyderabad,705.8864506460899,2,1,61.16694899363492,1,Unfurnished,Mid,2,1,0,0,1,0,0,4170239.0
Ahmedabad,1065.5842560551448,2,3,12.94615138641561,2,Fully Furnished,Ground,4,1,0,1,1,1,1,10090108.0
Bangalore,2245.9715295808205,4,3,48.84761581399352,1,Semi Furnished,Mid,4,0,0,1,1,1,1,22666459.0
Mumbai,561.4804226848455,3,3,5.456230673923444,1,Unfurnished,Mid,2,0,0,0,0,0,1,7659159.0
Chennai,696.7705494797931,4,3,8.20987010011733,1,Semi Furnished,Top,3,1,0,0,1,0,1,7543365.0
Mumbai,1255.8461066442542,4,2,7.563743601045275,1,Fully Furnished,Mid,3,1,0,2,0,0,1,22522523.0
Ahmedabad,1595.9968943111337,4,1,0.7277333425576444,1,Semi Furnished,Top,5,0,1,0,0,1,1,15100068.0
Kolkata,2296.1125368243875,3,1,26.553369429190614,0,Unfurnished,Top,4,0,0,1,1,1,1,13468451.0
Mumbai,1407.367042534821,2,2,0.37543218763363545,1,Fully Furnished,Mid,3,1,1,2,1,0,1,31218337.0
Ahmedabad,1195.8804259677304,2,1,19.633126435046837,1,Unfurnished,Ground,3,1,0,0,0,1,1,6814083.0
Jaipur,1655.6949688482136,3,2,7.840051973648111,0,Unfurnished,Ground,2,0,0,0,0,0,1,9522687.0
Lucknow,1734.7982416472005,3,1,0.09400972093274085,2,Unfurnished,Top,4,1,0,1,0,0,1,11621447.0
Delhi,1720.6199110851355,3,2,5.136232905640947,1,Unfurnished,Mid,3,0,0,0,0,1,0,19065282.0
Jaipur,1411.0068960243275,3,2,6.372648004319041,1,Semi Furnished,Mid,3,0,0,2,0,0,1,9907539.0
Ahmedabad,522.4569430409251,3,2,50.15913478789908,0,Fully Furnished,Mid,3,0,0,1,0,0,0,3164381.0
Pune,1041.192005446834,1,3,16.22982787653268,1,Unfurnished,Top,2,0,1,1,0,1,0,10113910.0
Bangalore,2210.1355426337313,1,2,11.764851273050072,2,Unfurnished,Mid,4,0,0,1,0,1,1,23320813.0
Delhi,1593.5344689883,3,2,2.038164673032441,0,Semi Furnished,Ground,4,0,1,1,1,1,1,23761590.0
Pune,1338.7389404464716,2,4,7.441625328000919,1,Unfurnished,Top,2,1,0,0,0,1,1,13500875.0
Kolkata,2059.0842741869874,3,3,0.5462935165667271,1,Fully Furnished,Top,3,0,0,0,0,0,0,23347807.0
Hyderabad,934.9416838155258,3,2,21.51245560434938,1,Unfurnished,Top,2,0,0,0,1,1,0,6628553.0
Chennai,1387.325933143496,5,2,2.6649669082956366,1,Unfurnished,Ground,2,0,0,0,1,1,0,12574564.0
Delhi,1568.8792025870187,4,2,13.53713775995961,1,Unfurnished,Ground,2,1,1,2,0,1,0,20010613.0
Jaipur,1279.3112483526854,3,1,18.02919978819312,1,Fully Furnished,Top,4,0,0,2,1,0,0,10205677.0
Bangalore,1550.3814114507993,3,1,6.847645315529871,1,Unfurnished,Ground,3,0,0,0,1,0,0,15137619.0
Pune,1406.1530342891174,2,2,15.019282013400158,0,Fully Furnished,Ground,3,0,0,2,0,0,0,13182606.0
Ahmedabad,800.3284761070624,3,2,21.67365994440016,2,Fully Furnished,Ground,4,1,0,1,1,0,1,5480537.0
Delhi,1590.738940939528,3,1,3.052389678237299,0,Unfurnished,Mid,4,1,0,0,0,0,1,18281486.0
Hyderabad,835.8241042435662,3,2,13.776658054614883,1,Semi Furnished,Mid,1,0,0,1,0,1,1,6787310.0
Ahmedabad,1582.8075625483611,3,1,19.857295893515,0,Unfurnished,Top,2,0,1,0,1,1,1,11370099.0
Pune,2187.0679120750547,2,3,6.625280200211279,2,Semi Furnished,Top,2,0,0,0,0,1,1,25776612.0
Bangalore,1359.4884013619728,4,2,2.6598518679879524,2,Unfurnished,Mid,2,1,0,0,1,1,0,18647244.0
Mumbai,914.2584350145069,2,1,5.055522366273715,1,Semi Furnished,Top,4,0,0,2,0,1,1,14780245.0
Hyderabad,1436.5060933975099,4,2,40.56266567213598,0,Fully Furnished,Mid,4,0,0,2,1,0,1,10621941.0
Ahmedabad,1084.0144459607343,3,2,6.634611918571182,1,Fully Furnished,Mid,2,0,0,1,1,0,0,10074706.0
Hyderabad,1797.2545013157348,3,2,1.709303081658383,0,Unfurnished,Top,3,1,0,0,0,0,0,16875824.0
Kolkata,1426.0056262385733,1,2,1.295244065312607,1,Unfurnished,Mid,2,0,0,0,0,0,1,9333279.0
Ahmedabad,2354.8816258322868,2,2,2.9858228963916993,2,Semi Furnished,Top,2,1,0,0,0,1,1,20063641.0
Delhi,2081.494797838669,4,3,2.0461014499779737,1,Semi Furnished,Ground,2,1,0,1,1,0,1,31489233.0
Mumbai,1423.4597477592986,4,2,10.249249632073848,2,Fully Furnished,Ground,4,0,0,0,0,0,0,22377277.0
Mumbai,1857.8045339865453,3,2,6.405344768128462,0,Semi Furnished,Mid,2,1,0,1,0,1,1,30468679.0
Chennai,1303.3817954185772,3,4,27.621084362364456,2,Fully Furnished,Mid,4,1,0,0,1,0,0,13154402.0
Hyderabad,1516.9784425825842,3,2,31.939379101819064,0,Fully Furnished,Ground,4,0,0,1,0,0,1,10792471.0
Jaipur,1319.282901824844,3,2,9.616275282201785,0,Semi Furnished,Ground,3,1,0,1,0,1,0,9152875.0
Mumbai,1883.2279799248545,3,2,32.90960711847919,2,Unfurnished,Mid,4,0,1,1,0,0,0,21005168.0
Mumbai,2216.494138354789,3,1,8.980150445228995,1,Semi Furnished,Ground,1,1,0,0,0,0,1,26823501.0
Kolkata,1899.3241035955716,4,2,15.40674748713673,1,Unfurnished,Mid,4,1,0,0,0,0,1,14363778.0
Lucknow,1960.9683006426778,3,1,2.6606341105357405,2,Fully Furnished,Ground,2,0,0,0,0,0,1,14058129.0
Kolkata,1961.5167186178646,3,2,0.8102322346444116,1,Fully Furnished,Ground,5,1,0,1,1,0,1,21164716.0
Kolkata,1775.627961167355,4,2,2.6168218915208366,0,Unfurnished,Mid,4,1,0,0,0,0,1,15202916.0
Lucknow,930.356920394866,3,1,4.352181276890079,1,Fully Furnished,Mid,5,0,0,0,1,0,0,6022559.0
Hyderabad,2350.48575970825,2,3,20.853444996717517,0,Fully Furnished,Mid,4,0,1,1,1,1,0,22487467.0
Ahmedabad,2402.2054133492124,2,3,2.8584255706089223,0,Semi Furnished,Mid,2,0,0,2,0,0,1,18393113.0
Bangalore,1383.0601983433157,3,2,2.100223113392392,1,Semi Furnished,Top,4,0,0,1,0,0,1,20086410.0
Jaipur,1314.651042391909,4,4,39.385178009536986,2,Fully Furnished,Top,2,1,0,1,0,1,1,10888693.0
Mumbai,1806.2058264576876,4,3,17.50990905884635,1,Semi Furnished,Mid,3,0,0,0,0,0,1,24796826.0
Chennai,1775.4064175917524,3,3,9.617021365365115,1,Fully Furnished,Top,4,1,0,2,0,1,1,22932624.0
Jaipur,1399.0269656234907,2,2,1.496781169028853,2,Fully Furnished,Ground,2,0,0,0,1,0,1,12401949.0
Ahmedabad,874.9871722061979,2,3,28.63696863856549,2,Unfurnished,Mid,2,0,0,1,0,1,1,5017123.0
Lucknow,1652.8505953748886,3,3,1.7186836349185797,1,Semi Furnished,Top,4,1,0,1,0,0,1,13682263.0
Jaipur,1775.7182690877726,4,2,14.164433420922524,0,Semi Furnished,Mid,2,1,0,1,0,1,0,13228344.0
Mumbai,1862.9105740193986,5,3,16.524695470344916,0,Fully Furnished,Ground,2,0,0,0,1,1,1,30883648.0
Jaipur,1674.6463861771038,2,3,7.665854886694577,1,Unfurnished,Ground,3,1,0,2,1,0,0,11177348.0
Bangalore,1364.4424258190454,4,2,36.32335487053815,0,Semi Furnished,Mid,4,1,0,2,0,0,1,13806022.0
Lucknow,1997.0010197531392,3,2,0.7804657871044263,1,Semi Furnished,Top,4,0,0,0,0,1,0,14824654.0
Jaipur,1532.9242487829592,1,1,25.565867067705238,1,Fully Furnished,Mid,3,0,0,2,0,0,1,9125226.0
Mumbai,1267.5384928176397,3,2,12.10463164099591,1,Semi Furnished,Mid,3,1,0,0,0,0,1,16400300.0
Mumbai,1409.6733089771394,4,1,14.170496785191439,2,Semi Furnished,Ground,4,1,0,0,0,0,0,20900355.0
Jaipur,627.015483762509,2,2,64.94215317935414,1,Fully Furnished,Mid,3,1,0,1,1,0,0,3729011.0
Hyderabad,1408.8790879107305,4,2,13.107372252221854,0,Unfurnished,Top,3,1,0,2,0,1,0,12143285.0
Chennai,1844.2182599373343,2,3,23.92030754035751,1,Semi Furnished,Mid,1,0,0,1,0,0,1,13575289.0
Pune,1669.891511069615,2,2,2.5002213403226605,2,Fully Furnished,Mid,5,0,0,0,0,1,1,18434505.0
Kolkata,2260.332086490593,2,2,24.854987858548725,0,Fully Furnished,Ground,3,0,0,1,1,0,0,16080041.0
Lucknow,1368.512542992148,4,1,21.473952371029977,0,Unfurnished,Ground,3,0,1,0,1,0,1,6868849.0
Pune,1743.656581526658,3,3,51.68197647917172,1,Unfurnished,Ground,2,1,0,2,1,0,1,12358156.0
Ahmedabad,1896.370088152886,4,2,41.165415862791214,0,Fully Furnished,Ground,3,0,0,2,0,0,0,11568279.0
Ahmedabad,2671.4285041437042,3,3,3.611720535442029,1,Fully Furnished,Top,3,0,0,1,0,0,0,25563361.0
Mumbai,1572.3827455588203,3,1,9.380453218015353,1,Fully Furnished,Ground,2,0,0,0,1,1,1,25795285.0
Ahmedabad,977.9064105679884,4,2,36.36844001831587,1,Semi Furnished,Mid,4,1,0,1,1,1,0,6091494.0
Hyderabad,1923.964376677641,3,2,15.356680538892979,1,Semi Furnished,Ground,4,0,0,0,1,1,1,14951702.0
Chennai,2432.863677984228,4,1,9.345934622486455,0,Semi Furnished,Top,1,0,1,2,1,1,1,29417532.0
Ahmedabad,1338.7256448866892,2,3,1.7301318586158896,1,Semi Furnished,Top,2,0,0,0,0,0,1,10551097.0
Bangalore,1920.540769303208,3,2,6.502357919423776,1,Unfurnished,Ground,2,0,0,0,1,1,1,19241144.0
Chennai,2114.36402761446,3,2,16.415119048924474,2,Semi Furnished,Ground,3,1,0,1,0,0,1,20649664.0
Hyderabad,2008.5327719850768,4,3,22.503001380358675,1,Fully Furnished,Ground,3,1,0,2,0,1,1,18978298.0
Pune,1562.779261236789,2,2,8.890487350082973,1,Semi Furnished,Ground,3,0,0,1,1,0,1,16067414.0
Chennai,1150.763120893427,3,1,0.8619659163551107,1,Unfurnished,Mid,2,0,0,2,1,1,1,10876806.0
Chennai,1459.3602259932072,3,3,15.042940537734227,1,Fully Furnished,Mid,2,0,1,0,1,0,1,16627774.0
Pune,1729.3002269388153,3,2,38.18636697190338,0,Semi Furnished,Top,3,0,1,0,1,0,1,16737348.0
Hyderabad,1954.1112620458646,2,3,10.289914817594125,0,Semi Furnished,Ground,5,0,0,1,0,0,0,14307272.0
Ahmedabad,1666.9725239995196,2,3,39.555078819183386,0,Fully Furnished,Ground,4,0,0,1,1,0,0,9534825.0
Mumbai,1310.0460167297115,4,2,6.556675595076397,1,Fully Furnished,Mid,4,0,0,0,0,0,1,22065163.0
Lucknow,1777.6898280748844,3,2,32.62155745651366,1,Fully Furnished,Ground,1,0,0,1,1,1,1,10352172.0
Pune,1930.0425338714101,3,1,23.150522320518803,1,Unfurnished,Mid,2,0,0,1,0,1,1,14645826.0
Pune,1689.8050282072402,4,2,48.95086239760253,2,Unfurnished,Top,3,0,0,0,0,1,1,13840657.0
Pune,1081.9064427308376,2,3,23.482839540854933,1,Unfurnished,Top,2,0,0,1,1,1,1,9223398.0
Pune,1409.296982641405,3,2,5.817614315416381,1,Fully Furnished,Ground,2,1,1,2,1,0,1,21799259.0
Lucknow,1973.9103882062334,4,1,34.624147973109416,2,Semi Furnished,Ground,5,0,0,0,1,1,1,10682796.0
Lucknow,808.4910956277631,4,2,16.617720548606233,1,Fully Furnished,Ground,1,0,0,1,1,1,1,5503644.0
Ahmedabad,453.4109888044204,3,2,2.6522986430552016,1,Semi Furnished,Mid,4,0,0,0,0,1,1,3711286.0
Jaipur,2254.0414250720105,3,3,0.7058250623545501,1,Semi Furnished,Mid,1,1,0,1,1,0,0,19324714.0
Jaipur,1755.7076275109398,3,3,6.831942414190556,0,Fully Furnished,Top,2,1,0,2,1,1,0,16862273.0
Delhi,1803.3650012600533,4,3,23.187382828355144,2,Unfurnished,Mid,3,0,0,1,1,1,0,22497943.0
Pune,961.591513186472,3,3,14.44344894618122,2,Fully Furnished,Ground,2,0,0,0,1,1,0,11197730.0
Pune,1868.764031733269,4,2,11.23393144905506,1,Semi Furnished,Top,5,1,0,0,0,1,0,21336907.0
Chennai,1637.6243437841822,2,2,0.05601899300962265,1,Fully Furnished,Ground,3,0,0,0,1,0,1,17345364.0
Jaipur,707.8362110758014,3,2,8.577242087197526,1,Fully Furnished,Mid,3,1,0,2,1,0,1,6168318.0
Ahmedabad,2212.1417071369287,3,4,2.5747020260445472,2,Semi Furnished,Mid,3,0,1,1,1,1,1,22206791.0
Mumbai,1579.3416618093645,3,2,9.092640486304939,2,Fully Furnished,Ground,4,0,0,1,1,1,1,28032504.0
Delhi,1301.9580169603655,3,4,72.00012583098678,0,Unfurnished,Ground,4,1,1,0,0,0,1,12378858.0
Delhi,1311.0051270073911,4,3,31.746416422973677,1,Unfurnished,Top,3,1,0,1,1,0,1,15352685.0
Ahmedabad,492.3890472838117,4,3,5.579670273966989,1,Unfurnished,Mid,4,0,0,0,0,1,1,3593892.0
Mumbai,1796.6682998156816,2,2,13.502843055455036,0,Semi Furnished,Mid,3,1,0,1,0,1,1,21292860.0
Chennai,1630.9286036228627,4,2,10.460196779991936,1,Fully Furnished,Top,3,0,1,1,0,0,1,19853494.0
Lucknow,1402.9599338334526,2,2,2.089741466632796,0,Fully Furnished,Top,2,0,0,1,1,0,1,9935466.0
Kolkata,2139.242603725836,3,2,68.79009852337889,2,Unfurnished,Mid,2,1,0,1,1,1,1,15312236.0
Jaipur,808.0704905020772,4,3,8.305348571819563,0,Semi Furnished,Top,3,0,0,1,1,1,1,7652578.0
Pune,1201.6137618161924,2,3,10.567946872827541,2,Unfurnished,Mid,2,1,0,1,0,0,0,10541455.0
Ahmedabad,1074.995872619807,4,3,15.644796502161972,2,Unfurnished,Mid,3,1,0,1,1,1,1,7957859.0
Jaipur,1360.6025101142236,4,2,3.189445239866684,0,Unfurnished,Top,3,0,0,0,1,1,1,9656002.0
Pune,1533.7350126286115,3,1,3.769800898529512,1,Unfurnished,Top,2,1,0,2,1,0,0,16256999.0
Kolkata,1715.0067619056774,3,3,3.2082686953107893,1,Semi Furnished,Top,3,0,0,0,1,0,0,17279515.0
Kolkata,1326.5132734474414,3,2,7.278965303312143,2,Semi Furnished,Mid,3,1,0,0,0,0,0,10663075.0
Lucknow,1061.322132422553,5,3,3.341097425901404,1,Unfurnished,Top,2,0,0,0,1,1,0,8314110.0
Hyderabad,2343.003474885222,2,3,39.13583207034616,1,Semi Furnished,Mid,2,0,0,2,0,1,1,16246474.0
Kolkata,2705.8200958942843,3,1,18.792932034571642,2,Unfurnished,Ground,2,1,0,2,1,1,1,20732465.0
Jaipur,1571.6433359410128,2,2,34.217575458611826,0,Unfurnished,Top,3,0,0,0,1,0,0,7730849.0
Bangalore,1121.6098164895664,2,3,28.305973636363824,1,Unfurnished,Mid,3,0,0,1,0,1,0,9583818.0
Bangalore,2237.727065521147,4,2,18.218023387920475,2,Unfurnished,Mid,1,0,1,0,0,0,0,23471137.0
Pune,776.6214468357674,3,2,4.17085194753979,0,Fully Furnished,Mid,2,1,0,0,0,0,1,8883012.0
Pune,1332.6133376475861,5,2,14.330107601745171,2,Fully Furnished,Top,2,0,1,1,0,0,0,18730814.0
Hyderabad,1151.9414743268492,3,2,3.0924319658021675,1,Unfurnished,Top,4,0,0,0,1,1,1,11272052.0
Bangalore,920.2322247747557,3,3,2.1316823663376363,1,Unfurnished,Ground,3,1,1,1,0,1,1,12006153.0
Pune,1359.9878835391153,1,1,15.018550819476511,1,Unfurnished,Top,3,0,0,2,1,1,1,11836566.0
Kolkata,1067.9139604130175,5,3,14.697470008012974,0,Fully Furnished,Ground,3,0,0,0,0,1,1,9653189.0
Pune,1506.3272320743272,2,2,2.555102869470296,0,Fully Furnished,Ground,3,1,0,1,1,1,1,17619137.0
Delhi,1513.588583836232,3,3,6.517872412040177,1,Unfurnished,Ground,5,1,0,1,1,0,1,18308397.0
Hyderabad,1189.3341382390104,3,4,1.0286989312350112,2,Fully Furnished,Ground,4,0,1,0,0,0,1,15676942.0
Ahmedabad,1314.7433217030652,3,3,18.867626123378518,1,Fully Furnished,Top,3,1,0,2,1,1,1,12868531.0
Mumbai,1384.5755160481447,3,2,65.7251821046468,1,Fully Furnished,Ground,2,0,0,2,0,1,1,17773234.0
Chennai,1904.9230305597134,3,2,20.200691586256184,1,Semi Furnished,Top,3,1,0,1,1,0,1,16870469.0
Mumbai,1425.7852994679072,2,2,27.88312790679102,0,Unfurnished,Top,3,0,0,1,0,1,0,13967721.0
Mumbai,1912.3508703930488,3,1,9.703782777349153,2,Fully Furnished,Top,2,0,0,0,0,1,1,31655517.125
Lucknow,1792.9064917773278,4,2,1.5069890578905571,0,Fully Furnished,Top,3,1,0,1,0,0,0,15541410.0
Ahmedabad,1785.765348450371,3,3,19.45264817973552,1,Semi Furnished,Top,2,1,0,1,1,1,0,13543322.0
Pune,2193.922985172987,2,2,4.446205236347834,1,Semi Furnished,Mid,1,0,0,0,0,1,1,20483872.0
Lucknow,940.3045601270451,3,2,7.372551414579938,1,Semi Furnished,Top,2,0,0,1,0,0,0,6658612.0
Mumbai,1263.4084468464432,2,2,18.21536056476048,1,Semi Furnished,Top,4,0,0,1,0,0,0,16380575.0
Delhi,2381.649400149785,2,3,35.274192156459534,2,Semi Furnished,Ground,2,1,0,0,1,1,0,25403976.0
Chennai,1371.3417497053663,3,1,9.990249931155825,1,Semi Furnished,Ground,4,0,0,2,0,1,1,11613573.0
Mumbai,400.0,3,2,48.89764443931121,0,Semi Furnished,Ground,2,0,0,1,0,1,1,3926425.0
Bangalore,1398.5158284260574,2,3,11.006523188305454,2,Unfurnished,Ground,2,0,0,0,1,1,0,13261751.0
Ahmedabad,1567.469765081625,3,1,1.9603534619026224,0,Semi Furnished,Ground,4,0,0,0,1,1,1,10508923.0
Ahmedabad,400.0,5,3,10.960671865170285,1,Fully Furnished,Ground,3,0,0,0,1,1,1,3656497.0
Ahmedabad,2166.967819943974,5,2,29.559098276366733,2,Fully Furnished,Top,2,1,0,2,1,0,1,19470284.0
Hyderabad,1143.1437680671988,4,2,11.584321251265965,2,Fully Furnished,Top,2,1,0,2,1,0,0,13605528.0
Hyderabad,1664.2815575937577,2,2,20.66033730925544,1,Fully Furnished,Ground,2,0,0,1,1,1,0,13833429.0
Kolkata,1387.0092273279688,1,3,11.909689867070872,0,Semi Furnished,Mid,3,1,0,1,1,1,0,10409643.0
Jaipur,855.8242903979792,4,2,11.846673977931712,1,Unfurnished,Mid,3,0,1,2,1,1,0,6215946.0
Chennai,964.74593268229,2,2,5.027075826128446,2,Unfurnished,Top,3,1,0,1,1,1,0,9430993.0
Lucknow,1032.4585817862264,2,2,3.3708059937137924,1,Semi Furnished,Top,3,0,0,1,0,0,1,7281578.0
Pune,2042.835954591819,3,2,4.9050528137492,1,Unfurnished,Mid,2,1,0,1,0,1,0,19814169.0
Mumbai,1426.2309059499241,2,2,8.719737742815726,1,Semi Furnished,Mid,4,1,0,0,1,0,1,20901179.0
Jaipur,1239.0672417241267,4,3,24.878643276120375,1,Fully Furnished,Ground,4,0,0,2,1,0,1,9449334.0
Pune,1032.6955437048844,4,3,26.490595796409753,2,Semi Furnished,Mid,4,0,0,0,1,0,0,10140535.0
Lucknow,2098.075110763063,4,2,2.6757405533788594,1,Unfurnished,Ground,3,0,0,2,1,0,0,11789321.0
Jaipur,2232.1006362617936,4,2,12.073082402943527,0,Unfurnished,Top,5,0,0,0,1,0,1,15356722.0
Pune,2092.3719493533404,2,2,8.068526521627096,1,Unfurnished,Top,3,0,0,0,0,1,0,17665480.0
Delhi,1746.2186695770833,3,3,12.692228213839542,1,Semi Furnished,Ground,4,0,0,1,1,1,0,21835061.0
Hyderabad,1644.9150209353559,3,2,15.64582128145352,1,Semi Furnished,Top,3,1,0,0,1,0,0,13726720.0
Lucknow,892.0310910120493,3,2,4.919479696865514,0,Semi Furnished,Top,3,0,0,2,0,0,0,5687442.0
Chennai,1377.0904366444713,2,3,37.744544700729435,1,Unfurnished,Ground,3,0,0,1,0,1,1,8053562.0
Bangalore,1158.0698983267816,3,2,41.10429869452531,2,Unfurnished,Mid,2,0,0,0,1,1,0,9401789.0
Delhi,587.2439455076451,5,1,1.6699702943867716,1,Unfurnished,Top,2,0,0,2,1,1,0,8003696.0
Hyderabad,2028.521709582683,1,2,18.211280521441342,2,Fully Furnished,Mid,4,0,0,0,1,1,0,16399958.0
Ahmedabad,1152.0850268038623,2,2,0.5069519009876211,1,Semi Furnished,Mid,2,0,0,0,1,0,1,8671136.0
Hyderabad,2097.9709537176536,2,3,0.715241480468094,1,Semi Furnished,Top,2,1,0,0,0,1,0,22376323.0
Jaipur,1940.873200380006,3,2,47.479995329923426,0,Unfurnished,Mid,2,0,1,0,1,1,1,9725124.0
Kolkata,1778.3589883167094,2,1,17.804431398830005,1,Unfurnished,Top,2,1,0,2,1,1,1,13260232.0
Delhi,1806.442035881592,4,2,5.885456275191366,1,Unfurnished,Top,3,0,1,0,0,1,1,22886963.0
Ahmedabad,1192.3430589631462,3,3,16.62437984122436,2,Unfurnished,Ground,3,1,1,1,0,1,0,8925692.0
Jaipur,2428.9250756453325,3,3,28.04598225202562,0,Fully Furnished,Top,4,0,0,2,0,0,1,17072632.0
Lucknow,1521.5627154765245,3,1,30.707923643137278,0,Unfurnished,Ground,1,1,0,0,1,0,1,6210921.0
Chennai,1650.965842559352,3,1,0.31099852172524917,0,Unfurnished,Ground,2,1,0,2,1,1,1,14603408.0
Hyderabad,1175.4618332166806,3,2,25.575032479030472,1,Unfurnished,Ground,3,0,0,1,0,1,1,7624370.0
Lucknow,1034.41736961152,4,2,28.78053986897137,2,Semi Furnished,Ground,2,1,0,0,1,0,1,5752448.0
Ahmedabad,1738.6480044047116,4,2,13.579156758697682,0,Semi Furnished,Ground,4,0,0,1,1,1,1,13153209.0
Jaipur,1608.7567479693928,1,2,9.80612352377414,1,Unfurnished,Mid,3,1,1,2,1,1,0,11426304.0
Kolkata,1105.3238170487114,2,4,1.7648523820283124,0,Semi Furnished,Ground,3,0,0,2,0,1,0,8299729.0
Hyderabad,780.786640612298,2,2,4.108933035674018,1,Fully Furnished,Ground,1,0,1,1,0,0,0,8106019.0
Chennai,865.0384563362264,3,2,10.1144433147918,0,Fully Furnished,Mid,4,1,0,2,0,1,0,9065498.0
Kolkata,2098.0668585455533,2,3,30.046066921003828,1,Fully Furnished,Ground,3,0,0,1,0,1,1,14274891.0
Pune,1193.3730926749643,3,2,24.378506956971,1,Fully Furnished,Mid,3,1,1,1,0,0,0,12172008.0
Jaipur,1330.545727162083,4,2,10.275589504071327,0,Semi Furnished,Mid,3,1,0,0,1,0,1,8963858.0
Lucknow,2225.1701293795313,2,2,23.100568455755656,1,Semi Furnished,Ground,4,1,0,1,1,1,1,11500933.0
Hyderabad,938.9247192567926,3,2,21.769430839013044,1,Unfurnished,Top,2,1,0,2,0,1,0,8014494.0
Hyderabad,1136.5025871414716,3,3,12.977383650274268,1,Fully Furnished,Top,1,0,0,0,0,0,1,11117737.0
Ahmedabad,1115.6165857196534,3,2,3.733180415405465,1,Fully Furnished,Ground,2,1,0,0,0,0,0,10380455.0
Chennai,2309.0342405830197,3,1,6.415747460680617,1,Semi Furnished,Top,3,0,0,2,0,0,1,23868391.0
Bangalore,2496.691750291207,4,3,2.6880582304102445,1,Fully Furnished,Ground,2,0,0,1,0,0,1,31655517.125
Pune,1875.7816127010856,2,2,0.10764290728475533,2,Semi Furnished,Ground,3,0,0,0,1,1,0,18360252.0
Kolkata,1891.69236207712,2,2,1.2592933967112871,2,Semi Furnished,Mid,3,0,0,2,1,1,0,17627494.0
Delhi,1209.8224985736344,3,2,21.383365713864627,1,Fully Furnished,Ground,3,0,0,0,1,1,1,15115201.0
Delhi,2473.6642434521414,3,4,0.5108947676041212,2,Unfurnished,Ground,3,0,0,1,1,0,1,30712092.0
Hyderabad,1633.848127179331,2,2,7.658700779171406,2,Semi Furnished,Top,3,0,0,0,1,1,0,14902518.0
Ahmedabad,1926.55513222487,2,2,63.79693768811498,0,Semi Furnished,Mid,5,1,0,1,1,1,0,11943607.0
Mumbai,1447.237530614523,3,2,23.788693460518743,2,Fully Furnished,Mid,1,0,1,1,0,1,1,22517501.0
Hyderabad,1365.9837063361947,3,4,20.831517566990854,0,Semi Furnished,Top,3,1,0,1,0,0,1,12146287.0
Delhi,2331.5211297980586,5,3,4.817730081595062,0,Unfurnished,Ground,3,0,0,2,1,1,1,30671482.0
Delhi,1769.8618398691535,3,2,15.397034830603394,2,Fully Furnished,Mid,2,0,0,1,1,1,0,26579629.0
Pune,2225.687730535191,2,3,10.358612833688058,0,Semi Furnished,Mid,2,0,0,0,1,1,1,21114386.0
Lucknow,1627.6640858725223,3,3,14.665488402611311,1,Fully Furnished,Top,4,1,0,2,1,0,1,13339799.0
Mumbai,1075.8167317884547,2,3,8.585625757004783,2,Unfurnished,Mid,3,1,0,0,1,0,1,15098910.0
Hyderabad,1208.3285335607561,3,3,11.356105624755575,0,Fully Furnished,Ground,1,0,1,1,0,0,1,12621146.0
Pune,1551.4826212323053,3,2,66.84640308892313,0,Unfurnished,Top,5,0,1,1,1,0,0,12812822.0
Ahmedabad,1186.7498919783366,3,2,5.991787539216298,1,Fully Furnished,Ground,3,1,0,1,0,0,0,10326656.0
Pune,946.2692956861547,4,3,3.658859139876309,1,Unfurnished,Mid,3,0,0,1,1,1,1,10464378.0
Hyderabad,2100.7085158935124,2,1,8.926550458147041,2,Fully Furnished,Top,3,0,0,0,1,1,0,23378871.0
Jaipur,1227.564964588244,4,2,11.145164897439802,2,Fully Furnished,Ground,2,1,0,2,1,0,0,11125493.0
Bangalore,1569.0963738956602,4,2,1.3427805404761424,0,Semi Furnished,Mid,2,0,0,0,0,0,0,18514078.0
Hyderabad,1648.0667949428023,3,3,24.596293721137414,1,Fully Furnished,Ground,2,0,0,2,0,1,1,14290725.0
Chennai,1205.9234373397157,2,3,8.224091140084328,1,Semi Furnished,Ground,2,1,1,0,0,1,1,11184617.0
Delhi,2225.3997331543696,2,2,7.995731935963883,1,Unfurnished,Top,4,1,0,1,0,1,1,28079879.0
Mumbai,941.4291193976936,3,3,16.131048724059635,1,Unfurnished,Ground,2,0,1,2,1,0,1,13549004.0
Mumbai,1630.8126317903855,3,3,22.258232993316362,1,Fully Furnished,Mid,2,0,1,1,0,0,0,27287911.0
Lucknow,1623.0588531882918,1,3,63.966608706268566,1,Semi Furnished,Mid,3,1,0,0,0,1,0,7549241.0
Bangalore,1472.8726985679261,4,1,2.858687934527347,2,Semi Furnished,Mid,4,1,0,1,1,1,0,22925923.0
Chennai,851.5436933640087,2,2,6.359531626539834,2,Fully Furnished,Mid,2,1,0,1,1,1,0,8509673.0
Delhi,1935.4087759317322,2,3,2.763481548147316,0,Semi Furnished,Ground,4,1,0,2,1,0,0,22900543.0
Mumbai,1871.7553351672982,2,2,31.91121415716206,1,Fully Furnished,Mid,2,1,1,0,0,0,1,22787414.0
Chennai,1162.2157357043918,2,2,11.927473964395029,1,Fully Furnished,Top,2,1,0,2,1,1,1,14726956.0
Pune,1853.7436036026809,4,2,28.70281582259133,2,Fully Furnished,Ground,3,1,0,1,0,0,1,18978100.0
Lucknow,1687.453843150388,3,3,63.22257621780243,2,Semi Furnished,Top,1,1,0,0,0,0,1,9824693.0
Hyderabad,859.6939273194458,2,2,11.98450638701027,1,Fully Furnished,Mid,4,0,0,1,1,1,0,8139998.0
Hyderabad,1073.0355427143213,4,2,1.8860305258985686,0,Unfurnished,Top,4,0,1,1,0,1,1,12288750.0
Jaipur,2069.1407224447894,4,2,6.724048214037652,0,Fully Furnished,Mid,3,0,0,0,1,0,1,17070116.0
Delhi,1654.7080925710252,4,2,0.5529055517291825,1,Semi Furnished,Ground,2,1,0,0,1,1,1,24309122.0
Chennai,1217.848527094687,4,3,28.38705685431526,2,Fully Furnished,Top,2,0,1,2,0,0,0,13866720.0
Kolkata,1070.762054413679,3,2,0.27073269762254315,0,Fully Furnished,Ground,3,1,0,0,0,1,1,10481709.0
Mumbai,1242.3031009422896,3,2,13.454124218689808,1,Unfurnished,Mid,2,0,0,1,0,1,0,15602545.0
Ahmedabad,1277.7602350611478,3,1,1.6829790645807237,0,Unfurnished,Ground,3,1,0,1,1,0,0,8956230.0
Ahmedabad,1077.0184836853741,2,2,0.11379819902747212,1,Semi Furnished,Top,1,0,0,0,0,1,0,9089432.0
Hyderabad,629.1179438083489,3,3,4.438747079044553,1,Fully Furnished,Top,3,1,0,1,1,1,1,8339935.0
Kolkata,2070.006643200393,4,4,12.039482620881143,1,Fully Furnished,Top,2,0,0,2,0,1,1,24938989.0
Ahmedabad,1985.3168363057216,3,2,1.1708487931119007,1,Unfurnished,Mid,1,1,0,0,1,0,1,16035910.0
Bangalore,863.3722740965702,4,2,14.313311610752763,2,Fully Furnished,Top,3,1,0,0,1,1,0,13387771.0
Bangalore,1568.1556477818337,3,2,16.720769322520784,1,Semi Furnished,Top,3,1,0,2,0,1,0,18315916.0
Delhi,1048.8808986426166,3,2,52.44817298859299,1,Unfurnished,Top,3,0,0,0,1,0,0,9986653.0
Kolkata,1369.2163883867324,3,2,34.46949867976433,2,Unfurnished,Ground,2,1,0,0,0,1,1,8585056.0
Bangalore,1327.6167100631717,3,2,12.548028378542998,0,Semi Furnished,Mid,1,0,0,1,1,0,1,14378576.0
Bangalore,1286.0828921410637,3,3,23.65200602129416,1,Fully Furnished,Mid,2,0,0,2,1,0,1,15245029.0
Hyderabad,2501.473542038143,2,3,6.779888066808642,2,Semi Furnished,Mid,3,1,0,1,1,0,0,26513300.0
Ahmedabad,1279.8371576619047,2,2,13.217916245500605,2,Unfurnished,Mid,1,0,0,1,1,1,1,8942853.0
Delhi,1095.8680874665376,5,3,7.746473866597664,2,Unfurnished,Top,4,0,0,2,0,0,1,15298242.0
Chennai,1118.709285251476,1,3,6.165649196816905,0,Semi Furnished,Mid,4,0,0,1,1,0,1,9154213.0
Pune,2021.8884782008777,3,2,19.50943006052831,2,Unfurnished,Mid,4,1,0,2,1,0,1,16199389.0
Mumbai,673.9488341535325,3,3,5.278947815988547,2,Fully Furnished,Top,4,0,0,1,1,0,0,13288242.0
Mumbai,1118.68854178224,3,3,7.183904339646377,1,Unfurnished,Top,3,0,0,1,0,1,0,15729017.0
Lucknow,2223.411420055767,4,2,6.863339069078153,0,Semi Furnished,Top,4,0,0,0,1,1,0,15387357.0
Pune,1621.9930939988235,3,3,30.649934096277335,1,Semi Furnished,Top,3,0,0,2,0,0,1,15109550.0
Pune,1595.9610025180566,4,2,2.8022551524170107,1,Unfurnished,Ground,2,0,0,2,0,1,1,15312313.0
Mumbai,2566.073230071851,3,2,7.206284220082663,2,Semi Furnished,Mid,4,0,0,2,1,1,1,31655517.125
Mumbai,1623.1739764742495,3,2,32.82141763654358,1,Semi Furnished,Top,3,0,1,0,0,1,1,21417127.0
Chennai,1145.9069193202088,4,3,0.23134121077738753,1,Fully Furnished,Mid,1,0,0,1,0,1,0,14914371.0
Kolkata,1358.9614715618256,5,1,44.30935565709913,1,Unfurnished,Ground,4,0,0,0,1,0,1,7930653.0
Kolkata,932.2838454847157,5,2,34.37473957866135,1,Fully Furnished,Top,4,0,0,1,1,0,1,7552690.0
Chennai,2127.9685200078484,3,2,8.115359226911213,1,Semi Furnished,Ground,3,0,1,0,0,0,1,21058238.0
Ahmedabad,1787.2808587683576,2,2,15.877550340878036,1,Semi Furnished,Mid,3,1,1,0,1,1,1,14291427.0
Pune,2062.2070749854447,1,3,70.76947505238556,1,Fully Furnished,Ground,3,1,0,0,0,1,0,15121221.0
Jaipur,2106.4919642746854,4,2,12.143474954120906,0,Unfurnished,Mid,3,0,0,2,1,0,1,13601650.0
Pune,1292.8946095362337,4,2,1.5288081115194991,0,Semi Furnished,Mid,2,0,1,0,1,0,0,13764387.0
Lucknow,1027.623573995555,3,3,28.825392956536472,1,Semi Furnished,Mid,4,0,0,2,1,1,1,5540818.0
Mumbai,1474.143444345977,2,3,2.1606819044020353,0,Semi Furnished,Mid,2,0,0,1,0,0,0,20368642.0
Pune,1063.6194646057309,3,3,4.4613738157036735,1,Unfurnished,Mid,2,1,1,0,1,1,1,11532268.0
Mumbai,1582.4784377045123,3,2,31.014515193562,1,Fully Furnished,Top,4,0,0,2,1,0,1,22734355.0
Pune,2066.048440417345,3,2,4.436302622133395,1,Fully Furnished,Top,2,0,0,0,1,0,0,26242643.0
Lucknow,1415.9301769754163,3,3,20.502431603507723,2,Unfurnished,Ground,4,1,0,0,0,0,0,7520635.0
Ahmedabad,1574.9975449538695,4,2,8.9042436855531,0,Semi Furnished,Ground,5,1,0,0,1,0,1,12429780.0
Jaipur,1453.0771918883167,2,3,21.391062637712647,0,Semi Furnished,Top,2,1,0,2,0,0,1,10236410.0
Bangalore,1901.3637862188489,3,1,3.9663645516363317,0,Unfurnished,Mid,4,0,1,0,1,1,0,18939458.0
Chennai,1166.108802855855,3,2,8.159675414621585,1,Semi Furnished,Mid,3,1,0,2,0,0,0,12959069.0
Chennai,401.7768691784504,3,2,5.7444332396225315,1,Fully Furnished,Top,2,1,0,0,0,1,0,4478164.0
Jaipur,1735.4344296876905,3,2,4.296124100816523,0,Fully Furnished,Mid,3,0,0,2,0,1,0,12128867.0
Pune,1993.9172106539968,4,2,5.66256711167,0,Semi Furnished,Ground,4,0,0,2,1,0,0,20737087.0
Bangalore,1723.1871223792677,2,2,5.851087246367379,2,Unfurnished,Mid,3,1,0,1,0,0,0,19447781.0
Lucknow,1179.884752265993,2,3,46.64298911957526,1,Unfurnished,Mid,3,0,0,0,0,0,0,5192734.0
Kolkata,932.4939509069656,4,2,11.428790408611935,1,Semi Furnished,Ground,2,0,0,0,1,1,1,7982672.0
Pune,1747.2487658901607,3,2,9.299905917777677,2,Semi Furnished,Ground,3,0,1,0,0,0,1,16122889.0
Ahmedabad,1570.7394764673368,2,2,10.497096661890748,2,Semi Furnished,Top,2,0,0,1,1,1,0,13210432.0
Mumbai,1437.103686170835,3,2,80.0,0,Unfurnished,Mid,2,0,0,0,1,0,0,14142900.0
Delhi,2411.2316714968956,3,2,15.90194475594027,1,Unfurnished,Ground,3,0,0,0,0,0,0,23889153.0
Pune,1026.5999529093342,1,3,18.23494511211344,1,Unfurnished,Ground,3,1,0,0,1,0,1,8088415.0
Delhi,2387.518510563733,2,2,5.644898013862083,2,Semi Furnished,Ground,2,0,1,1,1,0,1,31655517.125
Pune,1515.89195243532,4,2,9.56675743563462,0,Unfurnished,Ground,3,1,0,0,1,1,0,13404148.0
Jaipur,582.2147615645627,3,2,3.0513159212859264,1,Unfurnished,Ground,2,0,0,1,1,0,0,3829540.0
Delhi,1410.3986728404295,1,3,17.33676401602684,1,Fully Furnished,Ground,4,1,0,1,0,1,1,17421075.0
Pune,1979.7480382997205,2,2,6.335229368393775,2,Semi Furnished,Top,3,0,0,1,1,1,1,22936351.0
Chennai,1317.4724835975146,3,2,20.692067329057757,2,Fully Furnished,Mid,3,0,0,0,0,0,1,12499922.0
Delhi,762.6107293808026,2,2,3.5959802996832946,1,Unfurnished,Mid,3,0,0,0,1,1,1,9713363.0
Pune,1417.742734101915,4,2,7.750216711097293,1,Fully Furnished,Mid,2,0,0,1,1,1,1,16924323.0
Kolkata,1071.413813054147,3,2,9.556730648839483,2,Fully Furnished,Mid,3,0,1,2,1,1,1,12368280.0
Mumbai,1745.9072005439814,3,1,2.732279935417373,1,Semi Furnished,Mid,4,0,0,0,1,1,1,27218648.0
Kolkata,1886.6999080338057,4,2,1.081966591061246,2,Fully Furnished,Mid,4,0,0,0,1,0,1,20411084.0
Bangalore,971.8647961259469,3,1,5.720393128806185,2,Semi Furnished,Mid,3,0,0,2,1,0,1,12503838.0
Pune,1147.0979724421752,2,2,11.808312613908408,2,Fully Furnished,Top,5,0,0,2,1,0,1,15011708.0
Hyderabad,1878.321232553469,3,2,15.862585597827684,0,Fully Furnished,Ground,3,1,0,0,0,1,1,15368383.0
Ahmedabad,1070.5778608505204,3,2,8.307858762486216,1,Unfurnished,Ground,2,0,0,0,1,1,1,6744319.0
Kolkata,958.9209320860025,3,2,10.405538414477798,1,Semi Furnished,Ground,3,1,0,0,0,1,1,7552994.0
Delhi,910.6544341018727,3,2,11.752413611170976,1,Unfurnished,Top,4,1,0,1,1,0,1,11504865.0
Jaipur,1676.01930647906,3,3,10.758857191075188,1,Unfurnished,Ground,2,0,1,0,1,0,1,11988430.0
Ahmedabad,1654.578859758732,2,2,1.4200769203718517,1,Semi Furnished,Top,2,0,0,0,0,0,0,13283390.0
Hyderabad,1157.9769848104793,3,2,7.787934136392741,1,Semi Furnished,Top,5,1,0,2,0,1,1,12439273.0
Lucknow,1502.542698064117,3,3,3.4285881120571937,2,Semi Furnished,Top,4,0,0,0,1,0,0,11529835.0
Pune,2263.566192077565,3,1,11.445048397864424,1,Semi Furnished,Top,1,0,0,0,1,1,1,20754266.0
Jaipur,1012.9699215408891,3,1,21.286990418230477,0,Unfurnished,Ground,3,0,0,2,0,0,1,4984484.0
Pune,524.1286954947752,3,1,12.994173272802266,0,Fully Furnished,Mid,2,0,0,1,0,0,0,5194534.0
Bangalore,1727.5377878601853,2,1,3.7619969748878903,0,Fully Furnished,Ground,2,1,1,1,0,0,0,21567186.0
Hyderabad,1444.7994180492058,2,2,3.493304574625559,2,Semi Furnished,Top,1,0,0,2,1,1,1,14794669.0
Pune,1144.9874565924492,2,2,0.5654988865378398,2,Unfurnished,Top,2,1,0,2,1,0,0,11625833.0
Delhi,1826.0401186774538,3,1,8.336844910086837,1,Semi Furnished,Top,3,1,0,0,0,1,1,25853874.0
Bangalore,1919.612572334395,3,3,8.50727701152507,1,Fully Furnished,Ground,1,1,0,0,1,1,1,28136719.0
Chennai,400.0,4,3,4.046381784191438,1,Unfurnished,Mid,4,1,0,0,1,1,1,4231759.0
Lucknow,1173.701045334256,3,4,21.675289142580112,0,Semi Furnished,Ground,4,0,0,0,1,0,0,6055176.0
Hyderabad,2658.758115598427,4,1,7.328299959574684,1,Semi Furnished,Top,2,0,0,1,1,1,0,26346627.0
Mumbai,1791.7024578990954,4,3,16.602754837610373,1,Semi Furnished,Mid,2,1,0,0,1,1,1,26043980.0
Jaipur,1838.0518191485749,5,3,15.327699508603947,2,Semi Furnished,Top,5,1,0,2,1,1,1,17863376.0
Kolkata,2086.447139315739,4,3,13.923189861627105,1,Semi Furnished,Mid,3,0,0,1,1,0,1,18288449.0
Pune,1508.5344125998631,3,2,35.80029144495853,1,Semi Furnished,Mid,3,1,0,0,0,0,0,11148597.0
Jaipur,1898.34208004581,3,3,0.24026575827293944,2,Fully Furnished,Top,2,0,0,1,0,1,1,19237475.0
Jaipur,1859.0310219186013,2,1,1.0569374728757284,1,Unfurnished,Ground,2,0,0,1,1,0,1,10948536.0
Mumbai,1769.5207483763795,3,1,19.209603447469608,2,Unfurnished,Ground,4,1,0,0,1,1,0,20056073.0
Mumbai,1338.9940146912977,3,1,6.543332592034104,1,Fully Furnished,Mid,3,0,0,1,1,1,0,22417838.0
Bangalore,1586.0294611831293,3,3,64.60088825757204,0,Unfurnished,Top,5,1,0,1,1,0,1,16055191.0
Hyderabad,1205.8192178466109,3,1,3.6580924357100533,0,Semi Furnished,Top,5,0,0,2,1,1,1,11828457.0
Delhi,1506.4071522832476,3,1,3.0394382133103734,2,Unfurnished,Top,2,1,0,0,0,0,0,19212246.0
Lucknow,915.7545539503666,3,3,13.30905725753879,0,Fully Furnished,Ground,5,0,0,0,0,0,1,5940203.0
Mumbai,1104.6880043635238,3,1,4.9155924242619085,1,Fully Furnished,Mid,5,1,0,1,0,1,0,18391527.0
Mumbai,1358.8439790375353,3,3,6.243940052098484,1,Semi Furnished,Top,4,0,1,1,0,1,0,26235394.0
Kolkata,1028.1472842849619,4,3,38.079230586639014,1,Semi Furnished,Ground,2,0,0,0,1,0,1,6961941.0
Chennai,1247.4913646274117,4,1,0.39889729255961415,1,Unfurnished,Ground,2,1,0,2,1,1,1,13268675.0
Mumbai,1418.037011622242,4,1,11.365586965842503,0,Semi Furnished,Ground,2,0,0,0,0,1,1,17987602.0
Chennai,1701.1311723321887,1,2,6.117255205506801,0,Unfurnished,Top,1,1,0,0,1,0,0,14020374.0
Bangalore,1974.6286509264546,4,4,6.369534876234464,0,Unfurnished,Mid,4,0,0,1,0,0,1,24011771.0
Delhi,1268.107814310946,2,3,4.271471177648524,0,Semi Furnished,Top,4,1,0,2,0,1,1,21401435.0
Jaipur,2167.552308634312,4,2,2.172787154755044,0,Unfurnished,Ground,4,1,0,0,1,0,1,13194131.0
Mumbai,1969.3055393127465,2,2,0.5263527561216134,1,Unfurnished,Ground,4,0,0,1,0,0,1,25198957.0
Pune,1752.046915971971,3,2,65.96686105471925,0,Unfurnished,Mid,3,1,0,1,0,0,1,12148557.0
Chennai,1576.8245646483094,3,3,16.198301785700522,0,Unfurnished,Ground,3,0,1,1,1,1,1,13431905.0
Kolkata,1659.5604209342707,3,2,22.522568838860657,1,Fully Furnished,Ground,3,0,0,0,0,0,1,11454030.0
Lucknow,2093.5255753331912,3,1,1.008168132611913,0,Fully Furnished,Ground,2,0,0,1,1,0,1,14868130.0
Kolkata,2111.7898298796367,3,3,0.2242288349948109,2,Fully Furnished,Mid,3,0,1,2,0,1,1,27712819.0
Mumbai,2167.4733641918215,3,2,13.755190661051913,1,Unfurnished,Ground,2,1,0,0,0,1,1,26457821.0
Hyderabad,1520.6634159385017,2,1,19.301155368291862,2,Semi Furnished,Top,2,0,0,2,1,1,1,12747999.0
Jaipur,1777.4835824993065,3,3,7.534586967259919,0,Fully Furnished,Ground,3,0,0,0,0,0,0,12537483.0
Delhi,2171.7732533110257,2,2,7.359343909483295,0,Unfurnished,Ground,3,1,0,0,1,1,0,22657176.0
Pune,1188.1419825418036,3,2,7.279305934602349,1,Fully Furnished,Ground,3,1,0,0,0,0,1,14647527.0
Hyderabad,1340.7915731408482,1,3,2.486495562057926,1,Fully Furnished,Ground,3,1,0,1,1,1,0,13245935.0
Kolkata,1508.018331506739,3,2,21.03108336532343,1,Fully Furnished,Top,1,0,0,0,1,1,1,14392248.0
Chennai,1949.7993689897032,3,2,3.6347566537407414,1,Fully Furnished,Top,5,0,0,0,1,1,0,24668956.0
Chennai,1957.5860753593115,3,3,5.882544449311386,1,Unfurnished,Top,4,0,0,1,1,1,1,19506585.0
Hyderabad,1384.5679444010323,3,2,16.687309738502993,2,Fully Furnished,Top,4,1,0,0,0,1,1,15551663.0
Chennai,745.6952728101451,3,3,0.0015707442105286262,0,Unfurnished,Top,4,0,0,0,0,0,1,7167267.0
Kolkata,1623.0919721479836,5,2,21.80300780040999,1,Semi Furnished,Mid,2,0,0,2,0,0,1,11649722.0
Hyderabad,1040.8419313357995,4,2,34.40359956127022,1,Semi Furnished,Top,4,0,0,1,1,1,1,7920107.0
Kolkata,755.0318976798887,3,2,0.7949586834791667,1,Fully Furnished,Mid,5,0,0,0,1,1,0,8379790.0
Pune,868.0642196331418,3,2,13.433497296134988,0,Semi Furnished,Top,1,0,0,1,0,0,1,8298216.0
Jaipur,1663.1905039227802,3,3,7.875363474554283,1,Semi Furnished,Mid,2,0,1,1,0,0,1,13755373.0
Lucknow,2180.5186804664036,1,2,1.2256916320550997,1,Unfurnished,Ground,5,1,0,0,0,1,0,11659595.0
Pune,1519.447258118122,3,2,17.19645803041968,2,Unfurnished,Top,2,1,1,1,1,0,0,15839371.0
Pune,1605.6903273229823,4,3,14.213572037455071,1,Fully Furnished,Mid,4,1,0,0,0,0,0,18883751.0
Chennai,2091.447469438963,3,1,15.436027277670588,0,Semi Furnished,Ground,1,1,0,1,1,0,1,17474172.0
Mumbai,727.7725454582229,3,3,25.189487817881897,1,Semi Furnished,Top,3,0,0,0,0,1,0,9414410.0
Ahmedabad,1760.0882108001358,2,2,5.072403394925033,1,Unfurnished,Mid,3,1,0,0,1,0,1,11746629.0
Chennai,1494.2051078405893,2,2,16.95470588167075,1,Fully Furnished,Ground,4,0,0,0,1,1,1,14663212.0
Mumbai,1783.0287294160335,2,2,20.398741866954936,1,Semi Furnished,Mid,3,0,0,0,0,0,1,19631072.0
Kolkata,1258.258045798092,3,2,2.7735426445252878,1,Semi Furnished,Top,1,1,1,0,0,1,1,14581352.0
Ahmedabad,1091.0313547867588,3,2,47.22167411895946,1,Fully Furnished,Ground,3,0,1,1,1,0,0,7727358.0
Chennai,1570.2544521428026,3,2,6.232300863068795,0,Unfurnished,Ground,2,0,1,0,1,1,0,13500610.0
Ahmedabad,2324.595661667231,3,2,18.761157016087665,1,Unfurnished,Ground,3,0,0,2,1,0,0,14143173.0
Ahmedabad,1930.4550522707314,4,3,21.037583408504847,1,Unfurnished,Top,3,0,1,1,0,0,1,15705684.0
Bangalore,1246.1536149099543,4,2,10.518625372672526,0,Semi Furnished,Ground,2,0,0,0,1,0,1,14306181.0
Jaipur,829.5139820093601,4,3,2.066831885506443,1,Semi Furnished,Mid,3,1,1,1,1,1,0,7713384.0
Bangalore,658.9663581511072,3,2,4.837476479671228,1,Unfurnished,Top,2,1,1,1,0,0,1,8725637.0
Mumbai,2158.0497259252406,3,2,4.003433299426465,0,Unfurnished,Ground,4,1,0,1,0,1,0,27799595.0
Delhi,1022.4588559320862,4,2,10.96717032543902,1,Semi Furnished,Top,2,1,0,0,0,0,1,15061269.0
Hyderabad,1337.2432935025317,2,1,4.542318826273349,2,Unfurnished,Top,3,1,0,0,1,1,1,12908224.0
Lucknow,2160.605563038788,2,3,11.870349126485637,1,Semi Furnished,Ground,4,0,1,1,0,0,1,12808181.0
Delhi,693.0492722605042,3,3,5.099516926728069,1,Unfurnished,Ground,4,1,0,2,1,1,1,9570875.0
Hyderabad,2246.1322547375294,3,1,0.014694200121120299,1,Unfurnished,Ground,3,0,1,0,0,0,1,19976351.0
Mumbai,1373.1797730537492,1,2,6.770831106242975,0,Semi Furnished,Mid,2,0,0,0,1,0,1,18429959.0
Mumbai,925.7083423806306,3,4,14.003493460251532,1,Fully Furnished,Ground,3,1,0,2,1,1,1,17769760.0
Kolkata,1376.3245364255433,3,3,22.28819223364634,0,Unfurnished,Mid,4,1,0,0,1,0,1,8766090.0
Lucknow,1138.7016092992612,3,2,0.4316175703899518,1,Fully Furnished,Ground,2,0,0,0,1,0,1,9043209.0
Jaipur,1720.4098994528579,3,2,4.482419379114122,1,Fully Furnished,Top,2,0,0,1,0,0,0,14684543.0
Ahmedabad,1175.9337830561112,3,2,63.464964381943666,1,Unfurnished,Top,3,1,1,0,0,0,0,7712111.0
Bangalore,544.1788945404785,2,3,4.5534200193240695,1,Unfurnished,Ground,3,0,0,0,1,0,1,5373047.0
Bangalore,1389.7187327955053,2,3,22.522053791320165,2,Fully Furnished,Ground,2,1,0,2,0,1,0,15144022.0
Mumbai,821.7274738567305,2,2,10.68108561697209,2,Fully Furnished,Ground,3,0,0,1,1,0,0,13941898.0
Bangalore,1602.15994199416,3,1,1.9546029674933934,0,Unfurnished,Top,1,1,1,0,1,1,0,23484538.0
Mumbai,906.4348338583379,3,3,15.46711402933726,0,Semi Furnished,Top,2,0,0,1,0,0,0,12481702.0
Ahmedabad,1255.993598413957,3,3,50.87205615060034,2,Unfurnished,Top,4,1,0,0,0,1,0,6828848.0
Mumbai,1591.2939021071682,3,1,32.682834287333705,1,Semi Furnished,Ground,3,0,1,2,1,0,0,17031453.0
Kolkata,1393.7706374828654,3,1,17.5819185705201,1,Fully Furnished,Ground,1,0,0,2,0,1,0,10455787.0
Jaipur,1625.2151415005223,3,2,10.76615617496529,0,Fully Furnished,Top,5,1,0,0,1,0,1,12685204.0
Pune,1840.1435828588783,2,2,5.77023131044341,1,Fully Furnished,Mid,2,0,0,0,0,1,1,19839756.0
Chennai,921.0331501343469,4,2,6.62337980093048,0,Unfurnished,Ground,2,0,0,2,0,0,1,7846608.0
Jaipur,1467.8012296876461,3,1,6.3744614259747365,2,Semi Furnished,Ground,5,0,0,2,1,1,0,10169843.0
Jaipur,400.0,3,4,38.281470607712365,0,Unfurnished,Mid,2,0,0,0,0,0,1,1819409.0
Delhi,1623.6666508412618,3,3,3.5607758342994513,1,Fully Furnished,Top,5,0,0,2,1,0,0,27957507.0
Lucknow,1349.5929348125787,4,1,7.12294746566634,0,Unfurnished,Ground,3,1,1,0,0,1,1,8102972.0
Lucknow,1008.2751182610143,3,3,8.483537045117133,1,Semi Furnished,Mid,3,0,0,2,1,0,0,7085085.0
Hyderabad,1657.859711148262,2,3,7.886576326356263,2,Unfurnished,Mid,3,0,0,1,0,0,1,13383319.0
Chennai,2086.3487885925338,4,2,0.0631062783902103,0,Unfurnished,Top,3,0,0,1,1,1,0,21062625.0
Ahmedabad,1261.9911262005285,3,3,4.740679529590666,0,Semi Furnished,Mid,4,1,0,1,1,0,1,10669066.0
Pune,1027.5927548791399,2,2,10.354325639248831,1,Semi Furnished,Top,1,0,0,2,0,1,0,10975756.0
Pune,1582.5126312193559,2,3,21.437609262049452,1,Fully Furnished,Mid,4,1,0,1,0,0,1,17662887.0
Lucknow,832.1966666768196,3,2,12.64121292136936,2,Semi Furnished,Ground,5,0,1,0,0,0,1,4965418.0
Jaipur,1169.8093147322304,3,2,7.288629803346495,0,Fully Furnished,Top,3,1,0,1,0,1,0,10185296.0
Kolkata,2111.201080825251,3,2,16.41068045489426,1,Unfurnished,Top,2,1,0,0,0,1,0,15847275.0
Hyderabad,1531.0896149061439,4,2,16.44441900313379,1,Fully Furnished,Mid,2,0,0,0,1,0,0,15415447.0
Mumbai,560.2665180269169,3,2,4.273782061926379,0,Unfurnished,Ground,2,0,0,0,1,1,0,6994126.0
Hyderabad,601.5041763602995,3,3,1.643442448249695,0,Semi Furnished,Mid,2,0,0,1,0,0,0,5625070.0
Delhi,1581.0428463233877,3,2,24.382252482334355,2,Fully Furnished,Mid,2,1,0,1,0,0,1,22245335.0
Hyderabad,1931.195287958844,5,1,11.31839503118537,2,Fully Furnished,Mid,3,0,0,1,0,0,0,19650162.0
Jaipur,691.1892706869249,3,1,2.9133269845373526,1,Fully Furnished,Ground,3,0,0,0,1,1,1,5076464.0
Ahmedabad,1724.8563037482543,5,3,4.558616311673501,2,Semi Furnished,Ground,4,0,1,2,0,0,1,18773904.0
Jaipur,2165.1717537448594,2,2,21.813748228734173,0,Unfurnished,Mid,3,1,0,0,1,1,1,11260185.0
Lucknow,2443.9294939793194,4,2,15.888236660021109,1,Fully Furnished,Top,2,1,0,0,0,1,1,20362720.0
Ahmedabad,1665.6113799299383,3,3,43.55182688646991,1,Unfurnished,Top,2,0,0,0,1,0,1,10278632.0
Bangalore,1753.401297276237,4,3,9.380853703690612,2,Unfurnished,Top,3,0,0,1,1,1,0,21576105.0
Ahmedabad,433.407786185928,1,3,0.803964945929216,1,Unfurnished,Top,3,0,0,1,1,0,0,3272453.0
Hyderabad,2549.8762739979948,2,2,18.080750351443164,2,Fully Furnished,Mid,3,0,1,0,0,1,1,25036722.0
Hyderabad,1212.2548934519393,2,2,4.413769136832307,2,Unfurnished,Mid,2,0,0,1,1,0,0,10244195.0
Hyderabad,1033.2644207874794,3,3,5.870206027126812,0,Fully Furnished,Ground,4,0,0,0,1,1,1,9516800.0
Bangalore,1372.3969327801876,3,3,3.2844393120890847,0,Unfurnished,Top,2,0,0,0,1,1,0,17628754.0
Lucknow,2255.8367070927156,4,4,5.5428295685215305,0,Unfurnished,Mid,1,0,0,0,0,0,0,13985285.0
Mumbai,2604.023023771774,3,2,26.533582144256133,1,Fully Furnished,Top,3,0,0,2,1,0,0,31655517.125
Chennai,1562.7043397379223,2,3,12.895583453755615,1,Fully Furnished,Top,3,0,0,0,0,0,1,17166242.0
Lucknow,1999.0420863018276,2,1,1.733751266579088,0,Semi Furnished,Mid,3,0,0,0,1,0,1,11970021.0
Hyderabad,1521.602024342752,1,2,13.250227763676161,1,Semi Furnished,Mid,1,1,0,2,0,0,1,10893951.0
Lucknow,981.1022634909081,4,2,15.058944585723133,1,Semi Furnished,Mid,2,0,0,0,0,1,1,6049151.0
Delhi,2238.3718353941454,4,4,32.41936808180819,1,Unfurnished,Top,2,0,0,2,0,1,1,24846003.0
Pune,1188.9362598218054,5,1,29.45375268197054,1,Semi Furnished,Ground,3,0,0,0,0,1,0,9028371.0
Pune,2267.765386685941,3,2,0.9740808779646144,0,Semi Furnished,Top,3,0,1,1,0,1,1,29451964.0
Chennai,2149.270664884542,1,3,30.227081409746326,1,Semi Furnished,Mid,3,0,0,0,1,0,1,15473870.0
Chennai,1807.018131978604,2,2,0.7833754090963407,0,Unfurnished,Top,4,1,0,0,1,1,0,17591091.0
Mumbai,2414.4873781271763,3,2,2.5107017872327106,1,Semi Furnished,Ground,1,0,0,2,1,0,1,31655517.125
Delhi,2616.1730165928693,5,3,1.7741536489143397,1,Fully Furnished,Mid,3,0,0,2,0,1,0,31655517.125
Jaipur,1412.3783185178443,2,3,3.0078433405317133,1,Unfurnished,Mid,2,0,0,2,0,0,0,8896956.0
Lucknow,1095.6029407917845,2,2,24.388235330260475,0,Unfurnished,Top,3,1,0,2,0,1,1,6094866.0
Ahmedabad,567.8650813717638,3,3,17.381136657542523,1,Fully Furnished,Mid,3,0,0,1,1,0,1,4688202.0
Ahmedabad,2622.341127715128,3,2,17.421481306600846,2,Semi Furnished,Ground,3,0,0,0,0,1,0,16156193.0
Jaipur,1280.158995540775,2,3,38.29025893704224,1,Semi Furnished,Mid,2,1,1,0,1,0,1,7415497.0
Pune,2067.51842855087,4,3,7.460031218885291,2,Fully Furnished,Top,2,1,0,0,0,0,1,28752392.0
Jaipur,1129.3723162452584,2,2,0.04939287938059559,0,Semi Furnished,Mid,4,0,0,0,1,1,0,8186831.0
Lucknow,2269.1328204560177,4,3,15.315123983878342,0,Semi Furnished,Top,4,0,0,2,1,1,0,17206191.0
Delhi,1149.9412040922934,2,1,30.382755731521595,1,Semi Furnished,Mid,2,0,0,0,0,1,1,11104534.0
Hyderabad,904.1404331913284,2,1,56.10902243403422,1,Unfurnished,Mid,3,1,1,1,1,1,0,5956414.0
Bangalore,1395.746784523125,3,3,6.7858210025823,0,Fully Furnished,Top,2,1,1,2,0,1,0,23154695.0
Hyderabad,1234.1121495191815,2,1,25.902406284853267,1,Semi Furnished,Ground,3,1,0,0,0,1,1,8159056.0
Bangalore,1798.149892730606,3,1,28.3797693357733,1,Fully Furnished,Top,3,1,1,1,0,0,0,21298351.0
Ahmedabad,1474.3025364037383,3,2,2.339947954449749,1,Unfurnished,Ground,2,0,0,1,1,1,0,10872516.0
Chennai,1813.8511972759607,3,1,14.9746597012748,0,Semi Furnished,Top,3,0,0,0,1,1,1,15998287.0
Lucknow,1354.489263457353,3,3,2.851800071511981,2,Fully Furnished,Mid,4,0,0,2,1,1,1,12242874.0
Hyderabad,1167.4463144905974,3,3,8.875948528934735,1,Unfurnished,Ground,2,1,0,0,1,0,0,8094691.0
Jaipur,1208.2197260519633,1,2,31.712596708683634,1,Unfurnished,Top,4,0,0,0,0,0,1,5636100.0
Delhi,2522.469399015513,5,2,23.371701019227242,2,Fully Furnished,Top,2,0,0,1,0,0,1,31655517.125
Delhi,1612.5854661134679,4,2,12.6713972552992,0,Semi Furnished,Top,4,1,0,0,1,0,0,20809010.0
Pune,508.11889527347773,2,2,24.80940463939685,1,Semi Furnished,Top,1,1,0,0,1,0,0,3687019.0
Delhi,1239.8954932729596,3,2,2.487764332935369,2,Fully Furnished,Ground,2,1,0,2,0,1,0,18245411.0
Delhi,1548.4330162379379,3,1,3.252192631365622,1,Unfurnished,Ground,2,0,0,0,0,1,0,17460562.0
Chennai,2422.6998406251896,2,2,3.5142958839843343,1,Fully Furnished,Ground,4,0,0,1,0,0,0,23770383.0
Jaipur,2014.3493579449496,3,2,22.442546161812334,2,Fully Furnished,Ground,3,0,0,1,0,1,1,13167712.0
Ahmedabad,1039.1410817590424,3,3,33.24136462061177,0,Unfurnished,Top,3,1,0,1,1,0,0,6198663.0
Delhi,2709.1778767862256,2,3,12.41171401868835,0,Fully Furnished,Ground,2,0,0,0,0,0,1,30610407.0
Ahmedabad,1484.4198175992613,2,3,47.541154309248085,1,Unfurnished,Ground,2,0,0,1,0,1,1,7636892.0
Chennai,2123.1649055374724,4,2,19.530966548076265,1,Unfurnished,Mid,3,0,0,0,1,1,1,17431291.0
Delhi,922.4957513000487,3,3,12.44082220028995,0,Fully Furnished,Mid,2,1,0,0,1,1,0,14000496.0
Lucknow,400.0,2,3,14.185427290183565,0,Fully Furnished,Ground,4,1,0,0,0,1,1,2611208.0
Pune,795.7842548158196,3,3,28.410287286240347,2,Fully Furnished,Mid,3,0,0,1,0,1,1,6825298.0
Hyderabad,400.0,3,1,1.4176391816126637,1,Semi Furnished,Mid,2,0,0,0,1,0,1,3388694.0
Lucknow,2556.044663626454,2,2,2.7591578461307265,0,Unfurnished,Mid,1,0,1,1,1,0,0,16627818.0
Kolkata,1607.266459443208,4,2,4.644723245959457,2,Unfurnished,Mid,2,0,1,0,0,0,0,14842738.0
Mumbai,1037.6779907759842,3,2,33.77493748823021,1,Unfurnished,Top,2,0,1,1,0,0,0,13128267.0
Delhi,1726.3120149900606,3,4,43.491331032934184,1,Unfurnished,Mid,2,0,0,0,1,0,0,17431490.0
Ahmedabad,1594.6670180900828,3,2,6.604821221479336,1,Unfurnished,Top,2,0,0,2,1,1,0,11912723.0
Mumbai,1810.4666978069956,3,2,38.62717643928477,1,Semi Furnished,Top,4,0,0,2,0,1,0,23068683.0
Bangalore,2104.7657005681344,2,2,11.872908445842658,1,Unfurnished,Mid,1,1,1,1,1,1,0,22448075.0
Delhi,1355.0394234874923,3,2,9.616114560977232,1,Semi Furnished,Top,4,0,0,0,1,0,0,18430376.0
Kolkata,1060.0803469495065,3,3,26.825300163616685,0,Fully Furnished,Top,3,1,0,2,1,0,0,9286901.0
Chennai,1913.8876071859588,3,2,11.847628192764095,0,Fully Furnished,Top,4,0,0,1,1,1,0,20044507.0
Pune,1901.166388942233,3,2,9.090300372960648,0,Semi Furnished,Top,3,0,0,2,0,1,1,19292118.0
Kolkata,1550.3679040606726,3,2,0.24138440192258115,1,Unfurnished,Mid,2,1,0,1,1,1,0,13212739.0
Ahmedabad,2588.7770943403866,2,1,0.19472339123901616,1,Unfurnished,Mid,5,1,0,1,0,0,1,18897049.0
Chennai,1281.088938569174,3,3,14.816454610982634,0,Unfurnished,Top,2,1,0,1,0,0,1,11938398.0
Hyderabad,1050.0710141823658,3,3,1.143773672687528,2,Unfurnished,Mid,2,0,0,1,1,0,0,9929368.0
Chennai,1709.0457137533008,4,2,20.0308997527524,1,Unfurnished,Ground,5,1,0,0,0,0,1,14185844.0
Delhi,1162.5310715432508,3,4,14.606472504962829,1,Semi Furnished,Ground,2,0,0,2,1,0,1,13759650.0
Mumbai,1747.758262072448,3,2,9.179855773108342,2,Semi Furnished,Mid,3,0,0,0,0,0,0,26909270.0
Mumbai,1083.4958720802802,5,3,18.557962386107256,2,Semi Furnished,Ground,5,0,0,1,1,1,0,17204980.0
Ahmedabad,1299.8788585340571,2,3,74.58134237606367,0,Fully Furnished,Mid,3,0,0,2,0,1,0,8447398.0
Chennai,2445.4202100195826,2,3,4.242542963033067,1,Fully Furnished,Top,3,1,0,1,0,0,0,31655517.125
Kolkata,1297.2063216261606,3,2,12.214668762133611,2,Semi Furnished,Mid,3,1,0,0,1,0,1,10382866.0
Ahmedabad,1100.5742279913518,2,1,27.758881495370076,0,Semi Furnished,Top,3,0,0,0,0,0,1,5561056.0
Pune,2085.33939435325,3,3,0.25528362106225705,0,Fully Furnished,Ground,4,0,0,1,0,0,0,24923655.0
Ahmedabad,974.4790248566532,1,4,3.4130790946887486,0,Semi Furnished,Top,3,0,1,1,1,0,1,8656549.0
Ahmedabad,1153.528384926466,2,2,11.039525587160353,0,Fully Furnished,Top,3,0,0,1,1,0,1,9365473.0
Hyderabad,1788.2805602544972,2,2,12.052670403120421,2,Fully Furnished,Ground,3,0,0,2,0,0,1,16294023.0
Lucknow,1969.205711936646,3,2,1.3543409328008298,1,Semi Furnished,Mid,3,1,0,1,1,0,1,14085916.0
Delhi,2110.238195540537,4,3,7.84928203534797,0,Semi Furnished,Mid,4,0,0,1,1,0,1,28529587.0
Hyderabad,1126.3890838897576,4,1,11.002812820929993,1,Fully Furnished,Mid,1,0,0,0,0,1,0,10497446.0
Mumbai,1798.00433649306,2,3,8.248063453715506,0,Semi Furnished,Mid,2,0,0,0,1,1,0,24568772.0
Mumbai,1266.9459002279102,3,3,18.08943452114177,1,Unfurnished,Top,3,1,0,1,1,0,1,18153959.0
Bangalore,1197.1721832446838,1,2,22.13435358993008,1,Fully Furnished,Top,1,0,1,1,0,0,0,13846425.0
Bangalore,2101.6063911461424,3,1,9.250061053910482,0,Fully Furnished,Ground,4,0,0,2,1,1,0,25624386.0
Kolkata,1225.2228020702069,4,3,8.317998744897029,1,Unfurnished,Ground,4,0,0,1,0,0,0,9135269.0
Mumbai,1639.10229801049,3,1,18.33020198204062,1,Unfurnished,Top,2,0,0,2,1,1,1,21457962.0
Lucknow,1577.7897346153195,2,2,12.155410288882864,0,Unfurnished,Ground,2,0,0,1,1,0,0,8011965.0
Hyderabad,964.6228118307487,3,1,30.65410370123839,2,Semi Furnished,Mid,3,1,0,2,1,1,0,6922879.0
Pune,1983.0464276781604,2,2,9.841995561428671,0,Unfurnished,Top,2,0,1,2,0,0,1,20085999.0
Lucknow,1780.140446839477,3,2,12.81127425849505,1,Unfurnished,Ground,4,1,0,1,1,1,1,10485623.0
Bangalore,506.85469406478956,3,3,2.0683451964743136,2,Semi Furnished,Ground,2,0,0,0,0,0,1,5888105.0
Chennai,1638.7105556186716,3,3,27.118080499210123,0,Unfurnished,Mid,4,0,0,1,0,0,0,10817343.0
Lucknow,1113.5132829166896,4,4,8.230304343219387,1,Fully Furnished,Top,3,1,0,0,0,1,0,10454982.0
Lucknow,2048.5376532063137,3,2,19.044388143932213,1,Unfurnished,Ground,3,1,0,1,1,0,1,10749348.0
Lucknow,777.300081609621,4,1,8.418178078380059,1,Unfurnished,Ground,2,0,0,0,0,0,1,3817929.0
Lucknow,1321.761515685228,4,2,0.015191135811325208,0,Semi Furnished,Ground,5,0,0,1,0,0,1,8832043.0
Lucknow,1681.0122754942329,3,1,7.672644121109071,1,Semi Furnished,Mid,2,0,0,0,1,0,0,10480255.0
Bangalore,1527.1701470709377,3,2,2.3937696704999754,1,Unfurnished,Ground,2,0,0,0,0,0,1,15748875.0
Mumbai,1881.4791283569857,1,2,7.627801236094295,1,Unfurnished,Top,1,0,0,0,0,0,1,21509873.0
Ahmedabad,740.7890069953554,3,2,5.814612286816694,1,Fully Furnished,Mid,3,0,1,1,0,1,1,7285093.0
Lucknow,2325.957168433689,3,1,3.394992826283116,2,Semi Furnished,Top,1,0,0,1,0,0,1,16448397.0
Lucknow,1762.5723293941357,2,2,1.9819358824512816,1,Fully Furnished,Mid,3,0,0,1,1,0,1,12639823.0
Delhi,2179.859106500448,3,2,19.560279920262516,1,Fully Furnished,Ground,4,1,0,0,1,0,0,28559805.0
Mumbai,1937.1200846166207,3,2,21.088905543621117,2,Unfurnished,Top,3,0,0,0,1,0,1,26370293.0
Ahmedabad,1494.1949427724783,5,3,4.618220782690352,0,Unfurnished,Ground,1,1,0,1,0,1,0,11086581.0
Pune,857.9008945444197,3,2,10.253604049155802,1,Unfurnished,Top,2,1,0,2,0,0,0,8970866.0
Pune,1218.2234093756497,3,2,9.356302370053811,0,Fully Furnished,Ground,1,0,0,1,1,0,1,12907678.0
Chennai,2294.7816664312886,4,2,6.583333004467521,2,Fully Furnished,Ground,4,0,0,0,0,0,0,23634019.0
Jaipur,2192.7188908281914,3,1,4.87841622033448,0,Semi Furnished,Top,2,0,0,2,0,1,0,17271219.0
Hyderabad,1190.200009948155,2,3,3.087508644951214,1,Semi Furnished,Mid,1,0,0,1,0,1,0,10777055.0
Delhi,400.0,2,2,30.94084557744474,1,Semi Furnished,Top,5,0,1,2,1,1,1,4792584.0
Mumbai,1393.6551328474407,4,3,26.87451604489844,1,Semi Furnished,Mid,3,0,0,1,0,0,0,16436198.0
Mumbai,1356.1485559354417,2,2,8.098138143708766,1,Semi Furnished,Top,3,0,0,0,0,1,1,19826641.0
Jaipur,1375.1136939798084,3,2,19.15897660529496,1,Semi Furnished,Top,4,1,0,2,1,0,1,10276218.0
Chennai,1764.2696009157007,3,3,10.347253453710072,2,Fully Furnished,Top,3,1,0,1,1,0,1,23155503.0
Kolkata,1938.1062896608316,4,3,1.3387525594378944,2,Unfurnished,Mid,2,1,0,1,0,0,1,18078808.0
Bangalore,1995.1497735497621,4,1,25.92252009601243,1,Semi Furnished,Ground,4,1,0,1,0,1,0,18343732.0
Chennai,1722.8545700676834,3,3,3.7129181579681316,2,Fully Furnished,Mid,2,1,1,2,0,0,1,24249250.0
Ahmedabad,599.614649038682,4,2,18.404400503459634,2,Fully Furnished,Ground,3,0,0,1,1,1,0,4827096.0
Chennai,1329.4001336533522,2,2,11.242524121381571,1,Unfurnished,Ground,4,1,0,2,0,1,1,11546256.0
Jaipur,2652.044891774595,2,3,17.59389507567183,2,Semi Furnished,Top,4,0,0,0,1,1,1,18501917.0
Jaipur,1687.108367401239,4,4,9.557261535928365,2,Unfurnished,Top,3,1,0,2,0,1,0,13362388.0
Hyderabad,1683.9097842219326,3,1,18.188199243330512,1,Unfurnished,Ground,3,0,0,1,0,1,1,10362877.0
Delhi,1679.742969886929,2,3,0.5004443761561135,1,Unfurnished,Mid,1,1,0,0,1,1,0,24028398.0
Lucknow,1707.6898112529948,3,2,0.6256630152164513,0,Semi Furnished,Top,3,1,1,2,1,1,1,16219567.0
Pune,400.0,4,2,33.9995794598602,0,Semi Furnished,Ground,2,1,0,1,0,0,1,2895341.0
Jaipur,1380.2378415444657,4,3,20.776067601079873,1,Semi Furnished,Top,3,1,0,0,1,0,0,10083260.0
Hyderabad,1481.0535841026553,4,2,26.444739628049692,1,Fully Furnished,Mid,3,0,0,0,1,1,1,12186788.0
Bangalore,2140.747699626706,3,1,9.148240356213755,1,Fully Furnished,Top,3,1,1,0,0,1,0,31655517.125
Pune,1523.836447311148,4,2,9.232985905289748,2,Fully Furnished,Ground,1,0,0,0,1,0,0,18650955.0
Kolkata,676.7443066990294,3,3,11.453674573122486,1,Semi Furnished,Ground,2,0,0,1,1,1,0,5803010.0
Mumbai,1715.044578085876,3,2,4.189004618916901,0,Unfurnished,Top,2,0,0,0,0,1,0,23968258.0
Bangalore,1098.0876758786274,4,2,19.835856159176767,1,Unfurnished,Mid,2,0,1,1,1,1,1,10866146.0
Kolkata,891.6071794592912,3,2,26.531288839133108,0,Fully Furnished,Mid,2,1,0,2,0,0,1,6882844.0
Pune,1082.9204766417097,2,3,35.66352438042429,1,Unfurnished,Ground,4,0,0,1,1,0,1,7250517.0
Bangalore,1771.2521148322578,3,3,10.917130608564328,1,Fully Furnished,Top,3,0,0,2,1,1,1,27821455.0
Hyderabad,2129.3806198800344,3,3,8.031296577325438,1,Unfurnished,Ground,4,1,0,1,1,0,0,16959318.0
Kolkata,1741.4649725887934,2,3,26.6619245726489,1,Semi Furnished,Mid,3,1,1,0,0,0,1,13232377.0
Mumbai,1816.0116118085107,2,1,20.955221097658587,0,Fully Furnished,Top,1,0,0,0,1,1,1,24627821.0
Lucknow,1736.5226364190005,2,2,30.291938208341417,0,Fully Furnished,Mid,1,0,0,0,0,0,1,8800604.0
Hyderabad,1550.663588430234,1,2,15.994981759971036,1,Unfurnished,Ground,2,0,0,1,0,1,1,10133388.0
Ahmedabad,1848.4653174813789,3,1,32.22394115076903,1,Semi Furnished,Top,4,1,0,1,1,1,1,12153444.0
Mumbai,400.0,2,2,1.3988717905667425,1,Semi Furnished,Mid,2,1,0,0,1,0,0,6447335.0
Delhi,1555.5441756524165,2,3,17.070977267170605,1,Semi Furnished,Top,2,1,0,0,1,0,0,18979576.0
Chennai,977.5374826888742,3,2,1.3948121505720623,2,Semi Furnished,Top,4,0,0,0,0,0,1,10636704.0
Delhi,2081.4512862720694,4,2,20.729016787849154,2,Fully Furnished,Mid,2,0,0,1,0,1,1,31655517.125
Jaipur,1426.4223473915697,1,2,14.8508300463018,1,Semi Furnished,Ground,3,1,1,0,0,0,0,8213205.0
Lucknow,1515.4740441339152,2,1,0.2418191072092523,1,Unfurnished,Mid,2,1,0,1,1,0,0,9275702.0
Ahmedabad,747.4640628730983,4,2,13.716673524765122,0,Fully Furnished,Mid,4,0,0,1,1,1,1,6595730.0
Ahmedabad,2008.4154445064257,3,3,2.372276753446518,1,Unfurnished,Top,3,1,0,1,0,1,0,17652715.0
Chennai,1813.6640601369047,4,1,2.3044620709198,1,Semi Furnished,Top,3,1,0,0,0,1,1,20753797.0
Kolkata,1778.4739411702517,2,1,2.4459569626112,1,Fully Furnished,Mid,4,0,0,2,1,1,0,16391865.0
Chennai,1093.4885739155889,2,3,9.919600737139355,0,Unfurnished,Mid,3,1,0,1,1,0,0,9236377.0
Jaipur,1113.180077530935,2,2,1.841334967401086,2,Semi Furnished,Ground,4,1,1,1,1,0,0,8894288.0
Delhi,1611.7997272229527,2,3,2.014216505824326,0,Fully Furnished,Top,5,1,0,1,0,1,1,30325911.0
Ahmedabad,1152.7507948759744,4,2,4.439100861859521,2,Semi Furnished,Mid,2,0,0,0,1,0,0,9688092.0
Delhi,1717.4464813386692,5,3,0.012878884690094222,0,Semi Furnished,Ground,2,1,0,1,0,1,0,23856243.0
Mumbai,419.54369861663895,5,2,4.840103274254857,0,Semi Furnished,Top,3,0,0,1,1,0,0,7433032.0
Lucknow,1256.2277217967037,4,2,14.451040393049082,1,Semi Furnished,Ground,3,0,0,1,1,0,1,8186098.0
Bangalore,2398.3767327132455,4,1,13.803372928706843,2,Unfurnished,Mid,4,0,0,0,1,0,0,24730403.0
Jaipur,1719.7429139978824,3,2,52.3669863431287,1,Semi Furnished,Top,2,0,0,0,1,0,0,9416258.0
Bangalore,1583.3968322654964,4,3,1.9111964256405831,0,Fully Furnished,Ground,3,1,0,0,1,1,1,23423471.0
Jaipur,2492.6132678356785,2,2,30.100823491382013,2,Unfurnished,Mid,3,0,0,2,0,0,1,12337999.0
Pune,400.0,3,1,7.443729786488069,1,Semi Furnished,Ground,3,1,0,1,0,1,1,4132458.0
Lucknow,1092.3444426059464,3,2,7.341743131882113,0,Fully Furnished,Ground,1,1,0,1,1,1,0,8397080.0
Mumbai,1299.4134141263055,4,2,6.434327664237288,1,Fully Furnished,Mid,2,0,0,0,0,1,1,22924476.0
Lucknow,1929.175616502695,3,2,1.998454965386713,1,Unfurnished,Top,2,0,0,0,0,0,0,11668645.0
Kolkata,1937.8281816141182,4,2,9.765834951818803,1,Unfurnished,Mid,3,1,0,2,1,1,1,16970962.0
Jaipur,1066.996645508687,3,2,23.22358790319786,1,Unfurnished,Top,3,1,0,1,0,1,1,6638036.0
Bangalore,1998.9771610712748,3,2,31.24360193888695,2,Unfurnished,Ground,2,0,0,1,0,1,1,15963901.0
Jaipur,1298.3426163391462,5,3,49.395611223396855,2,Semi Furnished,Ground,3,0,0,0,1,1,1,7357317.0
Kolkata,2105.8198128245836,2,2,23.077178634652412,1,Unfurnished,Mid,4,1,0,1,0,0,1,13344115.0
Jaipur,983.6786509389711,4,2,14.636300582971874,0,Unfurnished,Ground,2,0,0,0,1,1,0,5932533.0
Lucknow,1438.3442004669198,3,2,10.323402969060147,1,Fully Furnished,Ground,3,1,0,1,0,1,1,11495192.0
Hyderabad,1254.9163423117197,3,3,31.179298382061862,2,Unfurnished,Top,1,0,0,2,1,1,0,9190250.0
Jaipur,2028.0151857828569,4,1,20.178069791602738,1,Fully Furnished,Mid,4,0,0,0,1,0,0,13206957.0
Pune,1238.6093917169146,3,2,2.6377850782325942,1,Semi Furnished,Top,5,1,0,2,0,0,0,14831218.0
Pune,1478.775735494122,3,2,17.21154758588078,1,Fully Furnished,Mid,2,1,0,1,1,0,1,16740508.0
Ahmedabad,1753.4056988315247,3,2,8.459140227473561,1,Semi Furnished,Ground,4,0,0,2,1,1,1,13498476.0
Pune,1772.6292415130597,1,2,13.587670139207436,2,Fully Furnished,Ground,1,1,0,1,0,1,0,17433034.0
Jaipur,1943.4763037365858,3,3,34.29375115457705,1,Fully Furnished,Mid,5,0,1,0,1,0,1,14863121.0
Jaipur,1605.5623884223335,2,1,15.85790478791271,1,Unfurnished,Mid,3,0,0,1,0,1,0,7847372.0
Hyderabad,1290.8755423600844,4,2,41.88557525709337,0,Fully Furnished,Mid,3,0,0,0,1,1,1,9888683.0
Pune,1325.1506273206248,2,3,30.190170931195336,2,Semi Furnished,Ground,4,0,0,0,1,0,0,9066552.0
Delhi,1512.836157603806,3,2,2.069999016918188,0,Fully Furnished,Top,2,1,1,1,0,0,0,27126428.0
Jaipur,1624.7962380371916,4,1,0.17580493940034644,2,Unfurnished,Ground,2,0,0,1,0,0,1,10165120.0
Mumbai,1426.4141760757818,4,2,7.277646146357646,0,Unfurnished,Ground,1,1,0,2,1,1,1,23346366.0
Mumbai,1509.6017104827736,3,4,30.073917766156523,0,Semi Furnished,Ground,3,0,0,0,0,0,1,15590847.0
Bangalore,741.3730697139473,3,1,3.9229260662860748,1,Unfurnished,Mid,4,0,1,1,0,1,0,9017636.0
Hyderabad,1833.6776422273392,2,1,17.635636289595848,1,Fully Furnished,Ground,4,0,1,0,1,0,1,17208602.0
Kolkata,1590.5561444447148,3,2,9.693821360092162,1,Semi Furnished,Top,3,0,0,1,1,0,0,14434830.0
Delhi,2000.935206770544,2,2,20.560908033848804,1,Unfurnished,Mid,4,0,0,2,1,0,1,20382525.0
Jaipur,1500.0802537035424,4,2,2.704437970018207,1,Fully Furnished,Ground,2,1,0,2,1,0,1,14153462.0
Lucknow,630.8012107391069,3,3,4.098623385059446,2,Unfurnished,Ground,3,1,0,0,1,0,1,4009540.0
Chennai,1320.7769053466625,3,2,4.166460676293924,2,Unfurnished,Ground,1,0,0,1,0,1,1,11565102.0
Chennai,1400.0350384407916,3,3,11.926562871026112,1,Semi Furnished,Ground,2,0,1,0,0,1,0,14677941.0
Kolkata,1871.4516527167993,3,2,5.129422741700655,1,Semi Furnished,Mid,3,1,1,1,0,1,0,18835233.0
Ahmedabad,464.86322774330256,3,3,25.047564978296286,1,Semi Furnished,Mid,2,1,1,2,0,1,0,3465252.0
Lucknow,1520.5897584744675,4,4,6.3879460171334745,1,Fully Furnished,Mid,3,0,0,1,1,0,1,14542638.0
Chennai,1756.837607896653,2,2,16.219742682888015,0,Unfurnished,Mid,4,1,0,2,0,0,0,12973052.0
Kolkata,1169.2560573592402,3,2,44.49315142833044,1,Semi Furnished,Mid,3,0,0,2,1,1,1,8443364.0
Chennai,1537.3140049084236,2,3,14.006273750325233,1,Fully Furnished,Ground,2,0,0,1,0,0,0,14480355.0
Hyderabad,1186.4817454250779,2,2,4.159116746326474,0,Fully Furnished,Mid,3,0,0,1,1,0,1,11564498.0
Bangalore,1135.2135333898048,3,2,26.619701536587993,1,Fully Furnished,Ground,4,1,0,0,0,1,1,11549147.0
Ahmedabad,1295.7900749343414,2,4,0.18932763101137975,0,Unfurnished,Top,3,1,0,1,1,0,1,11620287.0
Hyderabad,1144.6540037664945,2,2,4.446547441214179,2,Semi Furnished,Top,4,1,0,2,1,1,0,13696625.0
Lucknow,1841.8091559681664,4,1,7.35286211673375,2,Unfurnished,Ground,2,1,0,0,1,1,1,11504557.0
Kolkata,1132.524061582311,3,3,3.2719457747668046,0,Fully Furnished,Ground,3,1,0,0,0,1,1,11403469.0
Delhi,1048.5449964760364,2,2,13.895801355018316,1,Unfurnished,Mid,2,0,0,0,0,1,0,10146737.0
Lucknow,2383.9643334197667,2,2,12.246701890467566,1,Semi Furnished,Mid,3,0,0,1,0,0,0,13946764.0
Lucknow,1980.3700059120176,2,1,7.825684245646452,1,Fully Furnished,Top,3,0,1,0,1,1,0,16423627.0
Pune,569.2433196703998,3,2,5.23016468733945,1,Unfurnished,Top,3,1,0,0,0,0,0,5608111.0
Delhi,1117.6158550737332,3,3,8.534959998302236,1,Semi Furnished,Ground,3,0,0,1,1,0,0,13811717.0
Mumbai,1621.2314858613554,3,3,5.162775953191954,2,Semi Furnished,Top,3,1,0,1,0,0,0,30041259.0
Pune,1661.8775336157466,2,2,3.7511420174735286,1,Semi Furnished,Ground,4,0,0,0,1,0,0,16129792.0
Kolkata,754.7535671315533,3,3,6.491083161674637,0,Semi Furnished,Ground,2,0,0,2,0,0,0,6090313.0
Mumbai,2079.282746411161,3,2,13.832202001450616,0,Fully Furnished,Top,3,0,1,1,0,0,1,31655517.125
Chennai,1912.6122095908129,3,3,15.678526630926177,2,Fully Furnished,Ground,2,1,0,0,0,1,1,21790227.0
Chennai,1740.9508160201694,4,2,5.293385056735207,0,Unfurnished,Ground,2,0,1,1,1,0,0,17134907.0
Lucknow,2178.3642453560606,3,2,44.175027416970806,1,Semi Furnished,Ground,2,1,0,0,0,1,1,9965341.0
Pune,1726.144996285459,2,2,4.556343178402081,1,Semi Furnished,Ground,3,0,0,0,0,0,1,15490437.0
Jaipur,1724.2904396259237,4,1,18.67880429978066,0,Fully Furnished,Mid,3,1,0,0,0,1,1,11984497.0
Delhi,2278.839635911121,2,1,1.2748749281515905,1,Unfurnished,Top,2,0,0,1,0,0,0,27045251.0
Mumbai,2050.6097903638542,2,2,16.39741219940486,2,Unfurnished,Top,5,0,0,0,1,1,1,26970819.0
Delhi,1079.2462705442344,3,4,9.241368510547836,0,Fully Furnished,Ground,2,0,0,2,1,1,1,18046730.0
Pune,1816.5975893359578,3,4,12.628461596681676,0,Fully Furnished,Top,4,1,0,1,0,0,0,20754740.0
Lucknow,1167.866067520709,4,3,3.0514495725680053,2,Fully Furnished,Top,2,0,0,2,0,0,1,10857921.0
Hyderabad,1752.077275475139,2,2,8.5258668574517,1,Fully Furnished,Mid,3,1,1,0,1,1,0,19120568.0
Chennai,1738.3067535099071,3,2,21.804334355279405,1,Fully Furnished,Mid,3,1,0,1,1,0,1,16124201.0
Mumbai,808.266343772007,2,2,21.85621471485313,1,Fully Furnished,Mid,3,0,0,2,1,0,0,10747914.0
Mumbai,1439.0771943444825,3,2,4.068392474595317,1,Unfurnished,Mid,3,1,0,0,1,0,1,20342318.0
Kolkata,1632.6285117902012,2,1,6.521847267017061,0,Fully Furnished,Mid,4,1,0,0,1,0,0,14364436.0
Mumbai,1281.8549045029215,3,2,0.05731268301914153,1,Fully Furnished,Ground,3,0,0,1,0,0,1,21422522.0
Pune,1657.35497119538,1,1,1.41403670510649,0,Unfurnished,Top,4,1,1,1,1,1,0,18151121.0
Mumbai,1902.9488885005344,2,3,2.0326634465154054,1,Unfurnished,Mid,2,0,0,1,1,1,1,27848672.0
Mumbai,1484.7034678846221,3,3,5.214694361027489,1,Semi Furnished,Mid,1,1,0,1,1,0,0,25029729.0
Delhi,1612.2997383541297,5,2,21.345339118476787,2,Semi Furnished,Top,5,0,0,0,1,0,0,22377982.0
Lucknow,2191.7120392779875,4,2,10.707907380019416,2,Unfurnished,Ground,2,1,0,1,1,0,1,14317456.0
Bangalore,1736.5982916126131,5,2,23.59717822744315,2,Fully Furnished,Top,1,0,0,0,1,0,0,22631184.0
Mumbai,1600.4121448372368,3,2,21.09168413293281,1,Unfurnished,Mid,2,0,0,1,0,1,1,18674045.0
Jaipur,1020.9603101793197,1,2,13.26963584619735,1,Fully Furnished,Ground,3,0,0,1,0,0,0,6587712.0
Lucknow,1835.5130056944245,3,3,10.393014330483435,1,Fully Furnished,Ground,3,0,0,2,0,0,1,13374389.0
Ahmedabad,1665.0749746959693,3,2,40.17464681144869,1,Fully Furnished,Ground,2,0,1,0,0,0,1,11532663.0
Kolkata,2141.869716850704,2,2,12.634115281903869,1,Unfurnished,Top,2,1,0,1,1,1,1,16958613.0
Delhi,1523.4392716516556,2,2,9.89058010690044,0,Fully Furnished,Top,3,0,0,0,1,1,1,22925899.0
Kolkata,591.8667499330021,2,2,30.502208872593194,2,Unfurnished,Top,1,0,1,1,0,0,1,4016046.0
Hyderabad,649.9395655858691,3,2,1.1117834368918627,0,Fully Furnished,Mid,1,1,0,2,0,1,0,7072157.0
Mumbai,1867.8403818798668,2,2,16.007852021433916,1,Fully Furnished,Ground,3,0,0,2,1,0,1,27967408.0
Chennai,1214.9032011509235,2,2,1.7991152828674006,1,Unfurnished,Mid,2,1,0,0,1,0,0,11019269.0
Jaipur,1718.3838755552488,3,3,25.707119438648583,1,Unfurnished,Ground,1,1,1,2,1,1,0,10879551.0
Delhi,1557.116322251178,3,2,23.60137728003083,1,Fully Furnished,Ground,3,0,1,0,0,0,0,18390144.0
Kolkata,1416.5801661530397,3,1,10.505599419825064,0,Fully Furnished,Ground,4,0,1,0,0,0,0,10553955.0
Mumbai,1451.8193572058883,3,3,16.22828124487544,2,Semi Furnished,Ground,2,0,0,0,1,1,0,19345090.0
Chennai,1067.3052474773867,2,1,22.217101358044822,2,Unfurnished,Ground,2,0,0,0,1,0,1,6790480.0
Chennai,1492.1111555501645,4,2,9.904505003821322,1,Semi Furnished,Ground,3,1,0,0,1,1,1,15377935.0
Hyderabad,1207.7532836028006,1,2,35.460193068988474,0,Semi Furnished,Ground,2,1,0,1,1,0,0,6599540.0
Lucknow,1313.8717399371476,3,3,8.617934320143998,0,Semi Furnished,Top,3,0,0,2,0,0,1,8969468.0
Jaipur,1338.1754776454195,3,2,33.38748821119279,0,Unfurnished,Top,4,0,1,2,1,0,0,7756724.0
Bangalore,1386.6533650506403,5,2,13.110831806190067,1,Fully Furnished,Mid,2,1,0,1,0,1,1,20731611.0
Jaipur,1961.0867282535432,3,2,8.333246658988703,1,Fully Furnished,Ground,3,1,0,0,1,1,1,14914911.0
Hyderabad,1435.1045853976532,2,3,0.06158928313910134,1,Unfurnished,Mid,4,1,0,0,0,1,1,14489324.0
Pune,2011.8511682950493,3,2,5.255194905409882,1,Semi Furnished,Top,4,1,0,0,1,1,0,25749995.0
Lucknow,2268.927475663241,3,2,30.365381673074705,2,Unfurnished,Mid,3,0,0,1,0,0,0,10092970.0
Delhi,1927.4723255280746,3,3,8.39794799100873,0,Fully Furnished,Mid,2,1,0,1,1,0,1,30623711.0
Lucknow,1767.2342675342557,2,2,8.208934944520806,1,Unfurnished,Ground,3,1,1,0,0,1,0,10593459.0
Hyderabad,1663.4161047417601,3,1,10.082845395782957,1,Semi Furnished,Mid,3,0,1,2,1,0,0,14342517.0
Hyderabad,1932.679354525035,2,3,5.059473326769973,2,Unfurnished,Mid,4,1,1,1,0,1,1,19495283.0
Delhi,1544.6803692981198,3,2,10.145863410877551,1,Fully Furnished,Mid,4,0,0,2,1,0,1,23818805.0
Delhi,1992.2849229785993,3,3,7.068380423414158,1,Fully Furnished,Top,3,1,0,1,0,0,1,31655517.125
Delhi,1807.052902644842,2,2,36.02655910459182,1,Fully Furnished,Ground,3,1,1,0,0,0,1,20957426.0
Lucknow,1320.0797696098061,4,2,12.450552385278218,2,Semi Furnished,Ground,3,1,1,1,1,1,1,9718518.0
Mumbai,1947.925440051403,3,2,26.950160356406798,2,Fully Furnished,Ground,2,1,0,2,0,1,1,25957210.0
Kolkata,1545.7400029887842,3,2,17.417248781523405,0,Fully Furnished,Ground,1,0,0,1,0,1,0,11988725.0
Ahmedabad,1446.933996193842,1,2,3.585340353577574,1,Unfurnished,Top,3,1,1,0,0,1,0,12099960.0
Delhi,1261.9004198005064,3,3,30.33634949772032,1,Unfurnished,Ground,1,1,0,1,0,0,1,11024521.0
Kolkata,1583.009423937286,3,2,1.3697406618308827,1,Semi Furnished,Mid,1,0,1,1,0,0,1,15281588.0
Ahmedabad,1998.2313077064919,4,3,8.930451680662234,1,Semi Furnished,Top,2,0,0,0,0,0,1,17427039.0
Lucknow,1944.4700027965187,1,2,4.099892707860941,1,Unfurnished,Mid,4,0,0,0,1,0,0,10560741.0
Kolkata,1676.6968987294783,1,3,11.568428428926767,1,Fully Furnished,Top,3,0,1,1,0,1,1,17516116.0
Delhi,1799.8218203625177,4,2,5.351186613381281,1,Unfurnished,Ground,2,1,0,0,0,1,1,21512792.0
Bangalore,2135.848395761279,5,1,19.24666119601714,1,Unfurnished,Ground,4,0,0,0,1,1,1,19559002.0
Hyderabad,1425.0168544145695,1,2,41.44996389959419,2,Fully Furnished,Top,3,0,0,1,0,0,0,10675817.0
Kolkata,942.2899982348969,3,1,18.521118946690287,1,Unfurnished,Ground,2,0,0,0,0,0,1,6266427.0
Chennai,2150.564926089286,2,2,6.5847940019181825,1,Unfurnished,Top,3,1,0,0,0,1,1,20106446.0
Chennai,1235.1108739846409,3,2,13.746984769748298,2,Fully Furnished,Ground,3,0,0,2,0,0,0,12913523.0
Kolkata,1154.8309383280478,4,4,32.9094708393592,1,Fully Furnished,Top,3,1,0,1,1,0,0,10138491.0
Delhi,601.9011223327243,2,3,4.721244535724839,1,Semi Furnished,Ground,2,1,1,2,1,1,0,9015055.0
Jaipur,1785.6415265821481,2,3,1.8869311254255,0,Semi Furnished,Ground,2,1,0,1,1,0,1,12617928.0
Delhi,689.2736877238893,1,2,2.1021090143987,1,Unfurnished,Top,3,1,0,0,0,1,0,8380424.0
Lucknow,1124.8705961541316,1,3,10.243587351479967,2,Semi Furnished,Mid,2,1,0,0,1,0,0,6616012.0
Delhi,1794.1183972575293,1,2,19.759152972313185,2,Fully Furnished,Ground,3,0,0,2,1,0,1,22327269.0
Lucknow,1860.960626204186,4,2,16.06164823408465,1,Fully Furnished,Top,4,1,0,1,1,1,0,15885319.0
Jaipur,1174.1479258908832,2,2,9.074009154729442,1,Semi Furnished,Ground,4,0,0,1,1,0,1,7541265.0
Bangalore,1432.9233365037974,3,2,19.601052638556638,0,Fully Furnished,Ground,4,0,0,1,1,1,1,16206513.0
Lucknow,1063.7027367969235,4,1,15.075597928549897,1,Fully Furnished,Mid,2,1,0,0,1,1,1,8253955.0
Pune,1225.8016060944087,3,2,14.842228919044091,0,Unfurnished,Top,3,0,0,2,0,1,1,11386510.0
Chennai,1633.1076300764535,3,1,3.3917770292044156,2,Fully Furnished,Mid,3,0,1,0,1,1,1,19349546.0
Hyderabad,1249.1766606017711,1,3,5.622222209023803,1,Unfurnished,Ground,4,0,1,1,1,1,1,10451206.0
Chennai,1377.8924799121655,3,3,6.3336230498802495,1,Fully Furnished,Top,3,0,0,0,0,1,0,16564695.0
Lucknow,767.6466591912166,2,2,24.76880900345655,0,Unfurnished,Mid,2,1,0,2,0,0,0,3579264.0
Pune,2066.4780824030686,4,2,22.38219102524563,1,Semi Furnished,Top,1,1,0,0,0,0,1,21054304.0
Mumbai,1755.0332965855328,2,3,4.3687817104003965,1,Unfurnished,Ground,3,1,0,1,1,1,0,23941759.0
Bangalore,1896.4526859186008,3,2,0.8509725196242982,1,Fully Furnished,Ground,2,1,1,0,0,0,1,28632654.0
Bangalore,2145.2126623084314,3,3,21.901297265342595,1,Unfurnished,Mid,2,1,0,2,1,0,0,21894916.0
Mumbai,1087.3935622271417,3,3,7.911089282974377,1,Unfurnished,Ground,4,1,0,1,1,1,0,14594153.0
Hyderabad,1320.802758485988,2,1,3.7231356552661192,1,Unfurnished,Top,2,0,0,1,1,1,0,12020687.0
Jaipur,552.5828162088945,2,1,1.8667377679534336,1,Semi Furnished,Ground,1,0,0,0,1,1,0,4251268.0
Ahmedabad,2858.437593116735,4,4,0.19346199732967154,2,Fully Furnished,Mid,2,1,0,2,1,0,1,31655517.125
Pune,1425.207342341312,1,4,8.372155992969434,0,Unfurnished,Ground,3,1,0,0,0,0,1,11716311.0
Lucknow,2019.363949957456,2,2,6.227364764813222,1,Semi Furnished,Mid,3,1,0,0,1,1,1,12635562.0
Ahmedabad,880.9194278322706,3,1,17.884129846432938,1,Unfurnished,Mid,2,1,1,0,0,0,0,6063906.0
Hyderabad,1998.1942128215046,4,2,56.367291311196595,1,Unfurnished,Mid,2,1,0,0,0,0,0,11384361.0
Jaipur,2428.795438324833,3,2,3.474869562705693,1,Fully Furnished,Mid,1,0,1,0,0,0,1,21308297.0
Bangalore,1469.8596254860092,3,3,4.176596523923244,0,Semi Furnished,Top,5,0,0,1,1,0,1,20476656.0
Lucknow,994.5592517051994,3,3,6.171551524924283,2,Unfurnished,Mid,2,1,0,0,0,1,1,7100263.0
Lucknow,1430.601799527232,2,2,9.408639873497375,0,Fully Furnished,Top,4,0,0,1,1,1,1,10710939.0
Jaipur,400.0,3,2,17.944965921431717,0,Unfurnished,Top,4,0,0,0,0,0,0,2153608.0
Chennai,1481.056649489079,4,3,6.508698429385863,1,Fully Furnished,Top,2,0,0,1,0,1,1,18773994.0
Pune,1910.4835696564978,5,2,1.6505806700788632,2,Semi Furnished,Ground,3,1,0,1,0,1,1,22585821.0
Jaipur,1482.1211778132429,1,1,19.658991664811797,0,Semi Furnished,Mid,3,1,0,0,0,1,0,7953627.0
Delhi,1357.9302226555162,3,2,23.744983703344836,1,Semi Furnished,Mid,5,0,0,1,0,0,1,13985024.0
Delhi,1763.7840580560164,3,2,4.268277762427648,1,Unfurnished,Ground,3,0,1,0,0,0,1,20736078.0
Jaipur,1802.0124234747764,1,3,2.2058726335543204,1,Semi Furnished,Mid,3,0,0,0,1,1,0,12016564.0
Bangalore,670.0472187474087,3,3,11.255323216070174,1,Semi Furnished,Ground,3,0,0,1,0,0,1,7313359.0
Jaipur,1544.4114811393943,2,2,3.5038621569880584,1,Fully Furnished,Mid,2,1,1,2,1,1,1,15488775.0
Kolkata,2717.9925621146217,3,2,7.029990264075034,1,Semi Furnished,Top,2,0,0,0,0,0,1,21663415.0
Hyderabad,832.4918771759881,2,2,22.533069630846374,0,Fully Furnished,Top,3,1,0,2,0,0,1,7168477.0
Delhi,1457.2905835834667,3,2,3.7193654305422745,2,Semi Furnished,Top,1,1,0,1,0,1,1,21916858.0
Ahmedabad,2470.8730610258513,3,3,24.618516168202262,0,Unfurnished,Mid,2,0,0,1,1,1,1,15085202.0
Jaipur,2052.0875782718376,3,2,16.813788177226158,1,Unfurnished,Top,3,1,1,1,0,1,0,15394663.0
Delhi,1243.3016596119692,3,3,3.7216494644801075,2,Semi Furnished,Ground,5,1,0,2,1,0,0,19652038.0
Hyderabad,1603.067689811302,2,3,11.211028657592417,0,Fully Furnished,Mid,4,0,0,0,1,0,1,14560130.0
Hyderabad,1498.9441600075884,3,2,14.28151873317054,0,Unfurnished,Mid,4,0,0,2,1,0,0,10934912.0
Ahmedabad,1125.9640978391662,4,2,3.3523298718565404,1,Unfurnished,Mid,3,0,0,2,0,1,1,8459347.0
Lucknow,1462.8739462534588,2,2,2.3489183316200433,1,Unfurnished,Top,4,0,0,0,0,0,0,8636637.0
Kolkata,1360.0169335967353,3,2,11.362659656956142,1,Fully Furnished,Top,3,0,0,0,0,1,1,14021594.0
Jaipur,1556.3744690383749,3,2,17.754768701718156,2,Semi Furnished,Ground,3,0,0,1,1,0,0,9555207.0
Mumbai,1125.8084096544833,3,2,9.384258200942197,1,Unfurnished,Ground,2,1,0,2,1,1,1,16380088.0
Jaipur,861.6908998776695,3,4,1.0891934467183555,2,Unfurnished,Mid,5,0,0,0,0,0,0,6636313.0
Lucknow,1479.3596133038145,3,1,38.896609260867685,1,Unfurnished,Ground,3,1,0,0,1,0,1,6865700.0
Pune,2357.55910908939,1,3,17.80995324767277,2,Unfurnished,Mid,3,1,0,1,0,1,0,19993420.0
Chennai,1541.1014631313983,3,1,14.561056687641807,1,Unfurnished,Top,2,1,0,1,1,1,0,13637002.0
Bangalore,1334.2031105342273,3,2,15.476660659635792,0,Unfurnished,Top,3,0,0,1,1,1,1,14995750.0
Lucknow,1877.0429025192493,1,2,7.627564823808804,1,Semi Furnished,Mid,5,0,0,0,1,1,0,11642152.0
Hyderabad,1420.8401937023107,3,2,62.40774558060413,0,Unfurnished,Top,4,0,0,2,0,0,1,8580726.0
Mumbai,2434.016462479555,3,2,2.135195589241777,0,Unfurnished,Top,4,1,0,0,1,0,1,31655517.125
Bangalore,1498.0437453524607,4,2,20.15665041899896,1,Unfurnished,Top,2,0,1,1,0,1,1,16874247.0
Delhi,1850.2485315790818,2,2,8.193578900716863,0,Semi Furnished,Mid,1,1,0,2,0,1,1,22817592.0
Jaipur,1122.6978088033636,5,2,31.94158851790375,1,Fully Furnished,Ground,2,0,0,0,1,1,0,7989868.0
Bangalore,1751.5446266683311,3,3,18.94848057341326,0,Fully Furnished,Mid,2,0,1,1,0,0,1,19386993.0
Delhi,1637.546738471877,3,3,12.391685803376456,1,Unfurnished,Mid,2,0,1,2,0,1,0,20908461.0
Chennai,1471.746937670396,2,3,41.63537522480533,2,Semi Furnished,Top,3,1,0,1,1,0,1,12874155.0
Delhi,1249.12111941514,3,1,36.53204087224922,1,Semi Furnished,Top,2,1,0,1,0,0,0,13381509.0
Mumbai,1180.9849171738128,4,4,0.8062973281566531,0,Fully Furnished,Ground,4,1,0,2,0,0,0,23172806.0
Hyderabad,1641.1763319898262,3,3,3.208818990599692,1,Fully Furnished,Mid,4,0,0,1,1,1,0,18751109.0
Lucknow,1814.4695548482368,3,3,16.907333311453673,1,Semi Furnished,Ground,2,1,0,1,1,0,1,10512370.0
Ahmedabad,1436.4186018529342,3,2,38.23484900759372,1,Unfurnished,Ground,3,0,1,0,0,0,0,7108104.0
Lucknow,1643.6339645603962,3,2,8.440470564403457,1,Semi Furnished,Mid,3,0,0,0,0,0,1,10322868.0
Lucknow,1481.0426609336153,2,3,0.5858727230562658,1,Fully Furnished,Ground,2,0,0,0,1,0,1,11469584.0
Delhi,1549.2630124526938,3,3,15.462787575986074,0,Semi Furnished,Mid,4,0,0,1,0,0,1,18364128.0
Jaipur,1399.7775086613874,3,3,3.2478638074925708,1,Unfurnished,Mid,2,0,0,2,0,1,0,10302350.0
Bangalore,1508.9862896841541,2,2,12.05520688932788,0,Unfurnished,Ground,3,1,0,0,0,1,0,15007951.0
Ahmedabad,2849.020228408713,3,2,7.284271756943547,0,Fully Furnished,Ground,2,0,0,0,1,1,1,22852416.0
Ahmedabad,1655.8171494037124,4,2,12.247598598219835,0,Semi Furnished,Mid,4,0,0,0,0,1,1,12186891.0
Bangalore,1822.6484792155215,3,3,40.420270657247826,1,Semi Furnished,Top,3,0,0,1,1,0,0,18958903.0
Bangalore,1719.0118026640484,3,1,9.977161986389143,2,Unfurnished,Top,4,1,0,1,0,0,0,20170954.0
Hyderabad,1368.5915883514704,4,2,0.5270854692728649,1,Semi Furnished,Mid,2,0,0,1,0,0,1,13447962.0
Mumbai,2146.994606645834,2,3,13.045329621160668,1,Unfurnished,Top,1,0,0,0,0,1,0,29371356.0
Chennai,1354.4181147868294,1,2,5.912215314837887,1,Unfurnished,Ground,2,0,0,2,0,1,0,10783539.0
Mumbai,2027.5272744712756,2,1,22.585285037015318,1,Semi Furnished,Ground,4,0,0,2,1,0,0,23026596.0
Bangalore,1332.8965009667756,2,3,9.52114979751483,1,Fully Furnished,Top,2,1,0,0,0,0,0,17550661.0
Jaipur,1020.0137404279795,2,1,20.28539494413866,2,Semi Furnished,Top,2,0,1,0,1,1,1,7376712.0
Kolkata,1682.6981041180966,3,2,35.92395930835949,0,Semi Furnished,Mid,3,0,0,0,1,1,1,10979266.0
Kolkata,947.6658219489467,3,3,6.747698119259494,1,Fully Furnished,Ground,2,1,1,0,1,1,1,11025651.0
Chennai,1767.8201125083046,3,3,68.17229563673538,2,Semi Furnished,Top,4,1,0,1,0,0,1,13899577.0
Bangalore,902.9206719543416,3,3,2.4344819401654365,1,Unfurnished,Top,2,0,0,0,0,1,0,11475348.0
Kolkata,1340.4959847635732,4,2,15.489489926205934,1,Semi Furnished,Top,3,1,1,2,1,1,0,14673476.0
Chennai,784.1351517376293,2,2,0.5307957129943712,1,Unfurnished,Top,3,1,0,1,0,0,0,7469618.0
Ahmedabad,2858.437593116735,3,3,3.5939855326375474,1,Fully Furnished,Ground,2,0,0,1,0,0,0,26806516.0
Chennai,673.0202201918428,3,2,15.067757806628501,0,Semi Furnished,Mid,2,0,0,0,0,1,0,5145552.0
Ahmedabad,1504.9068701982021,4,2,0.7093891889834454,0,Semi Furnished,Ground,3,1,0,0,0,1,1,12441698.0
Hyderabad,2071.652137165007,2,2,1.6102220999309051,0,Fully Furnished,Mid,2,1,0,0,1,0,0,20180296.0
Kolkata,2018.1929542935127,2,2,5.158720440368841,1,Fully Furnished,Top,2,1,0,0,0,1,1,20732558.0
Chennai,1925.6710610865687,3,2,12.857495675779585,1,Unfurnished,Top,1,0,1,0,0,1,1,18113809.0
Chennai,1341.3858058892622,3,2,0.24167480739000116,1,Fully Furnished,Mid,4,1,0,0,1,0,1,16525816.0
Chennai,2175.544473168501,2,2,9.876962484350024,0,Unfurnished,Top,1,0,1,2,1,1,0,21688097.0
Jaipur,1956.6955454010913,3,4,14.742218286030091,2,Fully Furnished,Ground,4,1,1,0,0,0,1,17709510.0
Chennai,1606.1498088302383,2,2,7.725587043134778,1,Unfurnished,Mid,1,0,0,0,0,0,0,11562283.0
Jaipur,1620.2903788632962,5,2,1.050540994436297,0,Fully Furnished,Top,4,1,0,1,1,1,0,17204420.0
Lucknow,1348.0386761923137,2,2,14.1578056908548,1,Unfurnished,Top,3,1,0,1,1,0,1,8121830.0
Hyderabad,1045.1739870834808,2,2,13.96480023898256,2,Unfurnished,Top,3,1,0,0,1,1,1,9143574.0
Lucknow,2118.5754877393583,1,3,10.579582566093723,1,Semi Furnished,Mid,2,0,0,1,0,0,0,11803825.0
Pune,2156.103996800766,3,3,17.72072258366522,1,Unfurnished,Ground,2,0,0,0,0,0,0,15773127.0
Lucknow,1057.9454294850393,2,3,3.4941537235365017,1,Semi Furnished,Ground,3,0,0,1,1,0,1,6653027.0
Bangalore,1423.107417426904,3,3,17.02326703729617,1,Semi Furnished,Top,3,0,0,1,0,0,1,15456281.0
Ahmedabad,1428.2883917705356,4,3,2.641300821270307,0,Fully Furnished,Mid,3,1,0,0,1,0,1,14355429.0
Bangalore,1483.672048129845,2,2,7.480828331814303,1,Semi Furnished,Mid,2,0,0,2,0,1,1,16869107.0
Mumbai,1532.1474392937907,3,2,1.0493640083753815,1,Unfurnished,Mid,3,0,0,1,1,0,0,23280639.0
Lucknow,1973.43073082309,1,2,25.649429811583058,1,Fully Furnished,Top,3,0,0,2,0,1,0,11585588.0
Kolkata,1126.3913457566282,3,2,11.59043633804042,0,Unfurnished,Ground,2,0,0,0,1,0,1,6947952.0
Delhi,1076.8265042436701,2,3,53.13236284707726,1,Semi Furnished,Mid,5,1,0,2,1,0,1,10484174.0
Lucknow,2118.3098710714876,2,2,42.79438853457725,1,Semi Furnished,Ground,4,0,1,1,0,0,0,10646314.0
Hyderabad,1268.677629059351,3,2,80.0,1,Semi Furnished,Mid,2,0,0,0,0,0,0,8223353.0
Lucknow,868.4823232114669,2,2,1.6015254311677556,1,Semi Furnished,Mid,3,0,0,1,1,0,1,6052764.0
Jaipur,1257.4350289500649,4,2,13.993177464725365,1,Unfurnished,Ground,3,0,0,1,0,1,1,7941425.0
Mumbai,1334.9736323779996,3,2,7.8529703024592665,1,Unfurnished,Mid,2,0,0,2,0,0,0,18442523.0
Chennai,2277.4813638628825,3,3,11.410620762869357,1,Fully Furnished,Ground,3,1,0,0,0,1,0,23524194.0
Mumbai,1962.4131061883686,4,2,5.539182736049237,2,Fully Furnished,Mid,2,1,0,1,0,1,1,31655517.125
Mumbai,2073.760308316121,4,4,0.7389383353513578,2,Unfurnished,Ground,2,1,1,2,1,0,1,31655517.125
Ahmedabad,1909.986821173393,3,3,18.4521990172827,0,Unfurnished,Top,4,0,0,2,0,1,0,12766546.0
Delhi,1973.1218358076571,3,2,50.64043491691238,2,Semi Furnished,Mid,3,0,0,2,0,0,0,21008423.0
Mumbai,1155.958936709841,3,2,11.40154775651099,1,Semi Furnished,Mid,1,0,0,2,0,1,1,15989648.0
Ahmedabad,1400.6989223232579,3,3,5.997762351488233,1,Fully Furnished,Ground,3,0,0,2,0,0,0,11923539.0
Chennai,1005.0423434882256,3,3,41.7767831623315,2,Fully Furnished,Ground,5,1,0,0,1,0,0,8618475.0
Bangalore,1394.7559847314833,4,2,6.804079012490696,2,Fully Furnished,Ground,2,0,0,0,0,0,1,18266262.0
Chennai,1842.0524954673706,2,2,36.893705953527714,0,Unfurnished,Ground,3,0,0,2,0,0,1,10633272.0
Kolkata,1567.2916424061234,3,2,29.03696158627286,1,Fully Furnished,Top,4,0,0,1,0,0,1,12260408.0
Mumbai,2155.7404094801477,3,2,11.284256958321663,2,Unfurnished,Mid,4,0,0,0,1,1,0,27963350.0
Mumbai,929.2921038863904,4,3,16.945632189051157,1,Unfurnished,Mid,3,0,0,1,1,1,0,13382566.0
Bangalore,1750.1191753491198,2,2,18.075472649135573,0,Fully Furnished,Mid,4,1,0,0,1,1,1,20460705.0
Hyderabad,875.848599065341,3,2,15.37032553326091,2,Unfurnished,Top,1,1,0,0,0,1,1,7426478.0
Mumbai,1547.088234586821,3,2,2.628698842039183,0,Unfurnished,Ground,1,1,0,1,0,1,1,21280299.0
Delhi,1870.1667112782393,2,3,17.7026826728464,1,Fully Furnished,Top,2,0,0,0,0,1,1,25767007.0
Pune,1392.7487165878904,3,3,0.048349099202046115,1,Fully Furnished,Mid,1,0,0,2,0,0,1,18883262.0
Mumbai,1775.563302043478,3,2,18.57001985985307,1,Fully Furnished,Mid,2,0,0,2,0,0,1,26455311.0
Pune,1020.1338325835329,2,2,12.139692417016876,0,Fully Furnished,Ground,4,0,0,1,0,1,1,9723760.0
Chennai,668.1550109018085,3,2,4.511720869797974,0,Semi Furnished,Ground,4,1,0,0,0,0,0,6213337.0
Lucknow,1778.5148112439015,5,2,24.426585288409548,0,Semi Furnished,Top,2,0,0,0,0,0,1,10317630.0
Hyderabad,2372.0051170378665,5,3,7.794941822915085,1,Semi Furnished,Mid,5,0,0,1,1,1,0,25962896.0
Ahmedabad,1001.977529915054,3,2,9.976479217397694,1,Fully Furnished,Top,3,1,0,1,1,0,1,10608871.0
Jaipur,2111.0970900533976,3,1,0.4209706569884583,1,Semi Furnished,Mid,2,0,0,0,1,1,0,16546776.0
Hyderabad,1521.7117044082056,2,2,7.695412836662133,1,Fully Furnished,Ground,3,1,1,1,1,0,1,17185725.0
Jaipur,832.154239153462,5,1,2.747358853107055,0,Semi Furnished,Ground,3,0,0,1,0,0,0,5619322.0
Chennai,934.2473493239187,2,2,4.84742776069725,2,Unfurnished,Mid,1,1,0,0,1,1,1,9018323.0
Hyderabad,1507.892386680325,3,2,4.3580822095594245,0,Fully Furnished,Ground,5,0,0,0,1,0,1,13221402.0
Ahmedabad,1297.7688560379481,1,1,0.7067010620755402,1,Semi Furnished,Mid,3,0,0,2,1,1,1,8498014.0
Jaipur,843.5435116208805,3,3,9.256535753699259,1,Semi Furnished,Ground,3,1,0,1,1,1,1,6606985.0
Bangalore,652.9803593872974,2,2,11.090770097134309,0,Fully Furnished,Ground,5,1,0,0,0,1,1,7052780.0
Delhi,1076.640336036747,3,2,12.696665374702263,0,Unfurnished,Top,4,1,0,0,1,1,0,12433800.0
Hyderabad,1596.904504165559,3,2,9.304579464243776,2,Semi Furnished,Ground,2,1,0,0,1,0,1,14707002.0
Chennai,1496.7996236984309,3,2,30.54882236819582,1,Fully Furnished,Mid,1,0,0,0,1,0,0,10678130.0
Mumbai,1249.381021249961,2,2,0.5761196763694667,1,Semi Furnished,Mid,2,1,0,1,1,0,1,19869939.0
Ahmedabad,1600.9435971457415,4,1,14.271332887371942,2,Unfurnished,Mid,2,0,0,1,1,1,1,11052967.0
Jaipur,2020.0133599313438,1,1,30.16347969096435,2,Fully Furnished,Top,5,0,0,0,0,1,0,11906249.0
Jaipur,1697.063255217074,3,2,0.6285924945878619,0,Semi Furnished,Mid,4,0,0,1,1,1,0,12731346.0
Delhi,1439.3456643052098,3,1,10.28682483517543,0,Semi Furnished,Top,1,0,0,1,1,1,0,19117272.0
Jaipur,1964.0360033303443,4,1,13.338423441066475,1,Fully Furnished,Top,5,0,0,1,1,0,1,17506147.0
Pune,1020.0748488918525,2,3,3.1775979949817033,0,Unfurnished,Ground,2,1,0,2,0,1,0,9880653.0
Kolkata,1387.5402302223242,3,2,4.365316789677304,1,Semi Furnished,Ground,4,0,0,0,1,0,1,10549871.0
Pune,1399.456032199816,3,2,23.098211630658348,1,Unfurnished,Top,2,0,1,1,1,1,1,12975155.0
Jaipur,881.5233707785774,4,2,12.569049564999267,1,Fully Furnished,Mid,2,1,0,0,0,0,1,7456406.0
Ahmedabad,1290.0629188578212,2,1,5.69210807466389,1,Semi Furnished,Top,3,1,0,1,1,0,1,11308438.0
Hyderabad,462.52015955234856,3,3,21.706930494055914,2,Semi Furnished,Ground,3,1,0,0,1,1,0,3689253.0
Chennai,2456.089023831477,2,1,20.59863313615474,0,Unfurnished,Top,2,0,0,1,0,0,1,17331515.0
Mumbai,1031.2931057818435,1,1,6.356004663689731,1,Unfurnished,Mid,4,0,0,0,0,1,0,11593705.0
Hyderabad,2293.057065710656,2,2,10.060445367437918,1,Unfurnished,Top,4,1,1,0,0,0,0,20235372.0
Bangalore,1519.0422528597462,5,1,16.38284636933974,1,Fully Furnished,Ground,2,0,0,0,0,1,1,18808572.0
Hyderabad,1782.4320660779795,2,2,6.306759892885648,0,Unfurnished,Top,3,0,0,1,0,0,0,14009456.0
Hyderabad,1255.6001008245341,4,2,14.873678749146466,1,Semi Furnished,Mid,2,0,0,2,1,1,1,11737478.0
Chennai,1603.9648459808373,2,2,4.336721088068496,2,Fully Furnished,Mid,2,1,0,2,0,0,1,18301080.0
Delhi,1825.244819994218,4,1,5.180109046161213,1,Fully Furnished,Ground,4,0,0,2,1,1,1,28259140.0
Jaipur,1832.276207197091,3,4,5.580585034978772,0,Fully Furnished,Ground,2,0,0,1,0,1,1,15504706.0
Delhi,1887.3866950371785,2,2,41.245925246403786,1,Semi Furnished,Ground,4,1,0,1,1,1,0,17540987.0
Bangalore,1315.833644980412,3,2,26.90691586385125,0,Unfurnished,Ground,3,1,0,1,1,1,0,10249731.0
Lucknow,1259.8201637543225,3,3,12.491863106728458,1,Fully Furnished,Top,2,1,0,1,1,1,1,11132284.0
Mumbai,702.9118373661983,3,3,12.447299713468208,2,Fully Furnished,Ground,5,1,0,0,1,1,1,12942686.0
Pune,1761.6095055884684,3,2,0.8667650838756998,1,Semi Furnished,Mid,3,0,0,0,0,0,0,18982810.0
Mumbai,2041.1893556617215,3,3,15.726263667352509,0,Semi Furnished,Ground,3,0,0,0,0,1,1,25425848.0
Jaipur,2307.990839958965,3,2,5.965129702294265,1,Unfurnished,Top,3,1,0,1,0,1,0,17067032.0
Mumbai,1652.5863172902539,4,2,14.2128268355978,0,Unfurnished,Top,2,1,0,0,1,0,1,22866174.0
Kolkata,1116.7601135457153,3,3,27.51065183261797,1,Unfurnished,Top,3,1,0,1,0,1,0,7971799.0
Pune,651.4519283552723,4,3,0.6984879138006255,0,Semi Furnished,Top,1,0,0,2,1,0,1,8391510.0
Bangalore,2020.8333665416753,4,1,14.011608996850539,0,Fully Furnished,Mid,3,0,0,0,1,1,1,26024597.0
Jaipur,601.8617166112322,1,2,12.458599000144352,1,Fully Furnished,Ground,3,1,0,0,0,0,0,4062744.0
Ahmedabad,1329.6979611281167,1,3,3.4745657829767613,2,Semi Furnished,Ground,2,1,0,0,0,0,1,10305460.0
Bangalore,1387.8465860281772,3,1,15.595232010322604,1,Unfurnished,Ground,4,1,1,0,1,0,0,12754552.0
Kolkata,1465.2724310744902,3,3,12.139662068226173,1,Fully Furnished,Ground,4,0,0,0,1,0,0,13126931.0
Pune,1517.90130001792,2,2,21.87137539434578,0,Fully Furnished,Ground,3,0,0,1,0,0,0,12321269.0
Chennai,1569.0737781837875,2,2,1.7584361743068153,1,Semi Furnished,Ground,2,0,0,1,0,1,0,13489692.0
Kolkata,400.0,3,2,8.79421553397341,1,Unfurnished,Ground,3,1,0,1,0,1,0,2989680.0
Bangalore,1507.3279549350634,3,2,80.0,2,Fully Furnished,Top,3,0,0,0,0,1,1,17021893.0
Jaipur,400.0,2,1,17.532987355292516,0,Unfurnished,Top,3,0,0,0,0,0,0,1967141.0
Lucknow,1866.1090365454975,4,2,17.29435880281666,0,Semi Furnished,Mid,3,1,1,1,0,1,1,12760100.0
Jaipur,1222.437422098194,3,2,5.73804954872193,0,Semi Furnished,Top,3,1,0,1,0,1,1,10320485.0
Pune,421.48163738832477,3,3,1.478887129360107,2,Unfurnished,Mid,4,1,0,0,1,1,1,5011555.0
Lucknow,1092.897661307312,3,2,44.7850585115751,1,Fully Furnished,Ground,5,0,0,0,1,1,0,5874607.0
Delhi,1214.962330407673,2,2,1.6718761004060736,1,Fully Furnished,Ground,3,1,0,0,1,0,1,18326305.0
Pune,2095.3498087775024,3,1,73.81118656561615,1,Fully Furnished,Top,3,0,0,0,1,1,0,18993486.0
Pune,1598.3188708751225,2,2,2.0163649662932763,2,Unfurnished,Top,3,1,0,0,1,1,0,15964198.0
Kolkata,1672.22247217529,1,2,2.8113505073354865,0,Unfurnished,Ground,1,1,0,0,1,1,0,11327369.0
Jaipur,2090.6108171103006,3,4,5.5304961881674215,0,Fully Furnished,Ground,2,0,0,1,0,0,0,18233636.0
Bangalore,1451.9278560377552,2,3,10.773135119329027,1,Semi Furnished,Top,2,0,0,1,1,1,0,18729704.0
Chennai,1877.0939805162016,3,3,23.438433131612506,1,Semi Furnished,Ground,5,1,0,0,0,0,0,15183853.0
Mumbai,1841.930556965996,3,1,53.1111864539236,1,Fully Furnished,Top,4,0,0,1,1,0,1,21202232.0
Hyderabad,856.7652532152938,2,3,6.666789941079021,1,Unfurnished,Ground,2,0,0,2,1,1,0,6851823.0
Chennai,2236.491788814915,1,2,0.30936479824124524,1,Fully Furnished,Top,3,1,0,1,0,0,0,26203734.0
Mumbai,789.8491099646527,4,2,14.383258276579385,2,Semi Furnished,Top,2,0,0,0,1,1,1,12408241.0
Delhi,1958.683324738924,1,2,18.60902597084088,2,Semi Furnished,Ground,2,1,1,1,1,0,1,24201559.0
Bangalore,741.4634815471836,3,2,7.5986254437122405,0,Semi Furnished,Ground,3,0,0,1,1,1,0,8012424.0
Jaipur,1800.6183940758367,3,1,3.0404854984708303,1,Fully Furnished,Top,3,1,0,0,0,0,0,15077646.0
Ahmedabad,2430.9574390750863,4,2,5.479586842978398,1,Fully Furnished,Mid,4,0,0,0,0,1,1,22663168.0
Pune,1393.5106717248943,4,1,15.997973260436929,1,Semi Furnished,Mid,2,0,1,1,0,0,0,13994466.0
Chennai,1371.8221785734268,3,1,10.22370116579793,0,Semi Furnished,Mid,3,0,0,1,0,0,0,10876246.0
Mumbai,1805.2199996584245,2,3,20.404957104505613,1,Semi Furnished,Mid,3,1,0,1,1,0,0,23705273.0
Ahmedabad,1335.3017720187286,3,4,3.691773991976826,2,Semi Furnished,Ground,4,0,0,1,0,0,1,11700557.0
Chennai,2409.139351871411,2,3,27.676038400550194,0,Unfurnished,Mid,3,0,0,1,0,0,1,13910772.0
Bangalore,1596.0961247293478,2,2,2.5419966125085223,2,Fully Furnished,Mid,2,0,0,1,0,1,1,22303689.0
Jaipur,1339.9152458896372,3,1,6.0052702358861865,0,Unfurnished,Top,2,0,0,2,0,1,0,8929975.0
Lucknow,1229.8572360521584,3,1,13.418218564443356,1,Semi Furnished,Top,2,0,0,1,1,0,1,7895932.0
Chennai,1033.5257649134896,2,2,20.026217973332493,1,Semi Furnished,Ground,5,0,0,0,1,0,0,6672664.0
Chennai,1186.122506621255,2,4,4.642402753623838,1,Unfurnished,Top,3,1,0,1,1,1,0,12546654.0
Jaipur,1324.6633031707017,4,2,44.38225231339643,2,Unfurnished,Mid,2,0,0,1,1,0,0,7830657.0
Delhi,1256.18046325071,4,3,18.368311463599817,2,Unfurnished,Mid,3,0,1,0,0,0,1,15426893.0
Kolkata,1170.9123629314481,3,3,3.682275965213124,1,Semi Furnished,Ground,2,0,0,1,0,1,0,9752262.0
Chennai,2549.42061517622,3,2,19.40657743679753,1,Fully Furnished,Ground,3,0,0,1,0,0,1,20236017.0
Jaipur,984.9524617552551,4,3,17.877387906913366,1,Fully Furnished,Mid,1,0,0,1,0,0,1,7354435.0
Kolkata,1573.3162938230873,3,2,20.956330472472,0,Unfurnished,Top,4,0,0,0,0,0,1,10277091.0
Jaipur,1796.260504880436,3,2,37.13279315359079,0,Unfurnished,Top,5,0,0,0,0,1,0,9091962.0
Jaipur,1815.0539977918663,3,3,18.657199282154345,1,Unfurnished,Ground,4,0,0,1,0,0,1,10161614.0
Delhi,1470.696462108764,2,2,6.5058923295618705,1,Semi Furnished,Ground,2,1,0,0,1,0,1,18013890.0
Jaipur,1379.6487140763452,3,2,23.446724536480158,1,Unfurnished,Ground,4,0,0,1,0,1,0,7044499.0
Bangalore,1725.7737456197533,2,2,17.854094053038896,2,Semi Furnished,Mid,2,1,0,0,0,0,0,16430192.0
Chennai,1633.2608249891005,3,3,12.808868030733072,0,Fully Furnished,Top,4,1,0,0,1,0,1,19391309.0
Mumbai,1370.5205826162432,3,1,6.55045694393723,0,Semi Furnished,Top,2,0,1,0,0,0,0,21030428.0
Mumbai,719.0607141377847,2,3,38.08395159781245,2,Unfurnished,Top,1,0,0,1,0,1,1,8433337.0
Mumbai,1266.0381388333763,4,1,10.784815115346781,1,Semi Furnished,Mid,4,0,0,1,1,1,1,18832257.0
Jaipur,926.7249181462711,2,2,14.83709037885627,1,Semi Furnished,Ground,2,0,0,0,0,1,0,5036823.0
Ahmedabad,1166.4202249668367,3,2,8.051464316039468,0,Semi Furnished,Top,3,0,0,0,0,0,1,9215289.0
Kolkata,1516.6116192584798,3,2,22.7676084874602,2,Semi Furnished,Mid,2,0,0,1,0,1,1,10763878.0
Kolkata,1679.368071998308,3,2,6.256375429060997,0,Semi Furnished,Top,4,1,0,1,1,1,1,15148383.0
Jaipur,2390.226375646203,3,3,24.961135441120614,0,Semi Furnished,Mid,3,0,0,2,0,1,0,14703184.0
Bangalore,1231.2968105480932,3,3,1.7133522845040943,0,Fully Furnished,Top,4,1,0,0,1,1,0,19601215.0
Bangalore,1887.3128176375753,4,3,18.514516085371802,1,Fully Furnished,Ground,1,0,0,0,0,0,1,22599442.0
Pune,1652.9800122189183,5,1,9.719227563349824,2,Fully Furnished,Top,4,1,0,1,1,1,0,23472757.0
Jaipur,2147.998835319895,3,1,17.997399320608185,0,Unfurnished,Mid,3,0,0,2,1,1,0,12028223.0
Hyderabad,1788.114359797813,4,1,11.369946827138884,0,Fully Furnished,Top,2,1,0,2,0,0,0,18352712.0
Delhi,995.7592863568418,1,1,2.1633624020448274,1,Unfurnished,Mid,2,0,1,0,1,0,0,11690156.0
Mumbai,638.4769853543844,4,3,9.722364660244084,2,Fully Furnished,Mid,4,1,0,1,1,1,1,12523677.0
Delhi,1655.6308498337523,5,2,50.09827663825411,0,Semi Furnished,Top,1,0,1,2,0,0,0,20971398.0
Mumbai,1235.7745010498047,3,3,21.08770009190605,1,Semi Furnished,Mid,4,1,0,2,0,1,1,18845247.0
Lucknow,1009.8431270247013,4,2,5.3541807508794985,1,Fully Furnished,Mid,4,0,0,0,0,0,0,8101021.0
Lucknow,866.2111477334612,3,2,43.2666603600041,2,Fully Furnished,Ground,2,0,0,0,1,1,1,5469275.0
Jaipur,1580.4877487935778,2,3,22.64024276045755,1,Unfurnished,Ground,4,0,0,1,1,0,0,8758785.0
Lucknow,2253.8538496566825,4,3,6.798899751599918,0,Unfurnished,Ground,2,1,0,1,1,0,0,13859785.0
Ahmedabad,1295.6638271469792,3,3,13.878987030503085,1,Unfurnished,Mid,1,1,1,1,0,1,1,10213348.0
Pune,1795.1351555376611,3,3,8.344815430264328,0,Semi Furnished,Top,3,0,0,1,1,0,1,19024273.0
Bangalore,1448.8668248912038,3,3,1.5253488063379839,1,Fully Furnished,Top,3,0,0,2,0,1,1,24987920.0
Ahmedabad,855.3089554483035,4,3,24.60073065889131,0,Unfurnished,Ground,2,0,0,0,1,0,0,4543509.0
Delhi,1867.4056717552087,3,3,3.180794048756464,0,Fully Furnished,Mid,3,0,0,0,1,0,0,28978696.0
Delhi,952.6539779863143,2,4,9.18839905738248,1,Fully Furnished,Ground,2,1,1,1,0,0,0,14632205.0
Lucknow,1510.8133152967823,3,1,18.192081505475972,2,Fully Furnished,Ground,1,0,0,2,0,1,1,9877814.0
Bangalore,1329.2397924973475,5,3,40.37092506782446,1,Semi Furnished,Mid,3,0,0,2,0,1,1,14823006.0
Pune,1946.538717282846,3,2,0.9716957004841765,0,Semi Furnished,Ground,3,0,0,0,0,0,1,18517211.0
Mumbai,970.9245037646567,4,1,7.494170013946428,0,Unfurnished,Mid,2,0,0,0,0,1,1,12971093.0
Ahmedabad,1695.43495390098,4,2,14.303960441351448,0,Fully Furnished,Ground,3,0,0,0,0,1,0,12985924.0
Pune,1080.1012963256496,3,3,22.664896949415983,0,Unfurnished,Top,1,0,0,0,0,0,0,8315576.0
Chennai,1244.4473938356075,3,2,38.06154925767595,1,Fully Furnished,Ground,3,0,0,1,0,0,1,8818171.0
Kolkata,400.0,3,4,0.007461581329027091,1,Fully Furnished,Top,2,1,0,0,0,1,0,4796360.0
Lucknow,2546.049285808954,3,1,14.823383383507066,2,Fully Furnished,Ground,3,1,0,0,0,0,1,17105044.0
Mumbai,1775.278466413116,3,2,0.10441646269218055,2,Semi Furnished,Ground,4,0,0,0,0,0,0,24861875.0
Chennai,1116.3262570309178,4,2,23.21493547714867,1,Semi Furnished,Top,3,0,1,0,0,0,1,11580300.0
Mumbai,937.6721558335031,4,2,2.4319015139502618,2,Fully Furnished,Ground,2,1,0,2,0,0,0,18591380.0
Mumbai,1252.1756235603298,3,2,33.75282721886977,1,Unfurnished,Mid,4,0,0,2,1,1,1,13925063.0
Lucknow,1858.4397674097258,3,3,2.5284853047848577,1,Unfurnished,Top,2,0,0,1,1,0,1,12280427.0
Mumbai,553.9575372075373,3,1,21.67977656431623,2,Semi Furnished,Mid,2,1,0,0,0,1,1,7147229.0
Pune,1429.207790352831,3,1,5.122656087720648,2,Fully Furnished,Mid,3,0,0,0,0,0,1,15064421.0
Pune,2385.3209362313364,3,1,12.221381548529454,2,Semi Furnished,Top,2,1,0,0,1,1,0,26132569.0
Chennai,933.026832016098,4,3,14.064026937087895,0,Unfurnished,Ground,4,1,0,2,1,1,0,8523560.0
Delhi,1540.1925193818274,3,2,3.474454090252286,0,Unfurnished,Mid,3,0,0,0,0,0,0,18452741.0
Bangalore,2601.654907628879,2,2,5.322226193945692,2,Semi Furnished,Ground,2,0,0,0,0,0,0,29846438.0
Ahmedabad,1816.0758148453865,3,2,1.7060622777591337,1,Fully Furnished,Mid,2,0,0,0,0,1,1,16142441.0
Ahmedabad,1562.9619102427275,2,3,0.07954562519926685,1,Semi Furnished,Top,4,1,1,1,0,1,1,15723198.0
Hyderabad,1753.3182274545013,3,1,4.106057118466023,1,Semi Furnished,Top,5,1,0,1,1,1,1,18958629.0
Lucknow,1299.5673324951488,2,1,10.885128595700676,1,Semi Furnished,Mid,4,0,0,2,0,1,1,7777771.0
Jaipur,2149.81564265172,4,3,18.755344123418652,0,Fully Furnished,Top,2,0,0,0,1,0,1,16897075.0
Jaipur,1300.334988549894,2,4,23.66615474460226,1,Fully Furnished,Mid,4,0,0,2,1,1,1,9179958.0
Chennai,520.4091956320115,3,2,1.084786040591759,2,Unfurnished,Ground,2,0,0,1,0,0,0,4845751.0
Mumbai,1304.34844802977,2,2,4.770323152946582,1,Fully Furnished,Mid,1,0,0,2,1,0,0,21124761.0
Mumbai,1016.6327350616482,5,2,22.059753977193427,1,Fully Furnished,Mid,3,0,1,1,1,0,0,18150459.0
Lucknow,1359.4029939012853,3,4,9.833981673644352,1,Fully Furnished,Mid,3,0,0,2,0,1,1,9167447.0
Kolkata,1370.4579704596845,4,2,3.0168233906102833,0,Semi Furnished,Top,2,0,0,0,0,1,1,12881518.0
Delhi,2098.7115999024536,4,2,7.468986684745191,0,Unfurnished,Top,3,0,0,1,1,1,1,29984952.0
Hyderabad,1847.6463633321928,3,2,4.721363741787517,1,Unfurnished,Top,4,1,0,2,1,0,1,19548501.0
Pune,1631.6327437876982,4,4,0.7797214705065433,0,Semi Furnished,Mid,2,1,0,0,1,1,0,18834189.0
Mumbai,1498.5272943337025,2,3,21.63517243707905,1,Unfurnished,Top,3,0,1,1,0,1,1,20109587.0
Hyderabad,970.5709955710028,3,3,5.17317894828387,2,Semi Furnished,Top,3,0,0,2,0,1,0,10964589.0
Ahmedabad,409.41238116716136,2,2,43.542190944674466,1,Semi Furnished,Top,4,1,0,0,1,0,1,2720022.0
Kolkata,1556.5800056963915,4,2,32.85560195873761,2,Fully Furnished,Top,4,0,0,1,1,0,1,13329700.0
Pune,1897.3206017868295,5,2,18.896378422726222,1,Fully Furnished,Top,4,0,0,2,0,1,1,22605175.0
Lucknow,1445.8330583777054,4,2,5.932002579617436,1,Fully Furnished,Mid,3,0,0,1,0,1,1,12039096.0
Hyderabad,1232.5728386066498,2,3,4.925968436647833,0,Unfurnished,Mid,3,1,0,1,1,1,1,10894978.0
Chennai,1732.2510826071061,3,2,9.673113827986008,0,Fully Furnished,Top,3,0,0,0,1,1,0,18636150.0
Pune,1458.3338996878265,3,2,6.568333101693234,2,Unfurnished,Top,2,0,0,1,1,0,1,16165909.0
Lucknow,2342.8720959869806,2,3,34.71353912348069,0,Fully Furnished,Mid,3,0,0,0,0,0,0,11580534.0
Jaipur,2116.364171034142,2,2,1.9771954355371157,0,Fully Furnished,Mid,4,0,0,1,0,0,1,17029418.0
Lucknow,1979.7540285116647,3,3,19.33574946670606,2,Unfurnished,Top,3,0,0,2,0,1,1,12227871.0
Lucknow,1878.867057104952,5,3,14.158659905038776,2,Unfurnished,Ground,5,0,0,2,1,0,1,12569838.0
Pune,854.9162927742715,3,3,24.62176288512258,2,Fully Furnished,Top,2,0,0,0,0,1,1,10314296.0
Kolkata,1831.4968510262997,3,3,11.72926040336677,0,Semi Furnished,Ground,3,1,0,1,0,1,1,14162103.0
Pune,1688.1629788232876,3,3,14.895174471125603,0,Unfurnished,Top,2,1,0,2,0,1,1,14480495.0
Bangalore,1803.2123641955818,3,2,49.34777812413323,1,Unfurnished,Ground,2,1,0,1,0,0,1,14299228.0
Delhi,1746.3047434065263,5,2,1.4470283765241536,1,Fully Furnished,Ground,4,1,0,0,1,1,1,31655517.125
Kolkata,1726.381293924033,3,3,1.6617220513659838,0,Fully Furnished,Top,4,0,1,0,0,0,1,19694515.0
Chennai,2850.4332347747977,2,1,7.503421761578866,0,Unfurnished,Mid,1,0,0,1,0,0,0,19879536.0
Kolkata,1461.9071650240405,3,3,9.600717383161088,1,Fully Furnished,Mid,5,0,0,2,1,0,0,17234987.0
Ahmedabad,1968.1686904146652,5,2,3.344754250241446,1,Semi Furnished,Mid,4,0,0,2,1,0,1,17601292.0
Chennai,1264.5050948679984,3,2,1.2942840116079615,0,Unfurnished,Mid,4,1,0,1,1,1,0,12100022.0
Jaipur,1895.320791943836,3,2,0.33638769937350294,2,Semi Furnished,Top,2,1,1,2,0,1,1,17962759.0
Pune,1969.6599451162278,2,1,21.696542458605116,0,Unfurnished,Ground,3,0,0,0,1,0,0,12475202.0
Lucknow,1682.213038567674,2,4,9.955497428042598,2,Semi Furnished,Mid,2,0,1,0,0,0,1,11248606.0
Pune,2334.62347118825,4,3,27.811235963060586,2,Fully Furnished,Top,2,0,0,1,0,1,1,27863860.0
Ahmedabad,1057.8619818197913,3,2,6.713942081854349,1,Fully Furnished,Top,2,1,0,2,0,0,0,9998999.0
Hyderabad,1256.389529165889,3,3,18.23289586201521,1,Unfurnished,Mid,4,0,0,0,0,0,1,9008490.0
Ahmedabad,1606.1900430117448,3,2,10.056717244762112,0,Unfurnished,Mid,3,1,0,1,1,0,1,11442385.0
Bangalore,1940.4034267421112,5,3,14.203955466470557,2,Semi Furnished,Mid,2,0,0,1,0,1,1,25870184.0
Lucknow,1589.7147606474666,2,3,6.9352193196306375,0,Fully Furnished,Mid,4,1,0,0,1,0,1,12246200.0
Lucknow,2142.879518255283,4,2,1.2698086137675342,1,Fully Furnished,Top,1,0,0,0,1,0,0,19399343.0
Mumbai,1169.1550645168404,3,2,44.16805568989304,1,Semi Furnished,Top,4,1,1,0,1,0,0,15907190.0
Hyderabad,929.7107552557228,4,2,27.126553274266733,0,Unfurnished,Ground,2,0,0,0,1,0,1,5257017.0
Mumbai,1654.0641682682524,5,4,5.6071372043904555,2,Semi Furnished,Ground,3,0,0,0,0,0,1,26574289.0
Jaipur,1461.4098619431518,3,3,47.80445790130811,2,Semi Furnished,Top,3,0,0,1,0,1,0,9041419.0
Delhi,1771.43186017911,2,3,5.3606006328176505,0,Semi Furnished,Ground,4,1,0,0,1,1,0,22717528.0
Delhi,1486.298854566748,2,3,8.777581832849902,1,Semi Furnished,Top,3,1,0,0,1,0,1,20279499.0
Pune,1329.9901046882715,4,2,21.105764083391907,1,Unfurnished,Mid,2,0,0,0,0,0,1,9737602.0
Delhi,1462.5312141381382,2,3,5.54432404989805,2,Semi Furnished,Top,2,0,0,2,1,1,0,26733582.0
Lucknow,1514.4244473965925,2,2,5.884708996552477,0,Fully Furnished,Mid,4,1,0,2,0,0,0,10619116.0
Ahmedabad,1347.5093500758348,2,2,7.916580059038746,2,Unfurnished,Mid,3,0,0,1,1,0,0,9330706.0
Hyderabad,1398.4339768382858,3,3,9.477659048205256,0,Semi Furnished,Top,4,0,1,0,0,1,1,14916807.0
Pune,1298.203331506545,2,1,1.9792680577975321,0,Semi Furnished,Top,3,0,0,0,0,0,0,12598196.0
Pune,1928.3325599347033,4,2,0.2646966706389298,1,Fully Furnished,Mid,3,1,0,0,1,1,1,25987553.0
Hyderabad,1597.0105022528996,4,2,37.72872993520737,0,Semi Furnished,Ground,5,1,0,1,1,1,1,11762020.0
Lucknow,2628.376236084383,3,2,6.535508635674146,2,Fully Furnished,Top,3,0,0,1,0,0,1,23083669.0
Jaipur,1580.3522756392308,3,3,1.608577528752015,0,Fully Furnished,Mid,3,1,0,0,0,1,1,13637341.0
Jaipur,1224.5712648356691,3,4,21.355047160833152,2,Semi Furnished,Ground,4,0,1,0,0,1,1,9056533.0
Pune,2835.3376874315327,3,2,5.244653070391805,2,Unfurnished,Ground,1,1,1,1,1,0,0,31432820.0
Jaipur,1706.8131888571677,3,2,3.007235391670581,2,Unfurnished,Mid,5,1,0,0,0,0,0,11674374.0
Lucknow,1995.0623934464084,3,3,49.29569421534166,1,Semi Furnished,Top,2,1,0,1,0,0,1,11240585.0
Bangalore,1796.0514916012457,3,2,37.988068770878215,1,Semi Furnished,Ground,3,0,0,0,1,1,0,17116015.0
Bangalore,1811.5055146488744,3,2,1.6764790345335967,1,Unfurnished,Ground,5,1,1,1,1,1,1,25115707.0
Mumbai,1767.827025676237,3,3,34.431939245605946,2,Semi Furnished,Ground,4,0,0,2,1,1,1,21475490.0
Kolkata,948.9577176119674,3,3,33.227891654014094,0,Semi Furnished,Mid,2,1,0,0,1,1,0,6026098.0
Chennai,1683.764523780706,2,2,15.092187573145353,1,Fully Furnished,Ground,2,0,0,0,1,0,0,13585057.0
Delhi,837.5693480748805,3,3,11.31697942017337,2,Unfurnished,Ground,3,1,0,0,0,0,0,9075212.0
Jaipur,1412.8185817937328,3,2,3.6777418223172305,1,Fully Furnished,Mid,3,1,0,1,0,1,0,12799312.0
Bangalore,1137.1912717183563,3,2,1.941114754059316,1,Unfurnished,Ground,3,0,1,2,0,1,1,14455823.0
Ahmedabad,1678.735092924362,3,3,13.985122293064379,1,Fully Furnished,Mid,4,1,0,2,0,0,0,14403871.0
Hyderabad,1667.0631236691174,4,2,25.885974401198467,2,Unfurnished,Ground,4,1,0,2,0,0,1,12027184.0
Kolkata,1740.5729453825934,2,2,17.502267896376537,0,Unfurnished,Mid,1,1,0,0,0,1,0,9661694.0
Mumbai,1643.6482863745437,3,3,2.9914131280363923,2,Fully Furnished,Mid,2,0,0,0,1,1,0,31655517.125
Chennai,1196.5873291068006,3,3,5.137748447505943,0,Semi Furnished,Top,2,0,0,0,0,0,0,12729598.0
Bangalore,1369.4982553241603,3,2,11.858674496758999,2,Unfurnished,Top,1,0,0,1,1,1,0,16946324.0
Mumbai,1960.1980806272425,3,3,14.712139499900328,0,Semi Furnished,Mid,3,1,0,1,0,0,1,28086055.0
Kolkata,2033.9283386471998,4,2,1.1249369250884513,0,Semi Furnished,Mid,2,1,0,1,0,1,0,19569895.0
Hyderabad,926.6084506867254,2,1,14.280775444534726,2,Fully Furnished,Ground,3,1,0,0,1,0,0,6998968.0
Delhi,734.5361837436768,4,1,19.995251059479607,1,Semi Furnished,Ground,2,1,0,1,0,0,1,8398020.0
Bangalore,1136.555308397644,4,2,3.0016233629917597,1,Semi Furnished,Top,3,0,0,1,0,1,0,15150410.0
Hyderabad,2022.6037910161253,3,2,4.239795391022509,1,Unfurnished,Ground,3,0,0,2,0,1,0,17491002.0
Chennai,2107.442015091517,4,3,4.4942266351225655,1,Unfurnished,Mid,4,0,0,0,1,1,0,21545624.0
Jaipur,1037.6440597994142,3,2,42.153798746107924,0,Unfurnished,Mid,4,1,0,1,0,0,0,5169354.0
Kolkata,1653.6546768681692,3,2,7.83882098240824,0,Semi Furnished,Mid,3,0,0,1,1,0,0,12824765.0
Chennai,2417.215666570044,5,3,11.343587830337436,1,Unfurnished,Ground,2,1,0,2,1,1,1,23505713.0
Delhi,1707.6557386201669,2,2,19.327410159143042,0,Unfurnished,Ground,1,1,0,2,0,0,1,16902780.0
Hyderabad,2210.7516426165466,2,3,6.965340426403553,1,Unfurnished,Mid,1,1,0,0,0,1,0,17514516.0
Lucknow,1999.3632850415493,2,2,1.6732871441747732,2,Fully Furnished,Ground,4,1,0,1,0,0,1,14608131.0
Delhi,1044.9006468860446,3,2,15.933707986194808,1,Semi Furnished,Mid,4,0,0,1,0,0,0,11134662.0
Pune,1405.009288251461,2,3,16.506501685342712,1,Fully Furnished,Mid,1,1,0,1,1,1,0,17035099.0
Bangalore,1517.377239145924,4,1,4.5276848621468275,1,Fully Furnished,Mid,4,1,0,2,1,0,1,22679452.0
Jaipur,1552.06669401067,3,2,0.5379662709446242,0,Fully Furnished,Mid,3,0,0,0,0,1,1,13290364.0
Kolkata,1958.1644767192856,4,2,16.420192424779337,2,Unfurnished,Top,4,1,0,1,1,1,1,17047839.0
Ahmedabad,1704.3423811377043,2,2,18.231855062959433,1,Fully Furnished,Ground,3,1,0,1,0,1,0,12196812.0
Hyderabad,400.0,3,3,0.3961590356575091,1,Semi Furnished,Mid,2,0,1,0,1,0,1,4625260.0
Lucknow,843.579863453637,2,2,17.722570129579715,0,Fully Furnished,Mid,2,0,0,1,0,0,1,5097993.0
Ahmedabad,406.3095425119784,2,2,41.93566651464664,1,Fully Furnished,Mid,3,0,0,1,1,1,1,2768537.0
Bangalore,1587.682620327667,3,2,2.954560090207305,1,Semi Furnished,Ground,4,0,0,1,0,1,1,19764802.0
Bangalore,1620.2438247338805,4,2,11.050962104475422,0,Unfurnished,Ground,4,0,0,1,1,0,1,17090925.0
Kolkata,1641.612479305359,3,3,17.899274583809248,1,Fully Furnished,Top,3,0,0,0,0,1,1,14849630.0
Lucknow,1020.5358661426919,3,4,3.922018336248731,1,Semi Furnished,Top,3,0,0,1,1,0,1,8127011.0
Bangalore,1837.0720025599946,3,2,20.887637999035444,0,Fully Furnished,Mid,3,1,0,2,1,1,0,23940632.0
Ahmedabad,1858.1312482342646,1,1,30.384352535911354,1,Fully Furnished,Top,2,0,0,1,0,0,0,12181804.0
Lucknow,872.4254663974211,3,2,25.27462733712874,0,Unfurnished,Ground,5,1,0,2,0,0,1,3999181.0
Ahmedabad,766.9808992755638,2,2,4.494273701819088,0,Semi Furnished,Mid,2,1,0,0,1,1,1,6634690.0
Delhi,1499.9341568865311,4,2,24.461182798559705,1,Fully Furnished,Ground,3,1,0,2,0,0,1,19273536.0
Chennai,2395.8911368066797,4,2,7.999730604426776,1,Fully Furnished,Top,2,0,0,2,0,1,1,30225633.0
Lucknow,2349.871371099321,3,3,4.648167280988681,0,Semi Furnished,Mid,2,1,0,0,0,0,0,16681510.0
Mumbai,1781.7021802240263,3,1,2.7583281673208693,1,Fully Furnished,Mid,3,1,0,0,1,1,0,30952637.0
Chennai,1135.0016642099617,2,4,35.95037797136897,1,Unfurnished,Mid,3,1,0,1,0,0,0,8119336.0
Chennai,1943.4213297442925,3,2,8.350361514531071,1,Semi Furnished,Ground,2,1,1,0,1,1,0,21315026.0
Lucknow,1273.7878675954794,4,3,30.118671306899817,2,Unfurnished,Ground,3,0,0,2,1,0,1,6911899.0
Jaipur,1116.2464816630948,4,3,2.6071778093229425,2,Semi Furnished,Top,2,0,0,0,0,1,0,9639682.0
Bangalore,428.01658418900297,2,2,21.85033175322481,1,Fully Furnished,Ground,5,0,1,0,0,0,1,4742830.0
Delhi,1551.1910991738264,2,3,1.748232208277181,1,Semi Furnished,Top,3,0,0,2,0,0,1,24746243.0
Jaipur,1185.0663254313124,3,2,0.2658156045594192,0,Semi Furnished,Mid,1,0,0,0,0,0,0,8202694.0
Jaipur,1548.2151897642523,5,4,79.6234178839525,2,Semi Furnished,Ground,2,0,0,2,0,0,1,10064245.0
Mumbai,400.0,4,4,1.14572293504914,2,Fully Furnished,Ground,2,1,0,1,1,1,1,8405398.0
Hyderabad,1584.9133362918435,3,2,9.285643576517662,1,Fully Furnished,Ground,2,1,0,1,0,1,1,15542708.0
Lucknow,400.0,4,3,31.603471657613497,0,Unfurnished,Ground,3,1,1,1,0,1,1,1964226.0
Ahmedabad,2043.9701266342759,4,2,25.67036100052887,1,Unfurnished,Ground,2,1,1,1,0,1,0,13217653.0
Bangalore,1760.9456170675421,2,2,9.556485943470003,0,Fully Furnished,Mid,3,1,1,0,0,1,1,24688103.0
Jaipur,1360.667614287706,4,1,14.156798522671302,0,Fully Furnished,Mid,2,0,0,0,0,0,1,10784401.0
Delhi,1781.3599300410397,2,2,14.901876057698647,1,Semi Furnished,Mid,3,1,0,2,0,1,0,19525814.0
Hyderabad,1010.9628686682238,3,2,1.745057809290907,2,Fully Furnished,Mid,3,1,0,2,1,0,1,12490760.0
Mumbai,1536.1877578074461,2,2,5.030079172388364,0,Unfurnished,Top,3,1,0,2,0,1,0,22366575.0
Pune,1897.3870192301679,3,3,5.371206707532108,0,Fully Furnished,Top,5,1,0,0,1,1,0,22760406.0
Bangalore,400.0,4,2,7.125318559027719,0,Unfurnished,Top,2,1,0,1,1,0,0,4851149.0
Pune,1276.387820161238,3,4,4.801375239821379,2,Fully Furnished,Top,2,0,0,2,0,1,1,18087766.0
Chennai,1488.6779349318128,2,1,4.345230294430073,1,Fully Furnished,Top,5,0,0,1,1,0,1,17029114.0
Jaipur,1401.8531911271168,2,1,6.57258718566041,1,Semi Furnished,Mid,1,1,1,1,0,0,0,10189727.0
Kolkata,2228.5509131137023,3,3,7.151835159166386,1,Unfurnished,Top,4,0,0,2,0,1,1,18627329.0
Bangalore,938.0494375385578,3,3,10.018744305479954,1,Fully Furnished,Mid,2,1,0,0,1,0,0,13210660.0
Ahmedabad,1189.4203782773855,3,3,2.8589729468052694,0,Semi Furnished,Mid,3,1,0,1,1,1,0,11852430.0
Hyderabad,542.0654868457758,2,2,23.291374530627138,0,Semi Furnished,Ground,3,1,1,1,0,0,0,3775922.0
Delhi,2255.1433256365726,4,2,29.563403311215737,1,Unfurnished,Top,4,1,0,0,0,1,1,24847450.0
Bangalore,1376.8549286956,4,1,4.2785735855123495,1,Semi Furnished,Top,3,1,0,2,1,1,1,22200156.0
Ahmedabad,1280.7955559816464,3,2,1.973868746527142,0,Unfurnished,Mid,2,1,0,2,0,0,0,9473892.0
Lucknow,1473.758658844643,3,2,19.218855453435573,1,Unfurnished,Mid,3,1,0,2,1,1,0,8436264.0
Pune,1818.117914215162,4,2,38.70378675254196,0,Unfurnished,Ground,2,0,0,1,0,0,1,13252545.0
Lucknow,1673.6817017580624,3,2,0.5367136321409951,1,Semi Furnished,Ground,2,0,0,0,0,1,0,11892586.0
Hyderabad,2823.942106778544,3,3,0.21811787356836757,0,Semi Furnished,Mid,1,0,0,0,0,1,1,28709988.0
Mumbai,1726.9679442018873,3,3,3.0395562050003404,1,Unfurnished,Mid,2,1,0,1,0,1,0,25520798.0
Jaipur,1267.3772854154595,2,2,17.31786120381729,1,Semi Furnished,Mid,3,0,0,0,1,1,1,7483074.0
Bangalore,1219.3216312380264,3,2,50.19254687436349,1,Semi Furnished,Ground,5,0,0,0,1,1,1,9796193.0
Kolkata,1303.6205237915954,4,1,20.817290159289968,1,Unfurnished,Top,3,0,0,2,0,1,1,9012160.0
Pune,749.081537685081,2,1,12.765714241916355,1,Unfurnished,Ground,3,0,0,0,1,0,0,5005866.0
Pune,1519.932103745793,4,3,18.08708689212791,1,Semi Furnished,Ground,4,1,1,0,1,1,1,17072235.0
Bangalore,1891.7340531044586,3,3,3.9340811009559657,0,Unfurnished,Ground,4,1,0,1,0,1,0,19700963.0
Chennai,1193.318199688382,3,3,17.49784083189211,2,Unfurnished,Mid,2,0,0,1,1,0,0,9454316.0
Lucknow,1096.3099718579442,3,2,5.81684509903067,0,Fully Furnished,Ground,3,1,1,1,1,0,0,8251396.0
Pune,2257.9725731471167,3,3,3.7735723386896143,1,Unfurnished,Top,2,0,0,1,0,0,0,22956708.0
Ahmedabad,786.7584216894174,4,1,4.04873252243511,2,Fully Furnished,Ground,3,1,0,0,0,1,0,8066976.0
Delhi,466.0908117613494,3,3,16.529718190406605,1,Semi Furnished,Top,2,1,0,0,0,1,1,6431549.0
Jaipur,923.5490281763086,4,2,21.865290896707,0,Semi Furnished,Top,1,0,0,1,1,0,0,5399274.0
Pune,729.7836414378518,3,1,13.07700808153116,0,Fully Furnished,Mid,1,1,0,2,0,1,1,7802611.0
Ahmedabad,1693.113032052291,3,2,0.9897776879247728,1,Fully Furnished,Mid,5,1,0,2,0,1,1,16159337.0
Hyderabad,1319.6477497752132,5,2,0.581257961400439,1,Fully Furnished,Mid,1,0,0,0,1,0,0,14322387.0
Hyderabad,1390.15647748808,2,2,3.67253544712677,1,Fully Furnished,Top,3,0,0,2,1,1,0,15539424.0
Jaipur,2076.4670884873867,3,3,5.062934672542745,1,Fully Furnished,Mid,4,0,0,1,1,0,1,18804036.0
Chennai,1154.332569418612,2,2,7.783368272009871,2,Fully Furnished,Top,2,1,0,1,1,1,1,15159835.0
Kolkata,1887.5447058728205,4,2,1.1861039184834516,1,Fully Furnished,Mid,3,1,0,0,1,1,1,22318427.0
Jaipur,2255.6613996016013,3,3,19.37342518101705,1,Semi Furnished,Mid,2,1,1,2,0,0,0,15831032.0
Mumbai,1272.1687509931696,4,2,18.645807161681358,0,Fully Furnished,Top,3,1,0,1,0,0,1,22130441.0
Chennai,1868.5114277781568,4,2,6.38526810827597,1,Fully Furnished,Mid,4,0,0,0,0,0,1,19850441.0
Pune,1379.0910437355099,2,4,12.417417907349748,0,Semi Furnished,Ground,1,0,1,2,0,1,0,14452455.0
Jaipur,1962.0490644203946,2,2,1.5956812477168443,1,Semi Furnished,Ground,2,1,0,2,1,0,0,14673437.0
Lucknow,714.2554062118635,3,2,8.047758749817927,2,Fully Furnished,Ground,2,0,0,1,1,0,1,5773732.0
Hyderabad,677.2438774373269,3,3,29.233017315276175,2,Fully Furnished,Ground,3,1,0,1,0,0,0,5253756.0
Ahmedabad,1304.3661425462296,2,1,16.209631697605932,1,Unfurnished,Top,4,0,0,0,1,0,1,8073983.0
Jaipur,1055.5375954701146,2,3,1.64628176417934,0,Fully Furnished,Mid,5,0,0,0,0,0,1,8814905.0
Lucknow,1241.6454452850573,3,2,28.216537410021218,0,Unfurnished,Ground,2,1,0,0,0,0,1,5249776.0
Chennai,1390.23670877643,1,2,17.12418555650537,0,Unfurnished,Top,1,1,1,1,1,1,0,11653626.0
Mumbai,1860.006765918126,4,2,9.051140941350797,0,Semi Furnished,Top,2,0,0,1,0,0,0,28209438.0
Ahmedabad,1296.1697107170326,4,4,17.669266813692236,0,Unfurnished,Mid,5,0,0,0,1,0,1,9512918.0
Delhi,1088.0693446884566,4,3,2.8459989339983705,0,Fully Furnished,Ground,2,1,0,2,0,1,1,17119650.0
Mumbai,1324.2433116205507,1,2,11.993839890278185,0,Unfurnished,Ground,2,0,0,1,1,0,1,14178024.0
Pune,1115.4273600966912,1,1,14.432153977325397,0,Semi Furnished,Top,3,1,0,2,0,1,0,10532311.0
Lucknow,1032.997248968643,3,2,39.41326949685131,1,Unfurnished,Top,2,0,0,0,1,0,0,4877915.0
Jaipur,693.4915932115155,5,2,1.0385102891518025,1,Unfurnished,Ground,2,0,1,2,1,0,1,6243543.0
Jaipur,1534.7390581105394,3,3,7.044840487227737,2,Unfurnished,Mid,2,0,0,2,0,0,1,10643249.0
Bangalore,1215.6471467014733,3,4,41.42525635488038,1,Unfurnished,Top,5,1,1,2,1,0,1,14362215.0
Hyderabad,1983.139369617336,2,3,3.6735741153375825,1,Unfurnished,Top,2,1,0,2,1,1,1,21815192.0
Pune,776.3019539705297,3,2,25.16577766207367,0,Unfurnished,Mid,2,0,0,2,0,0,0,5802046.0
Lucknow,1228.9582224760607,3,1,0.02410237817946136,0,Unfurnished,Mid,3,0,1,2,0,1,0,7559999.0
Jaipur,2406.4536103293744,2,1,0.39337436437872586,1,Semi Furnished,Top,1,1,0,2,1,1,1,22070019.0
Delhi,1030.1952414510752,3,2,5.954038698060579,0,Fully Furnished,Top,3,0,0,1,1,1,1,17041109.0
Ahmedabad,1381.7333739519381,3,2,21.94787152633109,1,Semi Furnished,Ground,3,1,0,0,0,0,1,8222166.0
Pune,892.0780085873158,3,3,1.6496250111340973,1,Unfurnished,Top,2,0,0,0,1,0,1,9404590.0
Chennai,825.7862436095095,3,2,7.239736151525068,1,Unfurnished,Top,3,0,0,0,0,1,1,7307283.0
Delhi,2273.655491543839,4,1,2.114265646713329,1,Semi Furnished,Top,5,0,1,2,1,0,1,31655517.125
Ahmedabad,1585.5197463185737,3,2,3.796187177829295,1,Unfurnished,Ground,4,0,0,2,1,0,0,12017498.0
Kolkata,1566.8394191188117,3,4,10.487303506437527,1,Semi Furnished,Mid,5,0,1,1,1,0,1,16845169.0
Hyderabad,651.8418824418889,4,3,5.765950894125222,1,Unfurnished,Mid,4,1,0,1,0,1,1,6250204.0
Pune,1679.3706940541515,4,1,3.5721950986955053,1,Unfurnished,Mid,4,1,0,0,0,0,0,17079053.0
Lucknow,2078.710972996913,3,3,7.500683595189137,0,Fully Furnished,Top,2,0,0,1,1,1,0,18249834.0
Mumbai,2074.738530414265,2,2,18.11243324237723,0,Unfurnished,Top,3,0,0,1,1,1,0,23925283.0
Ahmedabad,1834.1666148030804,4,2,1.9075852130325412,1,Fully Furnished,Mid,2,0,0,1,1,0,0,17721725.0
Chennai,935.257211202298,2,2,9.797202879192222,0,Fully Furnished,Ground,3,0,0,0,1,1,1,9263108.0
Jaipur,1656.561708596496,4,2,4.817956350495485,2,Semi Furnished,Top,4,0,0,1,0,0,1,14814837.0
Mumbai,1833.7924802383038,1,2,7.137208106045006,0,Fully Furnished,Ground,2,0,1,1,0,1,0,26703336.0
Delhi,602.7782074555494,4,3,25.852137766315288,0,Semi Furnished,Ground,2,0,0,0,1,0,1,5823643.0
Hyderabad,939.3602042591076,3,2,39.831150374330505,1,Semi Furnished,Top,4,1,0,1,0,1,0,7396216.0
Lucknow,1944.0786608717208,4,1,4.175442578217876,2,Fully Furnished,Mid,3,0,1,1,1,1,1,17469421.0
Mumbai,1938.0228883359641,3,2,14.912606720535157,1,Semi Furnished,Ground,1,1,0,1,0,0,1,25945880.0
Chennai,725.7084831893038,5,3,16.936564815345147,0,Fully Furnished,Mid,2,1,1,0,1,1,1,8875683.0
Ahmedabad,1897.5107296345864,2,3,27.723613939766597,1,Unfurnished,Top,3,1,0,1,1,0,1,11576002.0
Lucknow,1547.6516995768088,2,2,34.39582996166008,1,Semi Furnished,Ground,4,0,0,0,0,1,1,6791444.0
Kolkata,1890.5044773035756,2,2,9.46644557385341,1,Fully Furnished,Top,4,0,0,2,0,0,0,18313646.0
Jaipur,1182.7393382830292,4,1,60.74829529596344,1,Fully Furnished,Top,3,0,0,0,1,1,0,8772980.0
Hyderabad,1822.5917482404511,3,2,53.01868963177615,1,Fully Furnished,Ground,2,0,0,0,1,1,1,12911366.0
Mumbai,1921.9143872428122,3,1,10.592512802474086,0,Fully Furnished,Ground,4,0,0,1,1,0,1,27159523.0
Hyderabad,1324.3325322721441,3,2,11.714343446161843,0,Unfurnished,Mid,4,0,0,1,1,0,0,9582845.0
Hyderabad,1508.876273086643,4,3,16.52800647708174,2,Semi Furnished,Ground,3,0,0,1,0,1,0,13202395.0
Hyderabad,1175.7391852476733,3,2,7.021668775107607,0,Fully Furnished,Top,2,1,0,0,1,1,1,12731265.0
Ahmedabad,2325.8194743429394,3,3,16.272589721270837,0,Semi Furnished,Mid,3,0,0,2,1,1,0,17611461.0
Hyderabad,1439.8640303371171,3,3,10.83201085966135,1,Fully Furnished,Top,1,0,0,2,0,0,0,14022415.0
Kolkata,1038.9878374114091,4,1,0.541198306855081,1,Semi Furnished,Mid,3,0,0,1,1,1,0,9086129.0
Delhi,1142.087043062625,2,2,28.73220633060433,1,Fully Furnished,Top,2,1,0,0,0,1,1,13755864.0
Chennai,1563.3853005710566,2,2,42.31302714192672,0,Fully Furnished,Mid,3,1,0,1,0,0,0,11362287.0
Lucknow,1876.6655858891058,2,3,0.39868794873040964,0,Unfurnished,Ground,3,0,0,0,1,0,1,11220921.0
Kolkata,832.0865774247392,3,1,23.357081451338548,1,Semi Furnished,Top,3,1,0,0,0,1,0,5944442.0
Lucknow,2423.8300014712245,3,2,7.311843926993285,0,Fully Furnished,Top,4,0,0,0,1,1,1,18405869.0
Chennai,1654.337647027808,3,2,13.2150049275431,1,Fully Furnished,Mid,2,0,0,0,0,1,0,16010735.0
Delhi,1733.2279864847062,5,1,10.397056117986644,1,Unfurnished,Ground,2,0,0,2,1,1,0,21704472.0
Pune,1451.4052280882818,3,2,12.021367550604472,2,Unfurnished,Ground,3,1,0,2,1,1,1,15039728.0
Lucknow,1509.6294836755628,4,2,10.25348757131484,2,Unfurnished,Mid,5,1,0,0,0,0,0,9602387.0
Lucknow,1425.8584310362985,3,2,28.798192584050355,2,Unfurnished,Ground,4,0,0,1,0,1,0,6555763.0
Delhi,2008.8979845179801,2,3,17.25679737451859,1,Unfurnished,Ground,2,1,0,0,1,0,1,22596818.0
Mumbai,1496.0357062733149,3,2,7.981690300795785,2,Semi Furnished,Mid,2,0,0,0,0,1,1,20791751.0
Kolkata,1883.525109246355,5,2,17.49864193802319,1,Fully Furnished,Top,3,0,0,1,1,0,1,19301272.0
Mumbai,1283.0762383237138,2,2,50.30661616823616,2,Semi Furnished,Mid,3,0,0,1,1,1,1,14895848.0
Mumbai,1597.820264156158,3,2,1.2557509880411208,0,Unfurnished,Mid,4,1,0,0,0,0,0,22003168.0
Mumbai,1098.0398278802895,2,2,7.367550294404284,0,Fully Furnished,Mid,3,0,0,0,0,0,0,15550698.0
Hyderabad,2108.2641162747686,3,2,30.655792471144586,1,Semi Furnished,Ground,4,1,0,0,0,0,1,13436587.0
Jaipur,1083.126379640442,3,3,20.15169069734489,2,Unfurnished,Top,3,0,0,1,1,1,1,7688808.0
Lucknow,1337.510277869337,4,2,40.984118978861815,1,Semi Furnished,Ground,2,0,0,1,1,0,1,7027858.0
Mumbai,1342.5197937726275,3,1,0.609359706008288,2,Semi Furnished,Ground,4,0,0,1,1,0,0,20086160.0
Kolkata,1323.0243061631159,3,2,29.792067061102877,0,Unfurnished,Ground,2,0,0,0,0,0,1,6173564.0
Jaipur,1861.2478847214684,4,2,23.538753222314806,0,Fully Furnished,Top,2,1,0,2,1,1,1,16352884.0
Jaipur,1341.671117631678,3,2,25.314155608326352,1,Unfurnished,Mid,4,1,0,2,1,1,0,7575758.0
Mumbai,2196.9622652705366,4,1,13.642062906511862,1,Unfurnished,Mid,5,0,0,0,1,1,0,26148072.0
Ahmedabad,1090.762456934916,3,2,0.7996989729124014,1,Semi Furnished,Top,2,1,0,2,0,0,0,10335225.0
Mumbai,1584.6887349713534,4,2,11.61958675878337,2,Fully Furnished,Mid,2,0,0,0,0,0,0,26498487.0
Ahmedabad,1112.1070053437002,4,2,7.857425335880377,2,Unfurnished,Top,3,0,0,0,0,0,1,9318727.0
Mumbai,1710.4863912657333,4,2,11.23122249566432,1,Fully Furnished,Ground,3,1,1,0,1,1,1,31655517.125
Kolkata,1492.025136511615,2,3,20.223189847090087,2,Semi Furnished,Mid,4,1,0,0,0,1,1,11506981.0
Ahmedabad,1422.4689776507607,3,3,13.593644496608478,1,Unfurnished,Top,4,0,0,1,0,0,1,10487665.0
Hyderabad,2094.237483251762,3,2,5.191598155142978,1,Fully Furnished,Top,5,0,0,1,0,0,1,22651056.0
Jaipur,1172.8290644724484,3,3,13.725897710991205,0,Fully Furnished,Top,4,0,0,2,0,1,0,9577802.0
Mumbai,1793.257578809,3,2,1.3019818805915722,0,Semi Furnished,Top,2,0,0,1,0,1,0,31117750.0
Jaipur,1115.5200436626037,1,4,0.08070659788340731,1,Fully Furnished,Mid,2,1,0,0,0,1,1,9592691.0
Mumbai,1556.342600080187,2,2,7.7006337646192025,1,Fully Furnished,Ground,3,1,0,0,0,0,0,22616022.0
Lucknow,902.2123358882773,3,2,21.231915719138485,0,Fully Furnished,Mid,3,1,0,0,0,1,1,6056936.0
Lucknow,1168.7414268466298,4,1,25.943117806148184,1,Unfurnished,Mid,1,0,1,0,0,0,1,5458243.0
Bangalore,1458.9284772135675,4,2,11.972260176259685,1,Unfurnished,Top,2,0,0,0,0,0,1,16762873.0
Mumbai,2407.324583661539,2,1,30.375082897610987,0,Semi Furnished,Ground,2,0,0,2,0,0,0,23611279.0
Bangalore,1550.4019352298872,4,2,2.0186622463009045,0,Semi Furnished,Top,3,0,0,0,1,0,1,19731872.0
Delhi,2327.3341579333533,2,2,49.90771645675869,0,Unfurnished,Mid,2,0,0,1,1,1,0,19112248.0
Delhi,1610.161645845459,3,4,38.21967831350819,0,Fully Furnished,Ground,3,0,0,1,1,0,0,17502121.0
Jaipur,1306.4578777625304,2,4,13.71578510841627,1,Unfurnished,Mid,3,0,0,0,0,0,1,8326589.0
Ahmedabad,2269.678261300347,4,3,0.9077532661014738,0,Semi Furnished,Ground,3,1,0,0,1,1,0,20242498.0
Mumbai,1718.5088110367094,3,2,9.082618738237976,2,Semi Furnished,Ground,3,1,0,1,1,1,1,29072596.0
Chennai,1178.639203058643,3,3,2.9634704815956816,0,Unfurnished,Top,3,1,0,2,1,0,1,13377299.0
Mumbai,1735.2857297001487,3,3,14.85007909960183,0,Semi Furnished,Top,2,1,0,1,1,0,1,26771449.0
Mumbai,1353.702625046195,2,3,3.1601709408096204,1,Semi Furnished,Top,3,1,0,2,1,0,1,26755449.0
Chennai,505.48290191435206,3,2,9.8608424407764,0,Semi Furnished,Mid,1,0,1,0,1,0,0,4596513.0
Delhi,1967.9865796328088,3,2,3.4530309400771806,0,Semi Furnished,Ground,3,0,0,0,0,0,1,23304512.0
Bangalore,2047.4670278209644,2,1,3.0105544961008346,1,Semi Furnished,Top,2,0,0,0,0,1,1,24596467.0
Jaipur,2418.9710149961375,4,3,4.273759986890997,1,Fully Furnished,Top,1,1,1,0,0,0,0,25930137.0
Delhi,1711.0718460976314,3,1,0.4444673106051825,0,Unfurnished,Top,1,1,0,0,1,0,0,24155583.0
Chennai,1375.6382879587338,2,2,18.88778694894398,1,Semi Furnished,Top,2,1,0,2,1,0,0,12201292.0
Mumbai,1917.494713689293,2,2,5.494957775986169,0,Semi Furnished,Ground,3,1,0,2,0,0,1,26892624.0
Delhi,1924.9101826594533,1,1,17.965291801934082,1,Semi Furnished,Ground,3,1,0,2,1,1,1,21154327.0
Kolkata,2319.1405915682108,3,3,15.897144009998314,1,Unfurnished,Mid,4,0,0,0,0,1,0,15937600.0
Lucknow,1477.686188466779,3,2,1.0259920130897862,2,Unfurnished,Top,3,0,0,1,1,0,0,10592349.0
Mumbai,1417.2105137162027,2,1,5.610254442796501,1,Unfurnished,Ground,3,1,0,0,0,1,1,15532168.0
Pune,1142.2277901207362,3,4,12.550432632962488,2,Semi Furnished,Ground,1,1,0,2,0,0,0,12108739.0
Chennai,1768.7310433626008,3,2,37.58910974017079,0,Semi Furnished,Mid,2,1,0,1,0,1,0,13017951.0
Hyderabad,725.8691658845823,3,3,7.695413455071728,1,Unfurnished,Top,3,1,0,0,0,1,0,6612180.0
Ahmedabad,1888.0436864312824,4,2,10.541647264244608,0,Fully Furnished,Mid,2,0,0,2,1,0,1,17319120.0
Hyderabad,1793.9175609328947,2,3,20.803946654327746,2,Fully Furnished,Top,3,0,0,0,1,0,0,16562386.0
Delhi,1792.535101229186,3,2,24.390788148807154,1,Unfurnished,Ground,3,0,0,0,1,1,1,16280388.0
Mumbai,1569.1126182509201,3,2,38.52572684174959,0,Semi Furnished,Ground,2,0,0,1,0,0,1,15577102.0
Ahmedabad,2266.4891237655424,2,2,10.313126922281828,1,Semi Furnished,Top,3,0,1,1,1,0,0,19968868.0
Ahmedabad,1935.9967327134316,2,4,3.2320571500033095,0,Fully Furnished,Top,2,1,0,0,1,1,1,19712773.0
Jaipur,1196.46140431215,3,1,21.685649111654286,1,Semi Furnished,Ground,3,1,0,1,1,1,0,7501555.0
Hyderabad,1205.4104751511766,4,2,2.012835811495648,0,Unfurnished,Ground,1,0,0,0,1,0,1,10545329.0
Mumbai,1060.1630932926817,4,3,8.128097542991474,1,Semi Furnished,Ground,1,0,0,0,0,0,0,15070737.0
Jaipur,1775.6416663877937,3,2,14.841514551429492,1,Semi Furnished,Mid,4,1,0,1,0,0,0,10753814.0
Bangalore,999.9305393800216,3,2,17.657830167491497,1,Unfurnished,Mid,3,1,0,1,0,0,1,10851456.0
Hyderabad,2041.696071791676,3,3,19.80915653651965,2,Fully Furnished,Mid,2,0,0,0,0,0,0,19907994.0
Lucknow,2161.4866541727715,2,1,3.2263731798564854,0,Unfurnished,Mid,3,0,0,2,0,1,1,12496389.0
Lucknow,1060.4918655247743,2,1,59.97123275204281,1,Semi Furnished,Top,2,0,1,1,1,1,1,6493512.0
Jaipur,1407.2257327035732,3,3,2.9478634637868124,1,Unfurnished,Top,2,0,0,0,1,0,0,10199871.0
Bangalore,1508.3104906812068,3,2,1.5151068358734652,0,Unfurnished,Ground,4,1,0,2,0,0,1,17173652.0
Kolkata,1941.9915802348337,2,2,16.361912040173838,2,Fully Furnished,Top,3,1,0,0,1,1,0,17872716.0
Kolkata,2304.6716878049383,2,3,36.119184105875746,1,Fully Furnished,Top,2,1,0,2,0,1,1,20187590.0
Lucknow,657.2538035657113,2,2,12.29371331606229,1,Semi Furnished,Top,4,1,0,2,1,0,1,4704285.0
Pune,1340.9096412366584,3,3,13.575901773698378,1,Unfurnished,Mid,2,0,0,1,0,0,1,11113962.0
Chennai,1366.9916522198264,3,2,11.598602650334241,2,Semi Furnished,Top,2,0,0,1,1,0,1,13576293.0
Chennai,799.6650725567262,2,3,0.6553320310360695,0,Unfurnished,Top,1,0,0,1,0,0,0,6983302.0
Pune,1257.4449903479692,2,2,17.15312054663379,1,Unfurnished,Ground,2,0,1,2,0,1,1,11037390.0
Jaipur,1713.8844721753055,2,2,6.652157700156844,2,Fully Furnished,Mid,2,0,0,2,1,0,1,14677743.0
Chennai,1360.6605485802215,2,3,41.15682289299222,0,Unfurnished,Ground,3,0,0,1,1,0,0,8184461.0
Chennai,727.6894156962932,3,2,3.1014893801392174,1,Fully Furnished,Ground,3,1,0,1,1,0,0,8410760.0
Hyderabad,2858.437593116735,2,2,5.395530995446946,1,Unfurnished,Mid,4,0,0,0,0,1,1,23032529.0
Hyderabad,1633.0889326020902,3,3,10.543561842834315,2,Semi Furnished,Mid,3,0,0,2,1,0,1,16478952.0
Pune,1555.8470650533375,3,2,9.732793577084559,0,Semi Furnished,Mid,3,0,1,1,0,0,1,15997222.0
Mumbai,951.0368184664768,3,2,7.670004833870973,2,Unfurnished,Ground,3,0,0,0,0,0,0,11320895.0
Bangalore,1630.3530809856377,2,2,5.661977948237738,0,Fully Furnished,Ground,4,0,0,1,1,0,1,18606196.0
Jaipur,1417.8931079792528,2,3,2.3881849161997817,1,Fully Furnished,Mid,2,0,1,0,0,0,0,12637974.0
Hyderabad,555.7382936422969,2,2,25.798996559564912,0,Fully Furnished,Ground,4,0,0,0,1,1,1,4280301.0
Hyderabad,964.872279992792,5,3,8.934041222155074,0,Unfurnished,Top,2,1,0,2,1,0,1,9964711.0
Kolkata,1897.4630088369724,4,2,12.763043036957537,2,Semi Furnished,Ground,2,0,0,2,0,1,1,18323829.0
Bangalore,2472.008825000221,1,3,11.863148764903007,1,Fully Furnished,Mid,2,1,0,1,0,0,0,29874570.0
Kolkata,1683.5827025215224,3,2,12.852258525743991,1,Semi Furnished,Ground,3,0,0,1,1,0,1,14333083.0
Mumbai,2051.541639146684,2,2,18.30358434899898,0,Fully Furnished,Ground,4,0,0,0,1,0,0,25819770.0
Bangalore,1422.122345708395,2,2,14.88871027273447,1,Unfurnished,Mid,2,1,0,0,0,0,0,14008827.0
Chennai,1456.7269196596985,3,2,4.801073257588512,1,Unfurnished,Top,3,0,0,0,0,0,0,12804246.0
Kolkata,2045.4895138097327,2,1,12.101792224689234,0,Fully Furnished,Mid,2,0,0,1,1,1,0,16146650.0
Lucknow,2331.3886445897347,3,2,4.205888693014486,1,Semi Furnished,Ground,3,0,0,0,1,1,0,15225401.0
Jaipur,2150.548346732811,3,3,13.331463537961632,1,Fully Furnished,Top,3,0,1,0,1,0,1,20619095.0
Chennai,966.8184623075905,3,1,8.482781424115203,1,Fully Furnished,Top,3,0,0,2,1,0,0,11009871.0
Bangalore,1466.5205548423771,5,4,0.603244830537291,1,Fully Furnished,Ground,4,1,1,1,0,1,1,26098443.0
Lucknow,1638.7623422381475,4,1,19.86307747142833,1,Semi Furnished,Mid,2,0,0,1,0,1,0,9492697.0
Mumbai,1370.1610182462355,4,3,4.816854247214868,0,Fully Furnished,Top,4,0,0,1,0,0,1,29413186.0
Lucknow,1693.9287717077978,3,3,37.92241559035046,2,Fully Furnished,Mid,3,1,0,2,0,1,1,11246771.0
Hyderabad,1910.2884058344737,1,3,4.939174700639914,2,Unfurnished,Ground,4,0,0,0,1,0,1,14862620.0
Pune,2001.40487597757,3,1,80.0,1,Semi Furnished,Mid,2,1,0,0,0,0,0,13223510.0
Lucknow,2342.9350761107617,5,3,9.324993801380383,0,Unfurnished,Mid,4,1,0,2,0,1,1,17523957.0
Ahmedabad,1335.2794476375827,3,1,0.4014338310461367,1,Unfurnished,Mid,2,1,0,2,0,1,1,10801709.0
Mumbai,817.983417580343,5,2,1.190015334055004,0,Fully Furnished,Top,4,0,0,1,0,0,1,17343736.0
Chennai,1679.1172970072264,2,3,1.284806559905281,1,Fully Furnished,Ground,5,0,0,1,1,0,0,17906966.0
Kolkata,2441.905515592401,2,2,0.8678441930109763,1,Fully Furnished,Top,4,0,0,2,0,0,0,25503667.0
Delhi,1261.5120700229704,2,2,4.67530651548027,1,Unfurnished,Top,3,1,1,1,0,1,1,18194901.0
Mumbai,1843.4234885318597,3,1,5.886504473418965,2,Semi Furnished,Ground,2,0,0,1,0,1,1,23730041.0
Ahmedabad,1847.8728962363214,4,1,1.7696947814580544,1,Semi Furnished,Top,3,0,0,1,1,0,1,16822899.0
Hyderabad,1595.7210236723045,3,1,8.647311227735782,1,Unfurnished,Top,3,1,0,2,1,0,0,14326823.0
Kolkata,1503.4623605218571,4,3,6.820243617800364,1,Unfurnished,Mid,3,1,0,0,1,1,0,13664940.0
Jaipur,1038.2853971393038,3,1,15.17237859188433,1,Semi Furnished,Top,4,0,0,0,1,1,1,6707413.0
Delhi,400.0,3,3,3.269813484894068,0,Fully Furnished,Ground,1,0,1,1,0,0,1,6311609.0
Lucknow,944.0746466679856,4,3,36.79858917835434,1,Semi Furnished,Ground,3,0,0,0,0,1,0,4524095.0
Ahmedabad,1304.8479254441504,2,2,10.884769805953761,1,Unfurnished,Top,3,0,0,0,1,0,1,7890744.0
Lucknow,2048.7113437113535,4,3,14.66184579222739,0,Fully Furnished,Top,1,1,0,2,0,1,0,16760071.0
Jaipur,1448.435968824312,2,3,0.604837077044175,0,Fully Furnished,Mid,1,0,0,2,1,0,0,12963687.0
Mumbai,1240.4871405409258,2,2,12.28367332475058,1,Semi Furnished,Top,3,1,0,0,1,1,0,18232786.0
Pune,1054.5072790232848,3,2,6.885366732725588,2,Fully Furnished,Mid,2,0,0,2,1,0,0,13158813.0
Ahmedabad,1828.4029142547402,4,3,38.68932457750375,2,Unfurnished,Mid,4,0,0,1,0,1,1,11302995.0
Bangalore,2179.1785832153028,3,4,32.52649356220684,1,Semi Furnished,Top,4,0,0,1,1,0,1,23534810.0
Chennai,2031.7178609337298,3,3,15.227116437026359,2,Unfurnished,Top,2,0,0,0,1,0,1,18123053.0
Bangalore,1803.0748498792345,4,2,21.90566074814403,0,Unfurnished,Ground,4,0,1,0,1,0,1,17493271.0
Pune,762.19362680853,2,2,15.517381641178366,0,Unfurnished,Top,3,0,0,0,0,1,0,6085109.0
Jaipur,1324.1628785781143,4,2,0.25670579236158825,1,Semi Furnished,Ground,3,1,0,1,1,0,1,10307560.0
Bangalore,2473.6521144448375,3,3,18.216739609745773,2,Unfurnished,Mid,3,0,0,1,1,1,0,26832074.0
Hyderabad,2060.9752459576125,2,3,2.923640527837893,2,Unfurnished,Mid,4,0,0,0,0,1,0,18168549.0
Ahmedabad,731.2483908826375,3,2,17.21251448768971,0,Fully Furnished,Top,5,0,0,2,1,0,1,6046554.0
Hyderabad,1472.2047384003642,2,3,0.15843555275259813,1,Fully Furnished,Ground,3,1,0,0,0,0,1,15617845.0
Delhi,1681.5492163305194,2,1,5.585681411854114,0,Unfurnished,Ground,3,0,1,0,1,0,0,20106472.0
Pune,1118.92076848689,2,3,10.91384287196919,1,Fully Furnished,Ground,3,0,0,1,0,0,0,11837694.0
Delhi,400.0,2,2,6.078315576551361,1,Semi Furnished,Mid,3,0,0,1,1,0,0,5213353.0
Delhi,1549.4120225082158,3,3,17.761927767975653,2,Fully Furnished,Ground,1,0,0,0,1,1,0,21461702.0
Delhi,1106.1208711897802,3,1,11.094450599719664,0,Semi Furnished,Mid,2,0,0,0,0,1,1,12195826.0
Mumbai,1108.0791304576578,3,1,48.158920980062625,1,Semi Furnished,Mid,2,1,0,0,1,0,1,12084593.0
Mumbai,1322.659820034621,3,1,6.643122641255719,1,Fully Furnished,Top,3,0,0,0,0,1,0,22988991.0
Pune,1433.1620426725942,4,3,19.19442437476895,0,Fully Furnished,Top,1,0,1,0,0,0,1,17094674.0
Kolkata,1495.4586029521568,2,2,27.10385784110988,1,Semi Furnished,Mid,3,1,0,1,1,1,1,11240431.0
Bangalore,1058.0050505389993,3,2,4.3877619039821685,1,Unfurnished,Top,1,0,0,1,0,0,1,11791474.0
Mumbai,1389.8952351829612,2,3,21.044375105585374,1,Unfurnished,Top,4,0,0,2,1,0,1,17158875.0
Lucknow,621.2883147986224,3,2,7.496158798909298,1,Unfurnished,Mid,3,0,0,1,1,0,1,3504679.0
Hyderabad,1655.5195326840392,3,2,2.067001386601093,1,Unfurnished,Mid,3,1,0,1,0,1,1,16236620.0
Mumbai,400.0,4,2,0.054806163508641134,0,Fully Furnished,Ground,3,1,0,0,1,0,1,6666184.0
Jaipur,1355.2549597831903,4,1,20.424468340045962,1,Fully Furnished,Ground,4,1,0,2,1,0,0,9656124.0
Delhi,1959.5930768384767,3,2,3.0914221371895354,1,Semi Furnished,Top,4,0,0,0,1,0,1,27930876.0
Mumbai,970.3296563625868,2,1,0.7882581218255102,0,Semi Furnished,Top,4,0,0,2,0,0,0,12812903.0
Pune,1858.2151018287,2,3,10.313713144425208,1,Unfurnished,Mid,2,1,0,2,0,1,1,16657883.0
Hyderabad,2077.8663560604464,4,2,6.385737431492816,2,Semi Furnished,Ground,2,0,1,0,1,0,0,20363381.0
Hyderabad,400.0,3,2,17.65542164982798,2,Fully Furnished,Ground,2,1,0,2,1,1,0,3931192.0
Kolkata,1424.318548212129,4,2,1.703650903568358,0,Unfurnished,Mid,4,1,0,1,1,1,0,12906213.0
Chennai,400.0,3,1,2.134745207485011,1,Unfurnished,Mid,3,0,0,2,0,0,1,3533302.0
Chennai,1440.895777214527,5,4,7.765430203103029,1,Unfurnished,Mid,3,1,0,2,0,1,1,15611260.0
Bangalore,1496.4143945093365,4,3,11.022298414116444,1,Semi Furnished,Ground,2,0,0,1,0,0,0,17722900.0
Lucknow,400.0,3,1,26.075605534532635,1,Unfurnished,Mid,2,1,0,1,1,0,1,2106473.0
Ahmedabad,2462.4191810399325,1,3,13.21476568230376,0,Fully Furnished,Top,3,0,0,1,1,0,1,18883128.0
Pune,1643.0079038173126,3,2,34.933542572153954,1,Unfurnished,Ground,2,1,0,1,1,0,0,11223525.0
Jaipur,1075.4882839589823,4,3,3.684055466472319,1,Semi Furnished,Mid,2,0,0,0,0,1,0,8997284.0
Mumbai,2232.689713749259,4,2,13.603258576863476,0,Semi Furnished,Top,2,0,0,0,1,0,0,31655517.125
Pune,602.1933896788416,2,1,15.973532155620894,1,Unfurnished,Ground,4,0,0,0,0,1,0,4103823.0
Lucknow,885.4144832408414,3,3,19.408739032396166,1,Unfurnished,Mid,3,0,0,1,0,0,1,5356739.0
Chennai,400.0,4,3,67.17898582336264,0,Semi Furnished,Top,2,1,0,0,1,1,0,3488635.0
Pune,2400.522598269667,3,2,9.46763051436168,1,Fully Furnished,Mid,2,0,0,0,0,0,0,25121951.0
Mumbai,1666.1731857360016,4,3,6.914340156717286,2,Fully Furnished,Top,3,1,1,0,1,1,1,31655517.125
Kolkata,1829.7008949242475,4,3,28.679106523654728,0,Unfurnished,Ground,5,1,0,1,1,1,1,12226683.0
Bangalore,1650.500616959238,4,2,2.9181756941858525,1,Unfurnished,Ground,4,0,0,0,1,1,0,21279345.0
Kolkata,1786.8838805722924,2,2,0.5659656664778575,0,Unfurnished,Ground,2,0,0,1,1,0,1,13694862.0
Chennai,1539.0388569479946,2,1,8.793722180802877,0,Semi Furnished,Mid,1,1,0,2,1,1,0,13452571.0
Delhi,1635.4606713537207,2,3,4.259452016337349,2,Semi Furnished,Ground,3,0,1,0,0,0,0,21440985.0
Chennai,1553.8017181114753,4,4,7.575769938466288,1,Unfurnished,Top,3,0,0,2,1,1,1,18287966.0
Bangalore,1195.704097215361,3,2,64.11999815452731,0,Semi Furnished,Mid,2,1,0,1,1,0,1,11690876.0
Mumbai,1476.6876173926655,2,3,6.4268972537312905,1,Semi Furnished,Top,3,1,0,1,0,1,1,26811572.0
Lucknow,1636.7972866308387,3,3,18.46326069900104,0,Fully Furnished,Top,2,1,0,2,0,1,1,13149428.0
Ahmedabad,1555.2745597760654,3,2,4.32327343738086,2,Semi Furnished,Top,2,1,0,1,0,0,0,14118778.0
Kolkata,761.1139461233415,4,2,5.423652875702527,0,Unfurnished,Mid,4,1,0,2,1,0,0,6691501.0
Chennai,827.5066656957954,3,2,4.17895586607579,2,Fully Furnished,Top,3,1,0,2,0,1,1,12568685.0
Lucknow,2041.4207169581955,3,2,12.735120286031046,0,Semi Furnished,Top,3,0,0,1,0,0,1,13089992.0
Kolkata,1346.5029770582992,1,3,3.8448556121661244,1,Fully Furnished,Ground,4,1,0,2,0,0,1,12884994.0
Chennai,1792.3626735179703,4,2,19.007102797192587,2,Semi Furnished,Mid,2,0,0,0,0,1,1,16158827.0
Bangalore,953.9400451388018,2,2,17.10437281403904,0,Semi Furnished,Ground,3,1,0,0,1,0,1,9088918.0
Kolkata,763.427061676735,3,3,8.203780073242719,0,Fully Furnished,Top,2,0,1,0,0,0,0,8156110.0
Chennai,1078.2016937341434,2,1,0.3886469943870059,1,Semi Furnished,Top,2,0,0,1,1,0,0,11517293.0
Mumbai,1388.7174646142935,2,2,0.3436741507408728,0,Unfurnished,Mid,3,0,0,0,0,1,1,17802111.0
Bangalore,1167.4298503577938,1,1,11.415186584838661,1,Semi Furnished,Top,1,1,0,1,0,0,0,12308399.0
Lucknow,2146.966761552857,3,2,27.41379955752897,1,Fully Furnished,Mid,3,1,0,1,1,0,0,13589204.0
Lucknow,1589.7616507687308,3,3,13.702183009698945,1,Fully Furnished,Top,1,1,0,2,0,1,1,13356759.0
Ahmedabad,2424.4693092809293,2,2,8.581222057297841,1,Semi Furnished,Top,3,1,0,0,1,1,0,22564042.0
Pune,1702.2040770357087,2,3,32.07117338034729,0,Unfurnished,Ground,2,0,0,1,0,0,0,10675635.0
Delhi,400.0,4,2,3.2909234638184426,2,Semi Furnished,Top,1,0,0,0,0,0,1,6222188.0
Mumbai,2028.0208032292771,2,2,6.680822663840241,1,Semi Furnished,Ground,4,1,0,0,1,0,1,30899951.0
Bangalore,745.2241887650226,2,2,12.496813269861685,1,Semi Furnished,Ground,2,0,0,2,1,0,0,7563354.0
Kolkata,1615.2668336056695,3,3,5.17266664116505,0,Semi Furnished,Top,3,1,0,0,1,0,1,16991146.0
Lucknow,1112.6579711680774,4,1,80.0,1,Unfurnished,Ground,2,0,0,0,1,1,1,5431033.0
Mumbai,2571.355517232093,2,2,9.0309866762821,0,Semi Furnished,Mid,1,0,0,2,1,1,1,31655517.125
Bangalore,2219.7989637150677,5,3,0.7966170944089321,0,Unfurnished,Ground,3,0,0,0,1,1,1,27694449.0
Bangalore,1129.089679149121,3,2,2.905289858211551,0,Semi Furnished,Mid,3,1,0,2,1,1,0,14713954.0
Kolkata,1436.3211659394442,3,1,11.404725114211885,1,Unfurnished,Ground,4,0,0,1,1,0,0,8407732.0
Bangalore,1622.2990348246087,2,2,11.979488883107908,1,Semi Furnished,Ground,4,0,1,0,1,1,1,19407085.0
Jaipur,1931.7070357808052,3,3,62.16336229300305,1,Fully Furnished,Ground,1,0,0,1,0,0,1,10042019.0
Mumbai,1514.5759561625064,2,4,13.743101721956416,2,Semi Furnished,Top,2,0,0,1,0,1,1,24788363.0
Chennai,987.5525503095665,3,1,16.477413850677117,0,Semi Furnished,Top,1,0,0,1,0,1,1,8559351.0
Lucknow,1141.2206803999736,2,2,3.6066875809965895,1,Fully Furnished,Top,2,1,0,1,1,1,0,10199949.0
Lucknow,1497.7591018116043,3,1,1.695261017882718,1,Fully Furnished,Top,3,1,0,0,1,0,1,11563991.0
Chennai,2117.2284893823453,4,3,13.81992630171886,1,Semi Furnished,Mid,2,0,0,2,0,0,1,23369065.0
Mumbai,1713.918930268022,3,1,30.02387749989269,0,Unfurnished,Ground,3,1,0,1,0,1,0,16600933.0
Delhi,1113.292536692492,2,1,13.278166874523759,1,Fully Furnished,Top,1,1,0,1,1,1,1,16658572.0
Mumbai,1824.186388854895,3,3,8.77201379117961,1,Fully Furnished,Ground,4,1,1,2,0,1,1,31655517.125
Hyderabad,1306.5075805609201,3,1,12.948596343788617,2,Fully Furnished,Top,3,0,0,0,0,0,0,13089147.0
Bangalore,1945.2040025934207,2,2,9.4884476684178,2,Fully Furnished,Mid,5,1,1,1,1,0,0,26273852.0
Pune,2763.505209164303,3,4,2.2951974858951276,0,Fully Furnished,Ground,5,1,1,1,0,0,0,31655517.125
Kolkata,1320.5868145282252,2,4,20.274593063039443,0,Fully Furnished,Mid,3,0,0,1,0,1,1,10479700.0
Jaipur,1900.8025798631854,3,2,11.422616177004564,1,Semi Furnished,Top,2,0,0,0,1,1,1,13581930.0
Pune,1127.3033339811352,4,2,7.645465802780623,1,Semi Furnished,Ground,2,1,0,0,0,1,0,11243735.0
Chennai,1443.8681164043512,2,2,12.302389546783747,1,Fully Furnished,Top,2,0,0,1,0,0,1,14838394.0
Kolkata,1514.7811434360506,2,2,4.140788460394498,2,Unfurnished,Top,3,0,0,1,1,0,1,13189582.0
Kolkata,1403.1581699778096,2,3,8.378135494977643,1,Unfurnished,Mid,3,0,0,1,0,1,1,10910324.0
Kolkata,2731.5068443875116,5,3,14.610593368862116,2,Unfurnished,Mid,3,0,1,0,0,0,1,23944609.0
Lucknow,1346.7034626608088,3,3,3.8465029777308963,1,Semi Furnished,Ground,1,0,1,0,0,1,1,9330987.0
Jaipur,1793.425769392434,1,2,20.73424135548595,1,Semi Furnished,Top,3,0,0,1,0,1,1,10804955.0
Lucknow,534.9565653382839,3,2,11.041161934869281,1,Semi Furnished,Ground,1,0,0,0,0,0,1,2794241.0
Bangalore,1715.998281684805,2,2,29.675678433447754,1,Semi Furnished,Ground,4,1,0,0,1,0,1,14443253.0
Hyderabad,2071.0272961761234,3,2,28.182972206044987,1,Fully Furnished,Top,1,0,0,2,0,1,1,17528011.0
Ahmedabad,1236.2013287104746,3,1,10.233614364699674,2,Fully Furnished,Mid,2,0,0,0,1,1,1,11528827.0
Jaipur,400.0,5,1,3.262373508018763,1,Unfurnished,Ground,3,0,0,0,1,1,1,2829653.0
Pune,1480.6741155863374,2,2,20.013602181371297,0,Unfurnished,Ground,3,0,1,1,0,1,1,11880895.0
Bangalore,1508.591925192764,3,2,8.13676038283419,1,Fully Furnished,Ground,1,0,0,2,1,1,1,20592458.0
Mumbai,1862.037525372152,3,2,13.544232610235806,1,Unfurnished,Top,4,0,1,2,0,0,1,29319950.0
Chennai,2505.451517706717,4,2,1.7019872955645945,1,Semi Furnished,Ground,2,1,1,2,0,0,1,30279369.0
Hyderabad,1309.9731746998466,3,2,14.978137740508513,1,Unfurnished,Mid,2,0,0,1,0,1,0,9935583.0
Bangalore,1071.8559381698599,3,2,7.015306451884734,0,Semi Furnished,Mid,2,1,0,2,0,1,1,13867191.0
Mumbai,916.5410993142784,3,2,6.101258377850932,2,Unfurnished,Top,4,0,0,1,1,0,1,15488412.0
Hyderabad,1599.0393085157996,3,3,58.61716242009551,1,Semi Furnished,Top,1,1,0,0,1,0,1,12915404.0
Mumbai,1739.677129409251,4,2,8.495884825407412,0,Unfurnished,Top,2,1,0,1,0,0,0,24710733.0
Jaipur,1227.1723028187077,4,3,16.999843908537812,1,Semi Furnished,Top,3,1,0,1,0,0,1,9569462.0
Mumbai,1889.3413728628948,3,3,14.821938923291176,1,Fully Furnished,Mid,5,1,0,0,1,0,1,31655517.125
Hyderabad,1732.692038409588,3,2,1.6523056181650766,1,Fully Furnished,Top,1,0,0,1,0,1,0,20225616.0
Mumbai,1521.615844822445,4,2,20.670580222103933,1,Semi Furnished,Ground,1,0,0,1,0,0,1,18414940.0
Pune,1048.7926396279372,1,2,5.854787908381714,1,Fully Furnished,Mid,3,0,0,2,1,0,1,11385271.0
Bangalore,1259.0678422576384,2,2,24.062244988115353,0,Unfurnished,Top,3,0,1,2,1,1,0,12603343.0
Hyderabad,400.0,3,1,14.03366231886023,1,Fully Furnished,Top,4,0,0,1,0,1,0,4057539.0
Pune,1617.8935320990167,2,3,5.720915721954627,0,Semi Furnished,Ground,3,1,0,0,0,0,1,14602668.0
Mumbai,1513.1706443737176,5,1,6.607673455888562,0,Fully Furnished,Mid,3,0,0,1,0,0,1,26911264.0
Mumbai,1594.2394955447432,3,4,19.723977194353132,1,Unfurnished,Mid,3,0,0,0,0,1,0,20082617.0
Kolkata,1752.1595077822801,3,3,11.979592744347563,0,Semi Furnished,Ground,3,1,0,1,0,0,1,15432636.0
Hyderabad,1692.9107432161115,3,2,16.555173313134517,0,Fully Furnished,Ground,5,0,0,0,0,1,0,14428792.0
Jaipur,1444.8084096769824,4,2,2.58530084630312,1,Fully Furnished,Top,2,1,0,1,1,1,1,14711909.0
Mumbai,1524.3340215813762,3,2,23.195303988228336,2,Fully Furnished,Ground,1,0,0,1,0,1,0,23260681.0
Chennai,797.8417916519153,2,2,5.793571731757739,1,Unfurnished,Ground,2,0,0,0,1,0,0,6417505.0
Lucknow,1208.139677155287,4,2,14.508285096935456,0,Fully Furnished,Ground,5,1,0,0,1,0,0,8061042.0
Ahmedabad,1525.2355268417307,3,3,1.8270888001954486,1,Unfurnished,Mid,3,0,0,0,1,1,1,12584031.0
Lucknow,1132.0732120438197,2,2,5.816298823415736,1,Semi Furnished,Mid,2,1,1,1,1,0,0,9022994.0
Jaipur,1930.0753979362732,3,2,15.698865668103053,0,Unfurnished,Ground,2,0,1,0,0,0,1,11222882.0
Bangalore,1170.6839595224847,2,3,4.807338498707949,0,Fully Furnished,Ground,1,1,0,1,1,0,1,14788276.0
Delhi,1608.1527056241582,5,1,31.843028488910868,0,Semi Furnished,Mid,3,1,0,1,0,0,1,18316385.0
Chennai,1558.282828407668,3,2,16.236437150107207,1,Fully Furnished,Ground,3,1,0,1,1,0,1,14616775.0
Delhi,1873.138796805205,5,2,30.635469175303697,1,Fully Furnished,Ground,2,0,0,0,1,0,0,22508608.0
Mumbai,1950.395587014151,3,2,7.547592276113352,1,Unfurnished,Mid,4,0,0,0,1,0,0,26798100.0
Bangalore,1847.0163054839697,5,3,0.5186409687326292,2,Fully Furnished,Ground,3,0,1,0,0,1,1,31655517.125
Pune,446.9968993084333,2,3,12.875279707477826,0,Unfurnished,Ground,3,1,0,0,1,1,1,3576484.0
Mumbai,2097.0740740065635,1,2,6.214413365794743,2,Semi Furnished,Mid,3,0,0,0,0,0,1,29864697.0
Delhi,2263.654112097299,1,2,8.918228275149541,1,Semi Furnished,Top,4,0,0,1,0,1,1,29698886.0
Mumbai,1258.9378578392652,3,2,17.143646011289675,0,Semi Furnished,Ground,3,1,0,1,1,0,0,15344771.0
Ahmedabad,1618.323456336425,2,3,18.092862288093503,2,Fully Furnished,Ground,2,1,0,1,1,0,0,12784518.0
Kolkata,1054.584159934609,3,3,0.4191482297547981,1,Unfurnished,Ground,2,1,0,0,1,1,1,9650598.0
Ahmedabad,525.8107466339244,3,2,21.99973049475406,1,Fully Furnished,Top,3,0,0,1,0,0,1,4328405.0
Bangalore,1130.642367228807,3,1,10.204024506378433,0,Fully Furnished,Mid,3,0,0,0,0,1,1,13161312.0
Pune,1229.930480268195,3,3,12.202586551346947,0,Unfurnished,Mid,4,0,0,0,0,0,0,10387164.0
Ahmedabad,1322.5746343240921,2,2,5.307203876779399,2,Fully Furnished,Mid,2,1,1,2,1,0,1,14613528.0
Hyderabad,1020.5429549970061,4,2,8.192486576930127,1,Semi Furnished,Mid,4,0,0,2,0,0,1,9793506.0
Pune,1133.2874165913804,3,3,18.587531382383755,2,Unfurnished,Ground,2,0,0,2,1,0,1,9770283.0
Delhi,1494.4968391857963,4,2,22.489514032507003,1,Semi Furnished,Top,5,0,0,0,0,0,1,17427924.0
Ahmedabad,1114.886508444929,3,2,7.343453604868931,0,Fully Furnished,Top,3,0,0,1,1,0,0,10203300.0
Kolkata,1771.762166275014,5,1,17.621916585131306,0,Fully Furnished,Mid,3,1,0,0,1,0,0,14146436.0
Pune,1840.8303256987197,3,4,4.476969977188086,1,Semi Furnished,Mid,2,1,0,2,0,0,0,21079792.0
Mumbai,2690.193873082245,5,1,26.758893306768204,0,Fully Furnished,Ground,2,0,1,1,0,0,0,31655517.125
Kolkata,2062.839966061731,1,2,14.116985141465182,1,Fully Furnished,Mid,3,0,0,1,0,0,1,15672494.0
Mumbai,1621.5515291642073,3,2,22.38726271278921,0,Unfurnished,Mid,3,1,0,0,1,0,0,17658012.0
Ahmedabad,1189.8678516661607,4,3,9.727049152450682,2,Unfurnished,Mid,4,0,0,0,0,1,1,9795976.0
Chennai,1646.8736758369994,2,1,3.903129898946663,2,Semi Furnished,Mid,3,0,0,1,0,0,0,13918977.0
Chennai,1663.297979958178,3,2,8.41156354684568,0,Fully Furnished,Top,2,1,0,1,1,0,0,17904195.0
Delhi,1243.3434554971695,4,2,7.206517095055603,1,Semi Furnished,Mid,3,0,1,2,1,1,1,18856260.0
Kolkata,1891.8656983764388,3,2,6.06810526482156,2,Fully Furnished,Mid,4,1,0,0,0,1,1,19038635.0
Mumbai,800.9509926590623,2,3,3.577165582408787,1,Unfurnished,Ground,5,0,0,2,0,0,1,10693444.0
Jaipur,1377.8000822312447,3,1,21.354781813034304,1,Unfurnished,Mid,3,0,0,2,0,0,1,7566154.0
Kolkata,1777.9292296587034,2,3,1.354642970502901,1,Fully Furnished,Mid,2,1,0,1,1,0,0,16936503.0
Hyderabad,1356.2079262039515,4,3,32.7801570456084,1,Unfurnished,Ground,3,0,0,1,0,0,0,8242901.0
Delhi,1396.6227982853643,1,3,2.8860279036790826,0,Unfurnished,Ground,3,0,0,0,1,0,0,13912988.0
Lucknow,1431.1070694038597,2,2,58.585882037667986,1,Fully Furnished,Mid,3,0,0,0,0,0,0,7699371.0
Lucknow,1082.1993796561273,2,2,66.93950503644378,0,Unfurnished,Ground,1,0,0,2,0,1,0,4257081.0
Mumbai,2086.950465787104,3,2,7.622114491325898,1,Fully Furnished,Ground,2,0,1,0,0,1,1,31655517.125
Chennai,990.9811640385925,5,4,66.12072128436836,0,Semi Furnished,Mid,3,0,1,0,1,1,1,9504957.0
Pune,1659.0796637049425,2,3,30.49621687931384,1,Fully Furnished,Top,4,0,0,0,1,0,1,14998510.0
Hyderabad,1706.8239491411869,2,2,1.2904006426798156,1,Semi Furnished,Ground,2,0,0,0,0,1,1,14051857.0
Lucknow,1025.6890493955166,3,3,44.155229620655604,0,Fully Furnished,Mid,2,0,1,0,0,0,0,5644485.0
Mumbai,1536.5521271903717,4,3,0.6516687372546678,0,Fully Furnished,Ground,4,0,1,1,0,1,1,30348475.0
Mumbai,1045.183913627649,3,3,3.0118225873182327,1,Fully Furnished,Top,3,0,0,2,0,0,0,19957323.0
Ahmedabad,2195.5212375279725,3,3,13.17753949494857,2,Fully Furnished,Top,3,0,0,0,0,1,1,19722001.0
Chennai,930.6085315118935,3,3,1.2627481650860684,1,Fully Furnished,Mid,1,1,1,2,1,1,1,13730179.0
Kolkata,1173.0514528840179,2,3,2.6461853839788025,0,Semi Furnished,Top,3,1,0,1,1,1,1,12873155.0
Pune,887.8874958222098,3,1,46.02189541113515,0,Unfurnished,Mid,4,1,0,0,1,0,1,6428839.0
Ahmedabad,821.150636566224,3,4,78.56647795182442,2,Fully Furnished,Mid,1,0,0,0,0,0,0,6339655.0
Lucknow,2295.607645441147,4,2,24.00245639317719,1,Semi Furnished,Ground,2,0,1,0,1,0,0,13141087.0
Pune,1771.3873369562812,4,2,10.860573243717022,0,Semi Furnished,Mid,4,0,0,1,1,0,0,17843655.0
Delhi,1570.146712850272,4,3,34.58398480695529,1,Fully Furnished,Ground,3,0,0,2,1,1,1,21226820.0
Chennai,1171.7115183265391,3,3,1.7800431860154762,0,Fully Furnished,Ground,3,0,0,2,1,0,0,13456189.0
Lucknow,1953.8059055233841,3,3,42.94213166173168,0,Fully Furnished,Ground,3,1,0,2,1,0,0,10817076.0
Mumbai,1087.8887803162734,2,2,6.497623406304209,0,Semi Furnished,Ground,2,1,0,0,0,1,1,14885130.0
Lucknow,1896.8196471650515,3,2,29.65212538040889,0,Fully Furnished,Mid,2,0,0,2,0,1,1,10026954.0
Jaipur,1063.7443616971818,3,1,16.556184897866,1,Fully Furnished,Top,2,1,0,0,0,1,1,8041123.0
Bangalore,1177.746149062164,4,2,48.38635571493589,1,Unfurnished,Mid,2,0,1,1,1,0,0,11540516.0
Bangalore,1879.1411930589607,2,3,30.001466544302584,1,Semi Furnished,Top,2,0,0,0,0,1,0,14919057.0
Lucknow,1931.9136720778836,4,2,32.82516666963018,1,Fully Furnished,Mid,5,1,0,1,0,1,1,11539178.0
Jaipur,1798.7364669483804,3,2,14.985075794338233,1,Semi Furnished,Ground,1,0,0,1,1,0,1,10959360.0
Lucknow,975.1629421216026,2,2,26.860668070604934,1,Fully Furnished,Ground,2,0,0,1,0,0,1,4653297.0
Bangalore,1276.6365671385856,3,3,21.228505446111427,1,Fully Furnished,Mid,2,0,1,0,0,0,0,16305320.0
Ahmedabad,1578.4493705992568,4,1,2.6443133270613117,0,Semi Furnished,Top,2,1,0,2,1,0,1,14904284.0
Delhi,1075.3595190449541,4,3,15.687318852093616,1,Semi Furnished,Mid,1,1,0,1,1,0,0,14357074.0
Bangalore,2185.4813800646466,3,2,2.405622208480542,2,Semi Furnished,Mid,2,0,1,2,1,1,1,31655517.125
Delhi,400.0,1,1,30.540688169550926,1,Semi Furnished,Top,3,0,0,0,1,1,1,3548548.0
Mumbai,1110.6302423154236,4,3,1.0233764125148355,1,Unfurnished,Ground,3,0,0,0,0,1,0,16322781.0
Delhi,1245.2167485650841,3,2,65.19603593933853,0,Semi Furnished,Ground,2,0,0,0,1,1,0,11244812.0
Ahmedabad,400.0,3,2,7.678059197101504,2,Fully Furnished,Ground,3,0,0,1,1,0,0,3407724.0
Jaipur,801.8854348819045,2,3,2.8063218492855464,2,Fully Furnished,Top,1,0,1,0,1,0,0,7988389.0
Delhi,1812.644756271034,2,3,41.157100002162466,2,Semi Furnished,Ground,3,1,0,1,1,1,0,18031005.0
Pune,1515.141818276482,2,3,0.6973514534202673,0,Semi Furnished,Ground,1,1,0,1,0,0,1,14718391.0
Kolkata,2286.568011021451,4,3,9.526164040428512,2,Semi Furnished,Ground,3,0,1,0,0,1,1,21691743.0
Bangalore,2272.6132229424093,2,2,22.05995956029137,0,Semi Furnished,Top,3,1,0,1,0,1,1,26014981.0
Jaipur,1716.5231893019734,1,2,5.713427250191533,1,Semi Furnished,Top,2,0,0,0,0,1,0,10515846.0
Hyderabad,1656.6191245003558,3,2,11.28819340865908,1,Fully Furnished,Ground,1,0,0,0,0,0,0,13267324.0
Mumbai,1532.9655542894502,3,3,18.080257108845828,2,Unfurnished,Mid,1,0,0,0,1,1,0,20899530.0
Kolkata,400.0,2,4,45.540947393229494,1,Semi Furnished,Mid,3,0,0,0,1,0,0,2573906.0
Pune,802.7202433369623,1,2,1.6255194904478947,1,Semi Furnished,Ground,4,0,0,1,1,0,1,7994601.0
Chennai,1550.3377515494672,2,1,2.565859231137074,2,Semi Furnished,Top,4,0,0,1,0,1,1,16454144.0
Ahmedabad,1808.0128543738358,3,2,10.665723647590237,1,Semi Furnished,Ground,3,1,0,0,1,1,0,12879319.0
Lucknow,1644.8349060690703,2,3,8.1315187331872,1,Unfurnished,Ground,4,0,0,2,0,0,0,9086238.0
Kolkata,1053.7675161421712,3,2,7.934746173954194,0,Unfurnished,Mid,4,0,1,1,1,1,0,8878437.0
Jaipur,1968.7031412347478,2,3,5.285154413337071,1,Fully Furnished,Mid,3,1,0,2,0,0,0,16753901.0
Jaipur,2241.2220143773184,2,3,12.338071870562574,0,Semi Furnished,Ground,2,1,0,1,1,1,0,15371868.0
Jaipur,1968.9948001456698,3,4,32.22073196276869,2,Semi Furnished,Ground,4,0,0,1,0,1,1,12067602.0
Mumbai,1994.7996647952355,2,1,2.6318159765631832,2,Fully Furnished,Top,2,0,1,1,1,1,1,31655517.125
Delhi,1220.3871010223945,2,4,3.636545680313197,0,Fully Furnished,Mid,3,0,0,0,0,0,1,17025316.0
Bangalore,2037.9670613503995,3,3,16.6674178682827,1,Semi Furnished,Ground,3,0,0,0,0,0,0,19620036.0
Chennai,1572.8793196638287,3,1,0.8675777145184284,1,Unfurnished,Mid,4,0,0,0,0,1,1,13868997.0
Lucknow,1755.7777642610024,3,2,16.80202267285774,1,Fully Furnished,Mid,3,0,0,0,0,0,0,10873564.0
Jaipur,1682.7159214123544,2,3,5.663142230675046,1,Semi Furnished,Ground,2,0,0,1,0,1,0,11204091.0
Lucknow,1439.2564472797944,4,4,6.644092199811268,0,Semi Furnished,Mid,2,0,0,1,1,1,0,11606069.0
Hyderabad,1069.998762438849,4,2,7.801764259589186,0,Semi Furnished,Ground,2,0,0,1,1,0,1,8721827.0
Mumbai,1458.931668222977,4,1,6.452228948005092,1,Fully Furnished,Ground,3,1,0,0,1,0,0,22023102.0
Jaipur,1993.3808087414113,3,2,27.602554791107828,0,Fully Furnished,Top,2,0,0,0,1,1,1,14140310.0
Hyderabad,1279.2620973435453,4,4,43.80059649453324,1,Fully Furnished,Mid,3,0,1,0,1,1,0,12184722.0
Chennai,1946.673631304073,2,4,11.911477310097851,1,Semi Furnished,Top,3,1,0,0,0,0,1,18645695.0
Chennai,1868.5353353088358,2,2,13.079748240762049,2,Fully Furnished,Mid,3,1,0,0,0,0,1,18664152.0
Bangalore,1350.5313014900848,1,2,1.0963544818322863,1,Semi Furnished,Top,2,0,1,1,0,1,0,20067053.0
Pune,2194.4000518097882,4,3,18.734130402939083,1,Unfurnished,Ground,3,0,0,1,1,1,0,19790511.0
Bangalore,1322.226664404647,3,3,13.15961583546869,0,Unfurnished,Mid,3,1,0,0,0,1,1,14178355.0
Delhi,2254.7734313063156,4,4,0.7756300329316651,0,Unfurnished,Top,4,1,0,0,1,1,0,31655517.125
Lucknow,1717.0634907704862,2,3,3.3176635344631573,2,Fully Furnished,Ground,5,1,0,1,1,1,0,14504238.0
Ahmedabad,1492.0670407732432,4,2,3.3836367342305054,1,Semi Furnished,Ground,2,0,0,0,0,0,1,11120699.0
Chennai,1056.099309831173,4,3,2.8124469885134498,1,Fully Furnished,Mid,1,0,1,0,1,1,1,16531690.0
Ahmedabad,1455.8698849324794,4,1,16.122526261134848,2,Unfurnished,Mid,3,1,0,2,0,0,0,10378875.0
Mumbai,1398.1202432527898,3,3,39.55820467840601,0,Semi Furnished,Top,4,0,0,0,0,0,1,15997876.0
Kolkata,870.8518073745472,4,2,21.593865462815113,1,Unfurnished,Ground,2,0,0,0,1,1,1,5430425.0
Jaipur,1391.1922886411664,5,4,9.733322863363231,0,Semi Furnished,Ground,4,1,0,0,0,0,0,11274814.0
Mumbai,1098.0984099514571,3,4,7.764010290972331,1,Fully Furnished,Mid,2,0,0,1,1,1,1,20559624.0
Chennai,1792.9958844893908,3,1,7.327600937372449,0,Semi Furnished,Ground,2,1,0,1,1,0,0,16868010.0
Hyderabad,2153.1402378641014,3,2,13.791194929638621,0,Unfurnished,Top,4,1,0,1,0,1,0,17640004.0
Lucknow,886.5421618523796,3,2,6.67605184574094,1,Semi Furnished,Ground,3,0,1,1,0,0,0,5975601.0
Ahmedabad,2356.1538641834613,4,3,3.8451150498817537,1,Semi Furnished,Ground,3,0,0,0,0,1,1,19402478.0
Bangalore,1435.7244828074352,2,3,13.851350628646767,2,Unfurnished,Ground,3,1,0,2,1,0,0,14603042.0
Kolkata,1012.489307530743,3,4,7.431801096511621,1,Unfurnished,Top,4,0,0,1,1,0,0,8525710.0
Pune,1878.8773901040918,2,2,0.2133830093986607,1,Unfurnished,Mid,2,0,0,2,1,0,1,19041295.0
Mumbai,1276.772760872476,2,2,0.337229239709533,1,Unfurnished,Mid,4,0,1,1,0,1,1,20500781.0
Pune,1459.131661984253,2,1,4.805901772464792,1,Semi Furnished,Ground,3,1,0,1,0,1,1,14795185.0
Ahmedabad,1297.8608778939606,4,2,10.774581157835007,1,Semi Furnished,Ground,2,1,1,0,0,0,0,10307828.0
Ahmedabad,1091.63103406755,2,3,6.559898982752019,0,Unfurnished,Top,1,0,0,0,0,0,0,7201987.0
Jaipur,1861.9985162009518,4,3,0.3652380413927781,1,Semi Furnished,Top,1,0,1,0,0,0,1,19004355.0
Hyderabad,1356.8492985529065,4,2,3.7876540175654103,1,Unfurnished,Top,2,1,0,2,0,1,0,13869051.0
Hyderabad,781.6741039103771,3,3,1.5208479483761057,2,Semi Furnished,Ground,2,1,0,0,1,0,1,7075910.0
Delhi,1775.5300621079664,2,2,44.5310984249039,2,Fully Furnished,Mid,1,1,1,0,0,0,1,22831871.0
Bangalore,897.2088244881223,2,2,5.627692435945807,1,Semi Furnished,Mid,3,1,0,0,0,1,1,10581222.0
Chennai,923.3699136623707,3,2,0.22314719605171743,1,Unfurnished,Ground,5,0,0,2,1,0,0,8040767.0
Chennai,2096.303102488658,1,2,16.207014878658455,1,Fully Furnished,Ground,3,1,0,1,0,1,1,20004311.0
Ahmedabad,901.8300503948941,3,3,3.968234577958363,0,Fully Furnished,Top,3,0,0,1,0,1,0,9099414.0
Mumbai,400.0,5,2,12.546129384441363,1,Unfurnished,Mid,2,0,0,0,1,0,0,5357537.0
Lucknow,1811.4307424807478,2,2,2.450944795724279,2,Unfurnished,Mid,2,1,0,1,0,0,1,9660975.0
Chennai,1348.0682852594348,3,3,62.039911413166415,2,Semi Furnished,Ground,2,0,0,1,0,1,1,9730563.0
Chennai,1391.1724394309417,5,4,52.72852480182952,1,Semi Furnished,Ground,4,0,0,2,1,1,1,13071052.0
Mumbai,1342.7498033249,4,2,16.00597839796033,1,Fully Furnished,Ground,5,0,0,0,0,1,1,19904010.0
Bangalore,1615.8349695093634,4,2,18.42411676868081,0,Semi Furnished,Top,3,0,0,2,0,1,0,19533587.0
Kolkata,1123.640379048466,4,2,8.323723712053498,1,Semi Furnished,Mid,1,1,0,1,1,0,1,10394937.0
Hyderabad,2238.0574372828823,3,1,49.12349862119284,2,Semi Furnished,Mid,3,1,0,0,0,1,1,15627372.0
Jaipur,761.8847598453008,4,1,8.267935086937225,1,Fully Furnished,Ground,3,1,0,1,0,0,1,6041458.0
Jaipur,1722.4374583385616,4,3,4.106056307691383,1,Semi Furnished,Top,4,1,0,0,1,0,1,16920670.0
Jaipur,1821.060501938292,3,1,1.8389329945794841,1,Semi Furnished,Mid,3,0,0,2,0,0,0,13249076.0
Mumbai,1120.174119583311,3,2,3.5002816072723695,1,Unfurnished,Ground,3,0,0,0,0,0,0,13847009.0
Jaipur,988.1327773610908,3,3,12.736965732267608,1,Fully Furnished,Ground,3,1,0,0,1,0,1,8192135.0
Ahmedabad,2008.587107085078,3,3,4.21738526740193,1,Unfurnished,Ground,3,1,0,0,0,1,1,14425684.0
Delhi,1004.5696229916425,2,2,15.930564830377573,1,Fully Furnished,Mid,3,0,1,1,1,0,0,14683541.0
Mumbai,1196.6680296247166,3,2,7.223481629592986,2,Unfurnished,Top,3,1,0,2,0,0,0,19832345.0
Mumbai,1943.6544812298732,3,2,32.68865042227185,1,Unfurnished,Top,4,0,1,0,0,1,1,22195851.0
Hyderabad,1517.370616769512,3,2,12.26291374286008,2,Unfurnished,Ground,1,0,0,0,0,0,0,10651402.0
Jaipur,601.4281661854477,2,2,14.616905784635835,2,Unfurnished,Top,4,0,0,0,1,0,0,3584753.0
Pune,2373.529572276757,4,2,12.197884944002377,1,Semi Furnished,Top,4,0,1,2,1,1,0,31551702.0
Kolkata,1234.9946206100171,2,1,32.516719266084536,0,Semi Furnished,Ground,3,1,0,0,1,1,1,6910967.0
Delhi,1298.6213550467915,2,2,0.9827981244834814,0,Semi Furnished,Mid,4,0,0,1,1,0,0,17672376.0
Mumbai,1627.8921261631826,3,2,1.0458584432648872,1,Unfurnished,Top,4,0,1,0,1,0,0,30786530.0
Delhi,1812.5383985020364,3,4,18.146857662397537,2,Fully Furnished,Mid,3,0,0,1,0,1,0,26413089.0
Mumbai,2480.5521456457336,2,2,21.9129348719924,2,Fully Furnished,Top,4,0,0,1,1,1,1,31655517.125
Bangalore,669.9659252971518,3,3,8.526540815480418,0,Unfurnished,Ground,2,1,0,2,0,1,1,8124163.0
Hyderabad,1912.976104462973,4,2,6.515035405034744,1,Unfurnished,Mid,3,0,0,0,1,1,1,17165898.0
Ahmedabad,1871.5048470250385,3,3,4.884810860934029,2,Semi Furnished,Mid,2,1,0,0,1,0,1,17487354.0
Bangalore,1431.4175445629417,3,2,4.006331383799572,0,Unfurnished,Top,2,0,0,1,1,0,1,16458235.0
Lucknow,1893.6368474081112,2,2,36.44922005031154,2,Semi Furnished,Mid,4,1,0,0,0,0,1,9548117.0
Jaipur,1967.1370088182734,3,3,5.246331507947303,1,Semi Furnished,Top,2,0,0,1,0,0,1,16015685.0
Lucknow,809.0186075064978,4,3,15.665219702684006,2,Unfurnished,Mid,3,0,0,1,0,0,1,4925802.0
Kolkata,2374.8832529404153,3,4,23.20362285947717,1,Fully Furnished,Top,2,0,0,2,1,0,1,22594167.0
Pune,720.6188734309292,4,3,0.3331715424710127,1,Fully Furnished,Top,3,0,0,1,1,1,1,11633303.0
Ahmedabad,932.3418593806134,3,1,0.5169176044686277,1,Unfurnished,Ground,2,0,1,0,0,0,1,6746773.0
Bangalore,1369.1061631879518,3,2,6.077568873634791,2,Semi Furnished,Ground,3,1,0,0,0,0,0,15909604.0
Delhi,2462.470256593528,4,2,17.861690541340387,1,Semi Furnished,Top,4,1,0,0,0,0,1,31015192.0
Delhi,1345.8716851233069,4,1,4.532773686305522,1,Fully Furnished,Top,3,1,0,1,1,0,1,24374570.0
Kolkata,1484.0330549745947,4,3,0.02226587394803699,1,Semi Furnished,Top,4,0,0,1,1,0,1,15855474.0
Mumbai,2216.0393019522817,3,2,5.098276706823682,2,Fully Furnished,Ground,2,0,0,1,0,1,0,31655517.125
Delhi,1349.8409287172635,4,3,1.4168166653734229,0,Unfurnished,Ground,4,0,0,2,1,1,0,17310279.0
Jaipur,910.7816435346622,3,2,3.715642049655149,1,Unfurnished,Mid,3,0,0,0,1,1,1,6150478.0
Pune,1291.3825823808427,4,2,6.078751983991095,0,Semi Furnished,Top,3,0,0,2,0,0,0,14641409.0
Hyderabad,2185.3959169028885,1,1,2.055474470966776,1,Unfurnished,Mid,4,1,1,0,0,0,1,17072631.0
Jaipur,1535.4324985275682,3,1,18.381252770051006,1,Unfurnished,Ground,3,0,0,2,1,0,1,9510762.0
Pune,2465.3291295281297,4,3,4.434105522760823,0,Semi Furnished,Top,4,1,0,0,1,1,1,30484542.0
Kolkata,1868.9674631310777,2,4,16.230522820151894,2,Semi Furnished,Mid,3,1,0,2,1,1,1,17835314.0
Jaipur,1177.5955318032584,3,2,13.70813673399935,1,Fully Furnished,Mid,3,0,0,0,0,0,1,8749607.0
Hyderabad,1525.5381522325392,4,3,34.24842784422504,1,Unfurnished,Top,2,1,0,1,0,0,0,11551061.0
Hyderabad,1073.3909409290602,2,2,1.3806302348174007,1,Unfurnished,Mid,5,1,0,2,0,0,1,9010797.0
Chennai,1165.783484675615,3,4,3.623586968645817,1,Semi Furnished,Mid,1,1,0,0,1,0,1,14148452.0
Mumbai,2858.437593116735,3,2,30.057046070656682,0,Unfurnished,Ground,4,0,1,1,0,0,0,31655517.125
Kolkata,2009.3122550169055,3,2,25.900657808254678,2,Fully Furnished,Ground,3,0,0,1,1,0,1,15276422.0
Jaipur,1930.5489945033364,1,2,3.199858036079928,1,Fully Furnished,Mid,3,1,0,1,0,1,0,15795231.0
Ahmedabad,1188.409842345968,2,2,1.7098985918079395,1,Semi Furnished,Mid,2,1,0,1,0,1,1,10745433.0
Ahmedabad,2284.7920331405394,2,2,29.094303367683324,0,Unfurnished,Top,2,1,0,1,0,0,1,11606952.0
Kolkata,2049.7078008964686,2,2,2.9427427555953147,1,Fully Furnished,Ground,2,0,0,1,0,0,0,17876575.0
Jaipur,2440.810644678885,2,2,30.731905066537482,2,Unfurnished,Top,5,0,0,0,1,0,1,12956251.0
Bangalore,2416.5570741992246,3,1,48.707084637080094,1,Semi Furnished,Top,1,1,0,0,0,1,1,23338420.0
Bangalore,760.4553559512391,3,3,3.742440696341121,0,Semi Furnished,Ground,2,0,0,1,0,0,0,9205255.0
Mumbai,945.0802553650464,4,3,27.525103533804746,0,Unfurnished,Mid,2,0,0,1,0,1,0,10005569.0
Jaipur,998.1060922681818,2,3,8.270316220740643,2,Fully Furnished,Mid,4,0,1,1,1,0,1,9434480.0
Hyderabad,1028.0296783337815,3,2,23.32271365266495,0,Semi Furnished,Top,3,0,1,2,0,1,1,9514206.0
Delhi,1661.7261821301952,3,1,7.84842179050253,2,Unfurnished,Top,2,1,0,0,1,0,0,21498349.0
Ahmedabad,1216.5982739520912,4,2,1.0949423747239369,0,Unfurnished,Mid,3,1,0,2,0,1,1,10284003.0
Jaipur,2536.2992703812592,3,1,18.70817787904097,1,Fully Furnished,Top,2,1,0,0,1,1,0,19183558.0
Jaipur,2452.3399410408188,4,2,2.4499413367637564,1,Semi Furnished,Mid,1,1,0,1,1,1,1,21544999.0
Delhi,1496.76920296048,1,1,39.26459379267433,0,Unfurnished,Ground,3,0,0,0,1,1,1,11125540.0
Delhi,2477.6631080748953,3,2,8.112734796268276,1,Semi Furnished,Ground,2,1,1,0,0,0,1,31655517.125
Pune,2244.067313620101,3,1,1.2833707422480887,1,Semi Furnished,Mid,2,0,0,0,1,1,1,24035536.0
Chennai,1274.6467204113706,4,1,3.890890547078035,1,Semi Furnished,Top,2,1,0,0,1,0,1,14835267.0
Mumbai,495.39232798721923,3,4,29.763892456833904,1,Unfurnished,Ground,3,1,0,2,1,0,0,5455582.0
Ahmedabad,1391.0158075196352,3,4,5.80890052622379,2,Unfurnished,Mid,4,0,0,1,1,0,1,12202999.0
Delhi,1177.6889344607634,2,2,29.103334804842643,1,Fully Furnished,Mid,4,0,0,0,0,1,1,12619290.0
Bangalore,1603.2528125729152,3,2,2.836327304690694,0,Fully Furnished,Top,1,1,1,1,1,1,0,28558714.0
Kolkata,1544.6141434373747,2,3,9.472828206607039,1,Semi Furnished,Top,3,0,0,0,0,1,0,13316362.0
Bangalore,1531.5088294496143,1,3,31.587952220174287,0,Unfurnished,Top,1,0,0,0,1,0,0,11601528.0
Pune,1761.8423706895824,2,3,0.7442336800453839,0,Semi Furnished,Ground,3,0,0,1,1,1,0,17874328.0
Pune,893.7390264581608,5,2,5.442059236363502,1,Unfurnished,Ground,4,1,0,1,1,1,0,8812677.0
Delhi,1705.6801387848539,3,1,36.09446940801173,1,Unfurnished,Ground,3,0,1,2,0,0,1,15662989.0
Pune,1280.191923491497,4,1,13.614660626219559,1,Semi Furnished,Mid,2,1,0,1,0,1,0,12875354.0
Hyderabad,1599.9910999318436,5,3,18.893981066969936,1,Fully Furnished,Mid,4,0,0,0,0,0,1,16124394.0
Lucknow,1978.7049226160948,4,3,27.68960218534729,0,Unfurnished,Mid,1,0,1,2,1,1,0,10908561.0
Jaipur,887.8001133894852,4,2,11.122349099924229,1,Semi Furnished,Ground,2,0,0,2,1,1,1,6086700.0
Jaipur,1359.3531736652153,4,2,28.000404068194868,1,Fully Furnished,Mid,4,0,0,0,0,1,1,9056959.0
Delhi,1440.7328829855678,2,2,15.273380615986945,0,Fully Furnished,Mid,4,1,0,0,0,1,0,17947971.0
Pune,1242.8655142146795,2,3,17.358745462080883,2,Unfurnished,Ground,2,0,0,1,1,0,1,10773302.0
Kolkata,1949.9147480664788,3,3,2.4882414509891198,1,Semi Furnished,Mid,3,0,1,1,0,0,0,18122621.0
Hyderabad,1139.8058205997643,3,2,41.95785207656722,1,Fully Furnished,Ground,2,0,0,1,1,1,1,7980428.0
Mumbai,1222.2998002788306,2,2,23.850732797542307,2,Unfurnished,Mid,4,0,0,0,0,0,1,13343153.0
Pune,1145.0404335239677,3,2,4.399386640763519,1,Semi Furnished,Top,3,0,0,0,1,0,1,12749479.0
Hyderabad,2046.0277057194007,3,3,13.012318030460804,0,Unfurnished,Ground,3,0,0,1,0,1,0,15248282.0
Chennai,1253.7779437938916,4,3,7.0852774784201955,0,Semi Furnished,Mid,2,0,0,1,0,0,0,11590175.0
Mumbai,1730.022695441778,3,1,16.199890655090865,0,Unfurnished,Mid,3,0,0,2,1,0,0,19400034.0
Jaipur,2487.852550615037,3,2,76.12003282714275,1,Unfurnished,Top,3,0,0,1,1,0,0,14077223.0
Chennai,1462.5907898247074,3,3,0.7023871766152111,0,Semi Furnished,Top,2,0,0,0,1,1,1,17544688.0
Delhi,2056.0303400165785,3,2,45.7128499971833,0,Unfurnished,Mid,4,0,0,0,0,0,1,16478737.0
Ahmedabad,2335.677042046564,5,2,1.127179938813281,1,Semi Furnished,Top,2,0,0,0,1,1,0,22141101.0
Delhi,2013.5957800202068,2,2,9.264047027790372,1,Fully Furnished,Top,4,0,0,0,0,1,0,29552640.0
Kolkata,1491.5993420111297,3,3,9.869863063545875,1,Fully Furnished,Top,3,1,0,1,1,0,1,14550458.0
Hyderabad,1821.0538794993067,3,3,4.694474207484613,1,Unfurnished,Top,4,1,0,1,0,0,1,18330301.0
Ahmedabad,856.3107034323273,3,2,12.544849538344744,1,Semi Furnished,Mid,3,0,1,2,1,1,1,7420378.0
Mumbai,1109.978420925024,2,2,26.933272920529603,1,Fully Furnished,Top,3,1,0,1,0,0,0,16172432.0
Mumbai,1197.6624091840404,2,1,5.221297128512664,1,Semi Furnished,Top,2,1,0,0,0,1,1,19126341.0
Chennai,2620.3060600871413,2,3,1.095093067297868,2,Fully Furnished,Ground,3,0,0,2,0,0,0,29405743.0
Kolkata,1093.7077428723665,3,3,15.006653456772138,0,Semi Furnished,Top,2,0,0,2,0,0,0,9481211.0
Jaipur,1086.2616243690852,4,2,20.89949033245621,0,Semi Furnished,Mid,1,0,0,1,0,0,0,5937498.0
Pune,978.0395098755082,3,2,46.3582318611495,1,Fully Furnished,Ground,2,1,0,1,1,1,1,9362846.0
Pune,1779.9058809653804,2,1,2.6068147588329773,0,Fully Furnished,Top,4,0,0,1,0,1,0,20991792.0
Ahmedabad,1571.3106963344414,3,2,34.74415589509276,1,Unfurnished,Ground,4,1,0,1,1,1,1,9289048.0
Kolkata,2043.3794885132825,2,1,9.870276571349345,1,Semi Furnished,Ground,2,0,0,0,1,1,1,13525652.0
Kolkata,1835.6298330386771,4,3,4.0330664428132526,0,Unfurnished,Mid,2,0,0,2,1,0,1,16019982.0
Mumbai,809.8050766379663,3,3,49.350933996649985,1,Fully Furnished,Mid,3,0,1,2,0,1,1,12104611.0
Jaipur,1096.3611149948147,5,2,4.085583437934767,0,Fully Furnished,Top,2,0,0,0,1,1,0,10811155.0
Hyderabad,2182.6643741379107,3,3,19.83257434376715,0,Semi Furnished,Ground,3,1,1,1,1,1,1,21289963.0
Jaipur,1398.3508777115976,4,2,23.048861660882018,1,Semi Furnished,Ground,2,0,0,0,1,0,1,8184569.0
Bangalore,2093.795909009006,2,3,8.445449269587202,2,Fully Furnished,Ground,2,0,0,1,0,1,1,28117894.0
Kolkata,1425.1595260423414,2,1,17.567011420804903,1,Unfurnished,Mid,2,0,0,2,0,0,1,8657021.0
Delhi,1016.1717858557392,1,1,12.74621049570834,1,Semi Furnished,Mid,2,0,0,1,0,0,1,10902745.0
Lucknow,1348.369611166647,3,2,3.1985063470817514,1,Semi Furnished,Mid,2,0,0,0,1,1,0,9691645.0
Kolkata,1015.975102225152,3,2,21.39973960296226,0,Unfurnished,Mid,5,1,0,1,0,1,0,6822642.0
Ahmedabad,1217.223618798788,3,1,39.46970128424421,1,Fully Furnished,Top,3,0,1,0,0,0,0,9091558.0
Delhi,1600.462853282623,4,2,10.0601644757951,1,Fully Furnished,Top,2,1,0,2,0,0,1,27505153.0
Ahmedabad,1755.80254518451,2,2,77.5363452493821,1,Fully Furnished,Ground,3,0,0,1,1,1,0,10523048.0
Chennai,704.9043383728509,3,3,8.37833473151385,0,Fully Furnished,Top,2,1,0,2,0,1,1,8520735.0
Lucknow,1491.3159962454508,4,2,9.801300156455945,1,Unfurnished,Ground,3,0,0,0,1,1,0,8711313.0
Lucknow,1206.6921322201238,3,2,16.80815359060014,1,Fully Furnished,Ground,4,0,0,0,0,0,1,7095396.0
Mumbai,1175.7925955205937,4,3,3.082688621070265,1,Semi Furnished,Mid,3,0,0,2,1,1,1,21141143.0
Kolkata,1566.3423095665385,3,3,34.833555496584225,1,Semi Furnished,Mid,3,1,0,2,1,0,0,11970714.0
Mumbai,1224.774063655394,3,2,24.237333519225825,1,Semi Furnished,Top,2,1,0,0,1,1,0,17579366.0
Pune,2191.068997423337,2,2,30.884855858078843,1,Unfurnished,Top,3,0,1,2,1,1,1,18939127.0
Ahmedabad,2094.03093812553,4,2,14.1071599873411,0,Unfurnished,Top,1,1,0,2,0,0,1,15555919.0
Bangalore,2090.91414697102,4,2,32.27992044641316,0,Semi Furnished,Ground,3,1,0,1,1,0,1,19993069.0
Bangalore,1252.5449022548491,5,1,17.090224644421795,2,Fully Furnished,Ground,5,0,1,2,0,1,1,17636703.0
Pune,1018.7505825403389,3,2,10.74810723271987,1,Fully Furnished,Mid,4,1,0,1,0,1,1,12755195.0
Chennai,1541.0149646940577,4,3,40.27763826433328,1,Fully Furnished,Top,4,1,0,0,1,1,1,16736377.0
Bangalore,1424.8258168568664,3,2,8.689773113984023,2,Fully Furnished,Mid,2,0,0,1,1,1,0,21301319.0
Ahmedabad,1195.5884187883175,3,1,10.414313122622266,1,Semi Furnished,Top,3,0,0,2,1,1,0,9663874.0
Bangalore,912.1327766665192,4,2,2.7867001100661133,1,Fully Furnished,Top,4,0,0,1,0,0,1,13979076.0
Pune,1479.2410153659641,2,3,44.24963196864698,1,Unfurnished,Mid,1,0,0,0,0,0,1,10803955.0
Delhi,1297.9652748737633,2,2,3.7471803821457583,0,Fully Furnished,Ground,4,0,1,1,1,1,1,17924842.0
Mumbai,1844.1735185190098,3,3,3.3737253702996375,2,Fully Furnished,Top,1,0,0,0,0,0,1,31655517.125
Hyderabad,1832.5530257607397,4,2,1.6003310307881913,1,Semi Furnished,Mid,5,0,1,1,0,1,1,19891457.0
Ahmedabad,2050.3999027113587,3,3,9.059457367062597,0,Fully Furnished,Top,1,0,0,1,0,1,0,20127657.0
Mumbai,870.3522240599809,3,2,4.795117230212477,0,Semi Furnished,Ground,2,0,0,1,0,0,1,12490614.0
Lucknow,1700.5291538468164,5,2,20.25123025157319,2,Semi Furnished,Mid,1,0,0,0,1,1,0,10831969.0
Jaipur,1136.267146883164,3,3,5.512173928789234,0,Fully Furnished,Ground,1,1,0,2,1,0,0,9105054.0
Bangalore,889.7928945944576,2,4,19.135806019762853,0,Semi Furnished,Top,4,1,0,2,1,0,0,10224067.0
Bangalore,1285.698881525645,3,3,3.2716140970129293,1,Unfurnished,Ground,1,1,0,0,0,0,1,14330000.0
Chennai,2034.3524900673087,4,3,3.9198060884636625,2,Semi Furnished,Top,4,1,1,1,1,1,1,28226941.0
Mumbai,1313.8408232147578,2,2,24.61192886037123,1,Semi Furnished,Top,4,0,0,1,1,0,1,17234334.0
Jaipur,2282.727329979556,3,2,6.9565914681483125,2,Fully Furnished,Top,4,0,1,1,0,1,1,24428109.0
Bangalore,1774.4392577601668,1,2,1.777935546015564,2,Fully Furnished,Mid,4,1,0,0,1,1,1,28061103.0
Lucknow,1302.9547605097116,3,2,48.819023771854845,2,Semi Furnished,Ground,5,0,0,2,0,0,1,6936009.0
Chennai,2080.0242144532044,2,2,2.9291353222767262,1,Unfurnished,Ground,1,1,0,2,1,1,0,17821749.0
Mumbai,1722.698386057143,3,2,2.441262910498832,1,Unfurnished,Mid,5,0,0,1,0,0,0,24249936.0
Chennai,1033.7203057766474,3,3,6.656434000467156,0,Semi Furnished,Mid,1,0,0,0,1,0,1,10024677.0
Mumbai,2429.4013177902575,4,2,1.5078131714732228,0,Semi Furnished,Ground,2,1,0,1,0,1,1,31655517.125
Kolkata,1629.7394115432382,3,2,2.537225351857466,1,Semi Furnished,Top,1,1,0,0,0,0,1,14674993.0
Kolkata,1509.398095992746,4,1,28.10540773444034,0,Semi Furnished,Ground,3,0,1,1,0,0,0,9639548.0
Pune,1072.233665047192,3,4,2.8222007549319543,1,Fully Furnished,Top,1,1,0,1,0,1,1,15502762.0
Ahmedabad,2089.769133803869,1,3,1.772073961693456,0,Semi Furnished,Top,2,0,1,0,1,0,0,18012910.0
Chennai,1758.6377136806532,2,2,31.798646092060807,0,Semi Furnished,Ground,3,1,0,0,1,0,0,11592074.0
Pune,1814.6190901476205,4,3,8.799315886304644,2,Unfurnished,Mid,3,0,0,1,1,0,1,19630338.0
Chennai,1246.2343282371157,3,3,2.564724408329329,1,Semi Furnished,Mid,2,1,1,0,0,1,1,14420654.0
Bangalore,1917.0502859550343,5,3,13.06680059806579,1,Semi Furnished,Top,3,1,0,1,1,1,0,27827686.0
Hyderabad,1955.9067967854007,2,2,0.6358771385844283,1,Semi Furnished,Ground,2,0,1,0,0,0,1,18981585.0
Chennai,1165.6108806094387,2,2,8.363061297617696,1,Semi Furnished,Ground,3,1,1,2,0,1,1,11975729.0
Bangalore,791.5049301595045,3,1,13.385457638382022,1,Semi Furnished,Mid,3,0,0,2,0,1,1,8826097.0
Jaipur,1790.686529669462,3,4,47.240257019109855,1,Unfurnished,Ground,5,1,0,2,0,0,0,8769000.0
Kolkata,713.3265251971301,2,4,5.928224496562707,1,Fully Furnished,Mid,4,1,0,0,1,1,1,7419478.0
Pune,1576.0078889188896,3,3,21.725808308246002,0,Fully Furnished,Top,1,0,0,2,0,1,1,18119075.0
Hyderabad,1276.3774476063463,3,2,2.135551900855484,0,Unfurnished,Ground,2,0,0,0,1,1,1,10323837.0
Lucknow,2109.3326053944606,3,2,8.526353631375088,1,Semi Furnished,Ground,4,1,0,2,0,0,0,11371377.0
Kolkata,1303.5780546163965,2,2,3.7873251176871023,1,Unfurnished,Mid,3,0,0,0,1,0,0,8975155.0
Pune,2053.636486001902,3,2,10.172927887364546,2,Semi Furnished,Top,4,0,0,2,0,0,1,24203922.0
Hyderabad,1242.8952778184869,3,2,8.099488070002844,2,Fully Furnished,Top,3,1,0,0,1,1,0,15909268.0
Lucknow,1999.9955025298054,3,1,58.519992709804114,1,Fully Furnished,Mid,4,1,1,1,0,1,1,12333476.0
Delhi,2530.170771918416,3,4,37.4239907746111,1,Fully Furnished,Top,2,1,0,2,1,0,0,31655517.125
Bangalore,965.9764308168798,4,2,13.091498261239682,2,Semi Furnished,Ground,3,0,1,1,0,0,1,11525601.0
Delhi,1646.017860865454,3,3,2.9130540456245524,2,Semi Furnished,Ground,4,0,0,1,1,1,0,24427571.0
Bangalore,2858.437593116735,4,3,12.211326432344787,0,Unfurnished,Mid,2,0,1,1,1,0,1,31655517.125
Mumbai,1533.2944134514607,3,2,23.559192696046658,0,Semi Furnished,Top,2,1,1,2,1,1,1,24521564.0
Ahmedabad,1530.8941351148242,2,2,0.5815351746325532,0,Semi Furnished,Top,3,0,0,1,0,1,0,11806995.0
Hyderabad,1894.2494736755098,3,4,8.53819582305588,1,Fully Furnished,Ground,4,0,0,1,0,0,1,18667413.0
Delhi,1520.5404320473772,3,3,0.6537450832955556,1,Semi Furnished,Mid,4,0,0,0,0,0,1,21967895.0
Ahmedabad,646.3870027147237,3,2,4.1948739927934104,1,Unfurnished,Mid,3,1,0,1,0,1,1,5304845.0
Hyderabad,2066.143687419469,3,1,1.4495577817200147,1,Unfurnished,Ground,3,0,0,0,0,1,0,16771216.0
Pune,498.5257930674036,2,3,48.50157602968092,2,Fully Furnished,Ground,4,1,0,0,0,0,1,4199355.0
Mumbai,1291.604174430829,3,2,2.7737896706243785,1,Semi Furnished,Top,2,1,0,1,1,0,1,24546553.0
Pune,2103.712874578324,4,2,2.4396172721972196,0,Fully Furnished,Mid,4,0,0,0,0,0,1,24413812.0
Bangalore,1321.7287856786072,3,3,53.662736796579836,2,Fully Furnished,Ground,2,1,0,0,0,0,0,13735092.0
Ahmedabad,1153.1517537677978,3,3,10.884041887959356,1,Unfurnished,Mid,3,1,0,1,1,1,0,8779418.0
Hyderabad,1939.6319525832803,5,2,21.28133551557142,2,Fully Furnished,Mid,4,1,0,2,1,0,0,20023401.0
Chennai,1074.4426065828068,3,3,5.947163907543612,0,Fully Furnished,Top,3,1,0,0,1,0,1,13211608.0
Ahmedabad,888.8871402040231,2,3,11.416916873380838,2,Unfurnished,Ground,1,1,0,1,1,1,0,5845102.0
Jaipur,1637.2569937466417,4,3,0.10315959946491389,1,Fully Furnished,Top,4,0,1,0,0,1,0,17468366.0
Lucknow,1408.5383507937045,2,2,7.884482305631023,0,Fully Furnished,Ground,3,0,1,2,1,0,0,10470955.0
Delhi,878.163442905579,3,2,12.148241766951584,1,Semi Furnished,Ground,1,1,0,0,0,0,0,9280649.0
Hyderabad,1818.4762699974349,2,1,10.835864538475043,2,Semi Furnished,Mid,1,0,0,0,1,0,0,12500742.0
Kolkata,1732.243802788617,1,2,7.808586732141149,1,Semi Furnished,Ground,2,1,0,2,0,0,0,12473194.0
Kolkata,1320.122491697184,2,4,23.26100326137801,0,Semi Furnished,Mid,2,0,0,1,1,0,1,9223757.0
Lucknow,1354.3339969375268,3,4,10.446513454514397,1,Unfurnished,Ground,3,0,1,2,0,0,1,8387703.0
Bangalore,1735.1963710045784,2,3,15.163988626372102,2,Unfurnished,Ground,3,0,0,0,0,0,0,15491045.0
Ahmedabad,2095.1807098760332,2,2,3.061536068981466,0,Semi Furnished,Mid,4,0,0,0,0,0,1,14441345.0
Ahmedabad,1358.6033949453376,4,3,29.65328474196276,0,Fully Furnished,Top,3,1,0,0,1,1,0,10678807.0
Kolkata,1827.3442465040723,4,2,6.760927277774672,0,Fully Furnished,Mid,2,0,0,1,0,0,0,14503128.0
Ahmedabad,1782.6001085422995,4,1,9.8697018161249,0,Fully Furnished,Ground,1,0,0,0,1,1,0,14259849.0
Lucknow,1939.653646354488,4,2,6.512478209461192,0,Semi Furnished,Top,1,1,0,0,1,0,1,16323199.0
Ahmedabad,1519.6545993717327,3,2,33.37147409377998,1,Fully Furnished,Ground,4,0,0,2,0,0,0,9133120.0
Bangalore,1043.8372429668211,4,2,34.65021134103822,1,Unfurnished,Top,2,0,1,0,1,0,1,10248283.0
Delhi,1268.7504234000153,3,2,3.809538741228132,1,Semi Furnished,Top,3,0,0,1,0,0,0,19023671.0
Jaipur,1671.426732890824,3,2,20.95817947365837,1,Semi Furnished,Ground,4,0,0,1,0,0,0,8906747.0
Delhi,2409.2321891907964,3,2,1.6285439840669447,0,Fully Furnished,Ground,4,1,0,0,1,0,1,31655517.125
Jaipur,1257.9901884018607,2,1,0.45457416665173817,1,Semi Furnished,Top,2,0,0,1,0,0,1,9176984.0
Chennai,1902.3937217636994,4,3,27.17185315022,1,Fully Furnished,Top,2,0,1,0,0,1,0,19479058.0
Delhi,1335.97177466162,3,2,2.1092576299584826,2,Semi Furnished,Ground,2,1,1,0,0,1,0,20230740.0
Lucknow,1555.2343779430678,2,2,2.522423190800822,1,Fully Furnished,Ground,2,0,0,0,1,0,1,10011193.0
Mumbai,2257.6983746317965,2,3,13.993477939174667,0,Fully Furnished,Mid,3,1,0,1,1,0,1,31655517.125
Chennai,1882.1462907102166,2,2,25.455074828718306,1,Fully Furnished,Ground,3,1,0,2,1,0,1,15927209.0
Jaipur,879.3503636295216,4,2,3.1534269201121226,0,Fully Furnished,Mid,3,0,0,1,1,1,1,7765550.0
Jaipur,1213.7624880942046,5,3,1.8188298167927923,2,Fully Furnished,Ground,2,0,0,2,1,1,1,12434605.0
Chennai,2128.1106722206796,3,2,1.2071301330842743,1,Unfurnished,Mid,3,1,1,2,0,1,1,23921575.0
Jaipur,1570.9390213142476,2,3,0.3774044071691435,1,Unfurnished,Ground,1,1,0,1,1,0,1,10490209.0
Hyderabad,925.5799401920682,2,2,1.857605820289853,1,Fully Furnished,Top,4,0,0,0,0,0,0,9396901.0
Mumbai,1090.5237775131395,4,2,42.88970206446465,0,Unfurnished,Mid,4,0,0,0,0,1,1,11368640.0
Lucknow,1851.746761355586,2,2,1.5019882892788008,1,Fully Furnished,Ground,3,0,0,0,1,0,1,13120581.0
Hyderabad,1997.205140608815,4,2,13.65310068449752,1,Fully Furnished,Mid,2,0,0,1,1,0,0,19225707.0
Jaipur,1508.9276507410873,3,1,38.06823090355594,0,Unfurnished,Mid,5,0,0,1,1,0,1,6704289.0
Delhi,2737.6569004680514,4,1,14.825670735250114,1,Unfurnished,Mid,4,0,0,1,1,0,1,27276723.0
Hyderabad,1912.0761817278194,3,2,0.4994084428112668,2,Fully Furnished,Mid,1,0,0,1,0,0,0,20699315.0
Delhi,1378.2594651835498,3,3,13.610478018546488,0,Unfurnished,Ground,3,0,0,0,1,0,0,13804738.0
Chennai,1092.146975950328,3,3,35.00576690433069,0,Semi Furnished,Mid,2,0,0,0,0,0,1,7738199.0
Ahmedabad,1012.5578476804793,4,3,5.8414930001179926,2,Unfurnished,Ground,2,1,1,1,0,1,1,9082481.0
Pune,1667.7106602401848,4,2,5.645031323556844,0,Fully Furnished,Mid,1,0,0,1,1,0,0,19421988.0
Jaipur,1255.6114775432966,3,3,4.292520062494075,0,Semi Furnished,Top,3,0,0,0,1,1,0,9594975.0
Pune,2336.8718769917123,3,2,10.564474465499588,1,Unfurnished,Ground,2,0,1,0,1,0,1,21799885.0
Mumbai,2233.1559014589297,4,2,4.076005815035811,1,Unfurnished,Ground,2,0,0,0,0,1,0,29952062.0
Delhi,1816.5332737486137,4,3,19.29884077433661,2,Unfurnished,Ground,1,0,0,1,0,0,0,19870407.0
Hyderabad,910.5019135215522,3,1,15.528721821478394,1,Unfurnished,Ground,1,0,0,1,1,0,0,5970037.0
Pune,1163.8905637237976,1,4,7.681737219806207,2,Unfurnished,Mid,4,0,0,2,1,1,1,11745747.0
Bangalore,2127.8387628705505,2,3,19.231991579199857,1,Fully Furnished,Top,3,0,0,1,0,0,0,26682547.0
Jaipur,1218.466900102449,4,3,1.555367088297481,1,Unfurnished,Top,2,0,0,1,0,0,0,10138840.0
Pune,2061.070866959762,2,3,20.766146274732826,0,Semi Furnished,Top,1,1,0,0,0,1,1,20737332.0
Hyderabad,1737.3019615173805,2,3,13.853816165859094,1,Unfurnished,Top,4,1,0,2,1,1,0,16291849.0
Hyderabad,1525.8589424065935,2,4,14.917144301629007,2,Unfurnished,Ground,4,0,0,0,0,1,0,11306207.0
Mumbai,1148.5835935322793,3,3,1.0027370318395192,1,Fully Furnished,Top,3,0,0,1,1,1,1,23039889.0
Kolkata,1452.878078237624,3,2,14.440322500375233,0,Fully Furnished,Top,2,1,0,0,0,1,0,13532519.0
Lucknow,1594.823977437449,2,2,10.221896888733708,1,Semi Furnished,Top,3,0,0,1,0,0,0,10746991.0
Bangalore,2016.2694491505608,2,2,9.978968161202403,1,Fully Furnished,Ground,1,0,0,0,0,0,0,23439254.0
Pune,1057.1321996831227,4,4,5.825876848771218,0,Semi Furnished,Ground,2,0,0,1,1,0,1,12047481.0
Lucknow,1368.5915787369424,4,3,0.11464525386066897,2,Unfurnished,Mid,3,1,0,0,0,0,0,9408091.0
Bangalore,1522.4115659661425,2,2,8.239271805780083,1,Fully Furnished,Mid,2,0,0,0,0,0,1,19612525.0
Kolkata,1831.3391788430822,2,3,7.685307468850233,1,Unfurnished,Top,4,1,0,1,1,0,0,14534791.0
Pune,1045.7678312386115,3,3,8.243637304728136,2,Unfurnished,Ground,4,0,0,0,0,0,1,8993709.0
Bangalore,841.7151035563925,4,2,14.201017387792731,0,Fully Furnished,Ground,2,1,0,2,1,1,1,11927008.0
Lucknow,1836.9825758550248,4,2,5.348114599272715,2,Fully Furnished,Mid,5,1,1,0,0,0,0,15601538.0
Delhi,741.0254425266484,3,2,4.707997668226854,0,Fully Furnished,Top,2,1,0,1,1,1,0,12675077.0
Hyderabad,2142.489857381084,4,3,10.330793338784039,0,Unfurnished,Ground,3,0,0,2,0,1,0,18262433.0
Ahmedabad,1422.036951258546,2,2,13.459005382034785,1,Fully Furnished,Mid,3,0,1,1,0,1,0,12139242.0
Chennai,726.2344588627768,2,3,12.566644948553984,1,Semi Furnished,Mid,3,0,0,0,1,0,0,6686426.0
Jaipur,1259.7898902982529,3,2,32.01058654333318,1,Semi Furnished,Top,2,0,0,2,0,1,1,7864419.0
Ahmedabad,1689.5618165346186,4,1,21.9894208829441,0,Fully Furnished,Top,4,1,1,1,1,1,1,17540457.0
Pune,1233.6494562225112,3,1,0.8040166413635511,0,Semi Furnished,Ground,2,1,0,1,1,0,1,12800666.0
Pune,1510.0148744121736,5,1,12.433658739056632,1,Fully Furnished,Ground,3,0,0,2,0,0,1,15649466.0
Bangalore,1870.0391828526433,4,1,8.114484817685849,2,Unfurnished,Mid,4,1,0,0,0,0,0,20999027.0
Hyderabad,1398.9048323061902,3,2,6.718966488227828,1,Semi Furnished,Ground,4,0,0,1,1,1,1,13562469.0
Kolkata,1031.4711617669332,2,3,47.51415451981621,0,Semi Furnished,Top,3,0,0,1,0,0,1,6278125.0
Mumbai,1350.5080013140796,2,1,9.154049079662647,1,Semi Furnished,Ground,3,1,0,1,1,0,0,17155738.0
Bangalore,2207.42006822963,4,2,19.06424216179995,1,Semi Furnished,Ground,1,0,0,1,0,0,0,22689212.0
Mumbai,2342.532172666592,2,2,51.20829974509973,0,Semi Furnished,Ground,4,0,1,2,1,0,1,25325216.0
Chennai,490.0369130288624,1,1,2.4554437911647065,1,Unfurnished,Top,4,0,1,0,0,1,1,4556784.0
Lucknow,2045.5139545957386,4,2,0.8424654316977748,1,Semi Furnished,Ground,3,1,0,0,0,0,0,14568351.0
Bangalore,1625.073858017678,4,3,5.644863045716849,1,Fully Furnished,Ground,2,0,0,0,0,1,1,23818609.0
Chennai,1961.9913395600752,2,1,0.6819327997430435,1,Semi Furnished,Top,2,1,0,2,0,0,1,20512364.0
Jaipur,1224.755869866185,4,1,1.862453032230273,1,Fully Furnished,Top,1,1,0,0,1,1,1,12468985.0
Bangalore,615.868245249257,1,4,71.89025851858342,2,Fully Furnished,Ground,3,1,0,1,1,1,1,6317962.0
Hyderabad,1792.2443943237308,2,3,48.35037714221839,1,Unfurnished,Ground,4,0,0,1,1,1,0,10067961.0
Hyderabad,1029.5113693586416,3,2,17.63042350881501,1,Semi Furnished,Top,3,0,0,0,1,1,0,9221424.0
Pune,805.8537842575738,4,2,20.974714658374335,0,Unfurnished,Mid,3,1,0,1,0,0,0,6978937.0
Jaipur,840.7993087632668,1,3,2.270928551996473,1,Semi Furnished,Mid,5,0,0,0,0,0,1,5243227.0
Pune,1800.4568912076672,3,3,13.566750752005795,0,Semi Furnished,Top,3,0,0,2,0,0,1,17343867.0
Mumbai,1569.7262330145986,2,2,2.5158587396686345,0,Unfurnished,Mid,2,1,0,2,1,1,1,22503344.0
Ahmedabad,1891.233010937337,5,2,7.131543131757748,0,Unfurnished,Mid,3,1,0,1,1,0,1,14800579.0
Kolkata,1834.5376272481824,3,2,6.354704076780903,1,Fully Furnished,Top,3,0,0,1,1,1,1,20600579.0
Jaipur,1289.533217708117,3,1,14.27723223913099,1,Fully Furnished,Mid,5,1,0,0,1,0,0,8668712.0
Lucknow,1464.7632130612722,2,3,1.2457213071961566,1,Fully Furnished,Top,4,1,0,0,1,0,1,12049730.0
Kolkata,1244.2812356087302,3,2,1.6382201664787759,1,Unfurnished,Mid,4,0,0,1,1,0,0,9948602.0
Kolkata,1394.8361135672546,3,2,14.121510026829373,1,Semi Furnished,Ground,1,0,0,1,0,0,0,9605912.0
Delhi,1016.372631009467,4,3,15.163870454207665,0,Fully Furnished,Ground,2,0,0,1,1,1,1,13718236.0
Bangalore,1695.2421469371675,2,1,6.230059743845686,1,Unfurnished,Top,3,1,0,0,1,1,0,17949868.0
Lucknow,2037.560374490878,5,1,2.3826699264644655,0,Fully Furnished,Top,2,0,0,0,0,1,1,16529545.0
Jaipur,1091.6934850895068,3,3,32.583871381949216,1,Semi Furnished,Mid,3,0,0,1,0,0,1,6035886.0
Pune,2140.634822700671,2,2,0.8160317926717437,0,Unfurnished,Top,3,1,0,0,0,1,0,19912559.0
Mumbai,1556.7607482389708,3,3,18.954542697065826,1,Unfurnished,Mid,3,1,1,0,1,0,1,19861654.0
Bangalore,1620.5394882029066,3,1,2.2631233336532994,1,Semi Furnished,Top,3,1,1,1,1,1,1,26637506.0
Delhi,650.2852401962409,4,2,15.215745395206344,1,Unfurnished,Top,3,0,0,0,0,0,0,7503934.0
Mumbai,596.368845217133,3,2,16.344305671919173,0,Unfurnished,Top,4,0,1,0,1,1,0,8504267.0
Jaipur,1572.058181389841,3,3,24.46449264999023,1,Unfurnished,Ground,3,0,1,1,1,1,0,9463765.0
Ahmedabad,1894.8660623160038,2,2,7.538524201634374,1,Fully Furnished,Ground,4,0,0,0,0,0,1,14611154.0
Kolkata,1164.3097781775239,2,2,0.33056280611715994,0,Semi Furnished,Mid,4,0,0,0,0,1,1,9553814.0
Delhi,2335.046950291545,3,3,24.994043992363522,1,Fully Furnished,Top,2,0,0,0,1,0,1,31655517.125
Mumbai,1867.4679871271578,3,3,8.806639938406335,0,Semi Furnished,Top,4,0,0,2,0,1,0,27552421.0
Pune,1045.8293741460075,4,3,28.16856879251993,1,Unfurnished,Ground,2,1,0,0,0,0,1,8140372.0
Delhi,1515.4243335267536,2,2,22.440630605558233,0,Semi Furnished,Ground,3,0,0,2,0,0,1,14489983.0
Mumbai,2738.464566861706,2,2,10.34649815733719,0,Unfurnished,Ground,4,0,1,1,0,1,1,31655517.125
Delhi,878.7179986001472,3,3,80.0,0,Unfurnished,Mid,3,1,0,2,1,1,1,8963593.0
Pune,1764.1349694575526,4,3,9.3005441542775,1,Semi Furnished,Top,1,1,0,1,0,0,0,20929977.0
Pune,1338.627723638329,3,3,17.885833367376694,0,Unfurnished,Mid,3,0,0,0,1,1,0,11614327.0
Lucknow,1853.448145459256,3,3,16.62102474113385,2,Fully Furnished,Ground,4,1,1,1,1,0,1,15086093.0
Hyderabad,2133.636823159191,3,3,10.949243811663354,0,Semi Furnished,Ground,3,0,0,1,0,1,0,16628797.0
Kolkata,1306.8814556443162,2,1,13.204817776031044,0,Semi Furnished,Mid,4,0,0,1,0,1,1,9794004.0
Bangalore,2059.456135853587,3,3,24.037587060054992,1,Semi Furnished,Ground,4,0,0,1,0,1,1,19400516.0
Bangalore,2610.6016971359804,4,3,12.715933671949506,2,Unfurnished,Top,4,1,0,0,0,1,0,29450766.0
Jaipur,1533.1373686721174,5,3,8.971600246322563,2,Fully Furnished,Top,2,1,0,0,1,0,1,15689545.0
Chennai,1892.4443437470927,3,3,16.27430131553873,0,Semi Furnished,Top,3,0,0,2,1,1,1,18930887.0
Jaipur,1204.7796148983625,2,2,0.5423222192038009,0,Unfurnished,Ground,2,0,0,2,1,0,0,7494576.0
Chennai,1509.6296545156063,3,3,1.7344270167830622,1,Fully Furnished,Ground,3,0,0,0,1,0,0,16213837.0
Delhi,1411.6624536458787,4,1,2.010282042628665,0,Unfurnished,Mid,1,0,0,2,0,0,1,17216772.0
Chennai,1898.467962829298,2,2,8.3208179583131,1,Unfurnished,Ground,2,1,0,0,0,1,1,14968512.0
Hyderabad,2102.3379678784627,4,2,30.80955924385322,1,Fully Furnished,Ground,5,0,0,0,0,0,0,14661266.0
Hyderabad,1445.1725754412703,4,4,15.462675625488554,1,Unfurnished,Top,3,0,0,1,0,0,1,13263434.0
Kolkata,2266.8114228664617,3,3,53.96830352630863,2,Fully Furnished,Ground,2,0,1,1,0,0,0,17528370.0
Mumbai,2265.0237207808145,3,3,0.6114075928410295,0,Semi Furnished,Ground,3,0,0,2,1,0,0,31655517.125
Bangalore,1923.4268715899505,3,1,19.202392602454452,1,Semi Furnished,Top,3,0,0,1,1,1,1,20228115.0
Kolkata,1241.986734139136,3,2,5.65757264799217,1,Fully Furnished,Mid,3,1,1,1,0,0,0,13614377.0
Hyderabad,1194.0855916300486,1,3,0.3534123843636095,1,Unfurnished,Top,3,0,0,2,0,1,1,11007119.0
Mumbai,1093.8093226549806,2,1,26.22418119423453,1,Semi Furnished,Ground,3,1,1,1,0,0,0,12294852.0
Jaipur,1974.5830351190805,2,2,2.663477079328853,2,Fully Furnished,Ground,2,0,0,0,1,1,0,14924616.0
Bangalore,894.1158962553178,4,3,3.613406942039494,2,Fully Furnished,Mid,3,0,0,1,0,0,0,14056405.0
Lucknow,1838.4188270555037,3,1,6.243323094431068,1,Unfurnished,Mid,4,0,0,1,1,1,0,11235208.0
Bangalore,959.4453260879435,3,1,23.292824072894742,1,Unfurnished,Top,3,0,0,2,1,1,1,10386915.0
Delhi,1911.7730599209867,4,2,14.696070895549989,1,Semi Furnished,Top,4,0,0,0,1,1,1,26542964.0
Ahmedabad,1508.6097913652802,3,3,4.615438001910854,1,Semi Furnished,Mid,3,0,0,0,1,1,0,12085951.0
Bangalore,2166.8192809299135,3,3,2.7676673731941848,0,Semi Furnished,Top,2,1,1,0,1,1,0,31655517.125
Hyderabad,2070.7272891606353,3,4,1.740395192495585,1,Unfurnished,Top,1,0,0,2,0,1,0,20258234.0
Delhi,2217.532706001056,3,3,2.434547344084914,1,Semi Furnished,Ground,3,0,0,2,1,1,1,29219001.0
Pune,2230.409359144556,3,2,30.39080408966812,1,Fully Furnished,Mid,3,0,1,0,0,0,0,20108099.0
Chennai,1571.8154169940988,5,3,38.39769377138892,0,Fully Furnished,Top,2,0,0,1,1,0,1,15274552.0
Jaipur,920.6034667876977,4,2,51.61052598495871,1,Semi Furnished,Mid,3,0,0,1,1,1,1,5024060.0
Lucknow,973.7384725013108,1,2,27.00279271974018,1,Unfurnished,Mid,2,0,0,1,1,0,1,4421565.0
Jaipur,456.5757353420313,5,2,32.75741465327514,0,Semi Furnished,Ground,2,0,1,0,0,1,1,2703151.0
Pune,958.1670832859533,4,3,25.40073273233494,1,Fully Furnished,Mid,3,1,0,2,1,0,1,9845595.0
Ahmedabad,1534.4118288523246,2,3,47.57121566222037,1,Semi Furnished,Mid,4,0,1,1,1,0,0,10023161.0
Bangalore,1220.1729095874189,2,2,28.028079421698195,2,Fully Furnished,Mid,2,0,0,1,0,0,0,11926957.0
Kolkata,1409.9321977950744,3,2,9.298525548790955,0,Unfurnished,Mid,2,0,1,1,0,0,1,10702047.0
Delhi,1746.3577097307004,3,3,5.856895884320809,0,Fully Furnished,Mid,3,1,0,2,0,1,0,26800569.0
Lucknow,1347.967370967121,3,1,13.163692450254203,0,Semi Furnished,Ground,2,0,0,1,1,0,1,7539069.0
Pune,939.0855997937078,2,3,14.054418323452564,2,Unfurnished,Mid,2,1,0,0,1,1,0,8766396.0
Ahmedabad,1473.383166218284,3,2,12.831975680433905,1,Unfurnished,Ground,5,0,1,1,1,0,1,10248587.0
Jaipur,1050.7547566135775,2,2,18.399736829537158,1,Unfurnished,Ground,4,0,0,1,1,0,0,5628837.0
Pune,1364.6067515104685,2,2,18.008508094465743,0,Semi Furnished,Mid,3,0,0,0,0,0,0,10663037.0
Lucknow,2171.3884822115015,3,2,1.3684832748111981,1,Fully Furnished,Ground,1,1,1,1,0,0,1,17051453.0
Lucknow,1364.7473479519126,3,3,5.043055576881337,1,Semi Furnished,Top,2,1,0,1,0,0,1,10837762.0
Ahmedabad,2385.4787766738727,3,3,33.09007045137934,2,Fully Furnished,Ground,3,0,0,0,1,1,1,16459838.0
Jaipur,2215.817993468985,4,2,13.37525430885137,1,Unfurnished,Mid,3,0,0,2,0,0,0,15163234.0
Hyderabad,1210.3473457104783,2,3,5.974170664842345,2,Fully Furnished,Top,3,0,0,1,1,0,0,12900905.0
Lucknow,944.4381167921122,1,3,28.502734994673013,0,Unfurnished,Ground,2,0,0,2,1,0,0,3823718.0
Delhi,1473.7229190399032,2,2,4.296089018843616,1,Unfurnished,Mid,3,1,1,0,0,0,1,19548759.0
Delhi,2076.6638816984446,3,2,7.894162481481156,2,Unfurnished,Top,2,0,0,2,1,0,1,29542840.0
Chennai,1254.904546885656,3,3,4.849737646507874,1,Unfurnished,Mid,4,0,0,1,1,1,1,11377429.0
Jaipur,1954.0451491310696,3,1,30.759887217568842,2,Semi Furnished,Mid,3,0,0,1,1,1,1,10844757.0
Pune,2104.219994568044,3,2,19.54522687269493,2,Fully Furnished,Mid,2,0,0,1,0,0,1,22579911.0
Delhi,1112.987174818697,3,4,9.249061308218243,1,Semi Furnished,Top,4,1,0,1,1,0,0,16955220.0
Ahmedabad,1161.9744558557065,3,2,40.39022093439603,0,Unfurnished,Top,4,0,0,2,1,0,1,7247871.0
Pune,1856.3310160635033,3,2,39.351110390242596,1,Fully Furnished,Top,3,1,0,2,0,1,1,17758323.0
Jaipur,1575.9237748207852,3,2,18.647204138904822,1,Fully Furnished,Mid,3,0,0,1,0,0,0,11026875.0
Ahmedabad,1156.9692367281605,2,2,33.3834765330094,1,Fully Furnished,Top,2,0,0,1,0,1,0,7622594.0
Bangalore,1323.9097759402064,4,2,19.062008966751375,1,Semi Furnished,Ground,2,0,0,0,0,0,1,12797237.0
Mumbai,1464.7402236362905,3,2,14.841466850412056,2,Fully Furnished,Ground,3,0,0,0,0,0,1,23591397.0
Delhi,717.5727875222697,2,1,8.191171776932734,2,Fully Furnished,Mid,4,1,0,0,1,1,0,10994024.0
Delhi,1882.8215532413476,3,2,4.792127632640942,1,Fully Furnished,Top,3,1,0,0,0,0,1,31655517.125
Chennai,1260.6539055304045,5,2,0.9322384055709629,1,Fully Furnished,Mid,3,0,0,1,0,1,1,16150689.0
Hyderabad,400.0,1,1,24.206958871847004,1,Unfurnished,Mid,3,0,0,0,0,0,1,2303941.0
Chennai,1488.0645158452737,2,1,1.9544166580231885,1,Fully Furnished,Top,4,1,0,2,1,1,1,19559674.0
Jaipur,1129.2143705532462,3,1,7.923372759986584,2,Unfurnished,Mid,4,1,0,1,0,0,0,7778889.0
Chennai,2344.4110961513384,3,2,4.011021121803246,1,Fully Furnished,Top,2,0,0,2,1,0,0,28141773.0
Hyderabad,1207.277489540016,2,2,9.0942604427602,2,Fully Furnished,Mid,4,0,1,1,0,1,0,13262832.0
Hyderabad,951.1783182106946,4,2,5.674692428135391,1,Semi Furnished,Top,1,1,0,2,1,1,1,10471260.0
Lucknow,1753.966334981008,3,2,26.55236335849584,1,Semi Furnished,Mid,3,1,0,2,1,0,1,9703051.0
Lucknow,1169.7763159962083,4,2,57.372935446064844,1,Semi Furnished,Ground,4,1,0,1,1,1,1,6378869.0
Mumbai,1110.2718993738838,3,3,42.59497951917001,1,Fully Furnished,Ground,3,1,0,2,0,0,1,14099011.0
Ahmedabad,1754.750691412203,4,2,14.60760275429697,1,Unfurnished,Mid,3,0,0,0,0,1,1,11482214.0
Bangalore,979.7663460552169,3,1,58.14733873729546,1,Semi Furnished,Mid,2,0,0,0,1,1,1,8443266.0
Hyderabad,771.3631709002735,2,2,7.680461701276444,0,Semi Furnished,Ground,3,0,0,1,1,0,0,6769379.0
Bangalore,2362.9990010471683,4,4,11.08747236017677,1,Fully Furnished,Ground,5,0,0,1,1,0,1,31655517.125
Delhi,1789.7493688003224,2,4,4.45285716704314,0,Semi Furnished,Ground,2,0,0,0,0,1,1,21679552.0
Kolkata,1367.8953575028174,4,2,34.239168403875254,1,Fully Furnished,Mid,2,0,0,0,1,1,1,10273037.0
Mumbai,1498.261395149032,3,2,2.9714440695564632,2,Unfurnished,Ground,2,0,0,0,1,0,1,21595010.0
Jaipur,1752.932179058078,5,2,14.142888799077316,2,Fully Furnished,Mid,2,1,0,2,0,0,1,16619428.0
Pune,1986.6687248067103,3,2,24.10068335904247,1,Unfurnished,Top,3,0,0,1,0,0,1,16509287.0
Bangalore,1122.012354342494,4,2,13.572798854088491,0,Unfurnished,Mid,2,1,0,0,1,0,1,11345754.0
Chennai,1683.0732629828412,1,2,1.2307681408332534,1,Fully Furnished,Mid,3,1,0,2,0,1,0,19378934.0
Hyderabad,1246.6479118948807,3,2,14.179880764279075,1,Fully Furnished,Mid,3,0,1,1,0,0,0,11612032.0
Bangalore,1405.5093777436878,3,1,21.85585982438157,1,Unfurnished,Ground,3,0,0,1,1,0,0,11133060.0
Pune,1580.3464337324524,4,2,3.120650012728704,0,Semi Furnished,Mid,2,0,0,1,1,0,1,18333195.0
Hyderabad,1496.660713473664,2,3,20.031330119178346,0,Fully Furnished,Top,3,1,0,1,0,0,1,14295709.0
Jaipur,1867.7834491512858,3,1,31.62721190157919,1,Fully Furnished,Mid,3,1,0,1,1,0,1,10868820.0
Kolkata,1743.543279557797,3,3,64.52993767499062,0,Fully Furnished,Top,3,0,0,1,0,0,0,14163473.0
Chennai,745.9153953139112,2,2,7.915997913292795,0,Unfurnished,Mid,4,0,0,0,1,0,1,5996971.0
Bangalore,821.0883964672789,3,2,0.3822655212726108,2,Semi Furnished,Top,5,0,0,1,1,0,0,11073098.0
Lucknow,1315.1416576203535,4,3,8.147107568446597,1,Fully Furnished,Top,4,0,0,0,1,0,1,10986324.0
Mumbai,2414.3126312209124,3,2,16.192200061877255,0,Fully Furnished,Ground,4,0,1,0,1,1,1,31655517.125
Bangalore,1074.2040837491988,3,2,33.29642983001092,1,Semi Furnished,Top,1,1,0,2,0,1,1,12258868.0
Bangalore,1395.8886451936235,5,2,41.73493018750946,1,Unfurnished,Mid,3,1,0,1,1,1,0,12570504.0
Pune,1231.826986521739,1,1,36.04864807322748,0,Fully Furnished,Top,2,0,0,2,0,1,0,9736740.0
Pune,1222.97780795596,3,2,16.092403869352907,1,Fully Furnished,Top,4,1,0,1,0,0,0,13678763.0
Mumbai,1589.1198719525278,3,2,17.21025057508115,1,Unfurnished,Top,4,1,0,1,1,0,1,20741535.0
Bangalore,2200.3886380978256,4,1,0.03579979430696122,1,Fully Furnished,Ground,1,1,0,2,0,1,1,31655517.125
Ahmedabad,1727.9841999402945,3,2,6.782013474669261,0,Unfurnished,Mid,3,0,0,0,1,1,1,11411958.0
Jaipur,1098.2345192864539,3,1,35.60416696817718,1,Semi Furnished,Top,4,0,0,1,1,1,0,6564572.0
Pune,2858.437593116735,2,2,17.54925600298632,2,Semi Furnished,Mid,3,0,0,1,0,0,0,25099898.0
Pune,1539.286610480563,3,3,9.464442548837841,1,Unfurnished,Mid,3,0,0,0,0,1,1,15305490.0
Ahmedabad,1211.3895218089433,4,1,1.6514492810298138,2,Unfurnished,Top,1,0,0,0,1,1,0,11399454.0
Hyderabad,2206.048187338795,2,2,4.241744708043801,1,Unfurnished,Ground,3,1,0,1,0,1,1,18253647.0
Bangalore,1265.4646910280908,1,3,12.14260342062736,1,Semi Furnished,Ground,1,1,0,0,1,1,1,13337823.0
Mumbai,2331.4568274937214,4,2,34.168608710383936,0,Semi Furnished,Mid,3,0,0,0,0,1,0,26100990.0
Pune,1064.6786045166666,3,2,1.5107754014056924,1,Fully Furnished,Ground,4,0,0,0,1,1,1,12692204.0
Mumbai,2215.0151944606846,3,2,2.504203324608044,2,Unfurnished,Ground,3,0,0,0,1,0,1,31655517.125
Mumbai,1600.5238321408472,4,2,15.96338364258701,0,Unfurnished,Top,4,0,1,2,1,0,1,26825776.0
Jaipur,2145.526116351217,4,2,5.225282223831149,1,Fully Furnished,Ground,4,1,0,1,0,1,1,19569435.0
Lucknow,2450.882854350772,5,2,2.7895914624050446,0,Fully Furnished,Top,1,1,0,2,1,0,1,22148562.0
Pune,933.6963547393731,4,1,2.948180936621713,2,Semi Furnished,Ground,4,1,0,2,0,1,0,9872481.0
Chennai,2137.885910379161,3,1,10.177225478504496,1,Fully Furnished,Top,2,0,0,0,0,1,1,23964761.0
Hyderabad,795.5480477872976,4,3,13.146831577268653,2,Fully Furnished,Mid,2,1,0,2,0,1,1,9435198.0
Mumbai,976.4078223758859,3,2,35.20581011889706,0,Unfurnished,Mid,4,0,0,0,1,1,0,9422440.0
Pune,1098.2952701037816,4,3,11.319505503083342,2,Fully Furnished,Top,3,1,0,0,0,0,0,12713651.0
Hyderabad,1751.8183180889305,4,3,17.62949656900126,0,Unfurnished,Ground,2,0,0,0,0,0,1,11992091.0
Chennai,1516.5079384674298,2,1,2.9893172473383474,0,Unfurnished,Top,1,0,1,1,0,1,0,14936694.0
Pune,1416.431957918582,2,2,18.74817206714849,0,Unfurnished,Ground,2,1,1,0,0,0,1,11441681.0
Bangalore,1573.1176395111804,2,2,15.69144705499085,0,Fully Furnished,Ground,5,0,0,2,1,0,0,17002103.0
Mumbai,1795.6447946467365,4,2,3.653677623532318,0,Fully Furnished,Mid,2,1,1,0,1,0,1,31655517.125
Chennai,1834.1240619706764,4,3,16.60166898212275,1,Unfurnished,Mid,4,1,0,1,1,0,0,15727202.0
Bangalore,2047.0834178075656,3,1,3.564191744957043,1,Semi Furnished,Ground,2,0,1,0,0,0,0,23232500.0
Mumbai,2410.01740638372,3,2,13.505440455124472,2,Semi Furnished,Top,3,0,0,1,0,1,0,31655517.125
Delhi,1489.3188137792615,4,2,16.577744130374633,1,Unfurnished,Top,3,0,0,1,1,1,0,19240409.0
Kolkata,1239.455518934542,3,2,17.73075034059331,0,Semi Furnished,Ground,2,0,0,0,1,1,1,9398143.0
Ahmedabad,1806.768064592594,2,2,35.99744493956666,0,Fully Furnished,Top,1,0,0,1,0,1,1,12583026.0
Mumbai,927.8725918676898,3,2,44.30082979859966,1,Unfurnished,Mid,2,1,0,0,1,1,1,10293937.0
Chennai,1160.6479339441944,4,2,24.926604070103593,1,Fully Furnished,Ground,3,0,0,2,0,0,0,9429705.0
Chennai,1999.690473196395,4,2,31.64827781859598,1,Semi Furnished,Top,4,1,0,1,0,1,0,15847304.0
Kolkata,1437.9358125911479,3,2,0.2927719281076912,1,Semi Furnished,Ground,4,1,0,2,0,0,1,13115268.0
Pune,895.9037708209805,2,2,6.756971050404923,0,Fully Furnished,Ground,2,0,0,0,1,0,1,9546846.0
Ahmedabad,755.0984673174129,3,2,0.6079901470723338,1,Semi Furnished,Mid,4,1,1,0,0,0,0,6330142.0
Hyderabad,1524.3583396969036,4,2,3.8203909596345937,1,Semi Furnished,Top,2,0,0,0,1,1,0,16252830.0
Mumbai,2070.948268484005,3,2,7.212312620165854,1,Fully Furnished,Ground,4,1,0,2,0,0,0,31655517.125
Pune,2064.272888765593,3,2,30.32614025531819,0,Fully Furnished,Ground,4,1,0,0,0,0,1,16225667.0
Bangalore,1555.4402514464186,2,1,10.754041174782142,0,Fully Furnished,Top,5,0,0,1,0,0,1,19543803.0
Hyderabad,2504.454709548064,4,2,15.698599020910205,2,Fully Furnished,Top,3,1,0,0,0,1,0,28626937.0
Ahmedabad,1447.5898170297687,2,1,6.760442625181386,1,Semi Furnished,Top,3,1,0,1,1,1,1,12272221.0
Pune,1430.7161883012946,2,2,13.85410798406679,1,Fully Furnished,Top,3,1,1,0,0,0,1,19124528.0
Lucknow,400.0,4,2,25.35455491851336,1,Unfurnished,Ground,3,1,0,1,1,0,1,2122973.0
Hyderabad,1276.3185254193922,5,2,5.376748816552833,1,Semi Furnished,Top,5,1,0,0,1,0,0,14525960.0
Jaipur,1926.0075174542471,3,2,40.38044530529077,1,Semi Furnished,Ground,2,0,0,1,0,0,0,9204129.0
Jaipur,2281.980668429852,3,2,3.5988817928019894,0,Fully Furnished,Ground,5,0,0,0,1,0,1,18530478.0
Mumbai,1084.8826831663578,3,3,37.75549340823245,1,Semi Furnished,Top,4,0,0,0,1,1,1,13999426.0
Mumbai,1731.1261646465243,1,2,0.4305845699547693,1,Fully Furnished,Mid,3,0,0,0,0,0,1,26663275.0
Mumbai,2023.439516161644,2,1,11.737949597004931,1,Semi Furnished,Mid,1,0,0,1,1,0,1,23207285.0
Ahmedabad,1505.6040765979496,3,1,63.1694831710552,0,Fully Furnished,Mid,2,0,0,2,0,0,1,9379373.0
Lucknow,400.0,2,2,14.115620001918321,1,Semi Furnished,Ground,4,1,0,0,1,0,0,2270282.0
Pune,1623.6449997871262,4,2,12.140551285267568,1,Unfurnished,Ground,3,1,0,2,0,1,1,16410330.0
Bangalore,1880.7153120304465,2,1,17.20775631047996,0,Fully Furnished,Mid,5,0,1,1,1,1,1,23774200.0
Delhi,1026.2885524907706,3,2,5.122620629736629,1,Fully Furnished,Top,2,1,1,1,0,1,1,20364798.0
Chennai,1372.9227345628065,3,3,0.8313483053905926,1,Unfurnished,Ground,4,0,0,1,1,0,1,13272484.0
Bangalore,922.2519789356179,3,1,4.336531186399209,2,Fully Furnished,Top,4,0,0,1,0,1,0,13353785.0
Pune,400.0,3,3,2.9082713130523534,1,Semi Furnished,Ground,5,1,0,0,0,0,0,4128999.0
Lucknow,2013.5022058938282,4,3,38.570550059841125,0,Semi Furnished,Mid,2,1,1,2,1,0,1,13765449.0
Ahmedabad,1498.1257330990743,3,3,28.684725574146693,2,Semi Furnished,Mid,3,1,0,0,0,0,0,9805773.0
Hyderabad,2298.8374983524914,3,3,5.734592753114474,0,Unfurnished,Top,1,1,0,0,0,1,1,21113683.0
Bangalore,1928.6610959530885,3,1,27.124673097395412,1,Unfurnished,Top,3,0,1,2,0,1,1,19647996.0
Hyderabad,1322.8951191672754,2,2,3.569150872059919,0,Semi Furnished,Ground,3,1,0,1,1,1,1,12018321.0
Delhi,1458.4096699477957,3,1,3.3392663500187556,1,Unfurnished,Ground,2,0,0,0,0,0,0,15896655.0
Pune,1783.0886953850863,3,1,21.88526172286855,2,Fully Furnished,Ground,2,1,0,2,1,0,1,17558505.0
Lucknow,1983.4417083778717,4,2,5.938602794534653,1,Unfurnished,Ground,3,0,0,1,0,1,1,11916920.0
Pune,1661.3353153710057,4,3,1.0048049739842912,1,Fully Furnished,Top,2,1,0,0,0,1,1,24931920.0
Chennai,2052.796572644742,2,2,19.093766275909072,2,Semi Furnished,Mid,3,1,0,1,0,0,1,17444453.0
Ahmedabad,1351.6656316627643,2,2,68.4912327423921,0,Semi Furnished,Top,3,0,0,2,1,0,0,8290930.0
Chennai,1001.4282266071568,2,3,12.519890968123972,1,Semi Furnished,Top,3,0,0,0,0,1,0,9308017.0
Pune,1467.5953732194348,5,1,4.591103973845791,2,Unfurnished,Mid,2,0,0,0,1,1,0,15087602.0
Chennai,1602.5924453680918,1,2,6.9998751128378975,1,Semi Furnished,Top,3,1,0,0,1,1,1,16558677.0
Kolkata,899.2323026303566,3,2,15.689567175663143,1,Unfurnished,Top,1,1,0,0,0,1,1,6566492.0
Pune,831.6389579266889,3,3,18.12873177230025,1,Semi Furnished,Ground,2,0,0,0,1,1,1,7078053.0
Lucknow,1723.6931482367138,3,2,32.617129817572646,1,Fully Furnished,Top,3,1,0,1,1,0,1,12728613.0
Bangalore,1296.8215743147882,2,2,35.92632467270419,0,Unfurnished,Top,3,1,0,2,0,0,0,10870368.0
Lucknow,1417.079547168999,2,1,29.62930561748971,0,Fully Furnished,Top,2,0,0,0,1,0,1,7026062.0
Kolkata,1320.1536671495883,3,3,15.68279630439186,1,Fully Furnished,Top,2,0,0,1,0,1,0,12932804.0
